timestamp,service,endpoint,response_time_ms,status_code
2025-11-01 00:00:00,catalog,/details,306,200
2025-11-01 00:00:10,orders,/details,120,200
2025-11-01 00:00:20,orders,/details,234,200
2025-11-01 00:00:30,orders,/items,238,200
2025-11-01 00:00:40,payments,/login,489,500
2025-11-01 00:00:50,orders,/send-email,289,200
2025-11-01 00:01:00,auth,/items,81,500
2025-11-01 00:01:10,catalog,/items,281,200
2025-11-01 00:01:20,orders,/details,281,200
2025-11-01 00:01:30,payments,/details,255,200
2025-11-01 00:01:40,auth,/items,397,200
2025-11-01 00:01:50,catalog,/items,126,200
2025-11-01 00:02:00,auth,/details,44,200
2025-11-01 00:02:10,notifications,/checkout,246,200
2025-11-01 00:02:20,notifications,/items,241,200
2025-11-01 00:02:30,payments,/checkout,134,200
2025-11-01 00:02:40,orders,/items,315,200
2025-11-01 00:02:50,auth,/login,375,200
2025-11-01 00:03:00,auth,/send-email,285,200
2025-11-01 00:03:10,payments,/details,321,200
2025-11-01 00:03:20,notifications,/items,248,200
2025-11-01 00:03:30,auth,/checkout,180,200
2025-11-01 00:03:40,notifications,/login,201,200
2025-11-01 00:03:50,orders,/login,265,200
2025-11-01 00:04:00,catalog,/details,239,200
2025-11-01 00:04:10,orders,/login,275,200
2025-11-01 00:04:20,orders,/items,120,200
2025-11-01 00:04:30,payments,/login,229,200
2025-11-01 00:04:40,payments,/checkout,345,200
2025-11-01 00:04:50,catalog,/login,319,200
2025-11-01 00:05:00,payments,/details,111,200
2025-11-01 00:05:10,notifications,/login,373,200
2025-11-01 00:05:20,auth,/send-email,225,200
2025-11-01 00:05:30,payments,/login,253,200
2025-11-01 00:05:40,auth,/checkout,318,200
2025-11-01 00:05:50,catalog,/send-email,162,200
2025-11-01 00:06:00,notifications,/login,269,200
2025-11-01 00:06:10,catalog,/items,230,200
2025-11-01 00:06:20,auth,/send-email,325,500
2025-11-01 00:06:30,payments,/checkout,187,200
2025-11-01 00:06:40,orders,/details,245,200
2025-11-01 00:06:50,auth,/details,354,200
2025-11-01 00:07:00,auth,/login,104,200
2025-11-01 00:07:10,auth,/items,301,200
2025-11-01 00:07:20,payments,/send-email,330,200
2025-11-01 00:07:30,orders,/login,378,200
2025-11-01 00:07:40,auth,/send-email,220,500
2025-11-01 00:07:50,orders,/login,292,200
2025-11-01 00:08:00,notifications,/checkout,239,200
2025-11-01 00:08:10,orders,/details,324,200
2025-11-01 00:08:20,orders,/send-email,128,200
2025-11-01 00:08:30,auth,/checkout,206,200
2025-11-01 00:08:40,payments,/items,272,200
2025-11-01 00:08:50,payments,/items,205,200
2025-11-01 00:09:00,orders,/details,342,200
2025-11-01 00:09:10,payments,/login,219,200
2025-11-01 00:09:20,notifications,/details,311,200
2025-11-01 00:09:30,orders,/items,257,200
2025-11-01 00:09:40,payments,/items,265,200
2025-11-01 00:09:50,notifications,/login,326,200
2025-11-01 00:10:00,catalog,/send-email,405,200
2025-11-01 00:10:10,orders,/login,307,200
2025-11-01 00:10:20,auth,/checkout,248,200
2025-11-01 00:10:30,catalog,/checkout,162,200
2025-11-01 00:10:40,notifications,/details,238,200
2025-11-01 00:10:50,catalog,/login,215,200
2025-11-01 00:11:00,orders,/login,251,200
2025-11-01 00:11:10,orders,/details,244,200
2025-11-01 00:11:20,notifications,/details,22,200
2025-11-01 00:11:30,catalog,/details,90,200
2025-11-01 00:11:40,notifications,/details,292,200
2025-11-01 00:11:50,orders,/items,220,200
2025-11-01 00:12:00,auth,/items,233,200
2025-11-01 00:12:10,auth,/checkout,144,200
2025-11-01 00:12:20,payments,/send-email,441,200
2025-11-01 00:12:30,catalog,/checkout,226,200
2025-11-01 00:12:40,payments,/checkout,177,200
2025-11-01 00:12:50,catalog,/details,257,200
2025-11-01 00:13:00,orders,/details,392,200
2025-11-01 00:13:10,payments,/checkout,148,200
2025-11-01 00:13:20,auth,/details,205,200
2025-11-01 00:13:30,orders,/details,267,200
2025-11-01 00:13:40,orders,/details,404,200
2025-11-01 00:13:50,payments,/details,292,200
2025-11-01 00:14:00,orders,/items,148,200
2025-11-01 00:14:10,orders,/login,315,200
2025-11-01 00:14:20,auth,/send-email,118,200
2025-11-01 00:14:30,catalog,/checkout,239,200
2025-11-01 00:14:40,payments,/login,265,200
2025-11-01 00:14:50,auth,/send-email,208,200
2025-11-01 00:15:00,orders,/login,250,200
2025-11-01 00:15:10,auth,/items,329,500
2025-11-01 00:15:20,notifications,/login,246,200
2025-11-01 00:15:30,auth,/items,272,200
2025-11-01 00:15:40,orders,/details,189,200
2025-11-01 00:15:50,notifications,/items,310,200
2025-11-01 00:16:00,orders,/login,275,200
2025-11-01 00:16:10,orders,/details,210,200
2025-11-01 00:16:20,catalog,/items,194,200
2025-11-01 00:16:30,catalog,/items,196,200
2025-11-01 00:16:40,auth,/login,172,200
2025-11-01 00:16:50,auth,/items,110,200
2025-11-01 00:17:00,payments,/send-email,206,200
2025-11-01 00:17:10,notifications,/details,376,200
2025-11-01 00:17:20,orders,/items,260,200
2025-11-01 00:17:30,auth,/login,314,200
2025-11-01 00:17:40,payments,/send-email,269,200
2025-11-01 00:17:50,auth,/details,407,200
2025-11-01 00:18:00,auth,/items,241,200
2025-11-01 00:18:10,payments,/login,94,200
2025-11-01 00:18:20,payments,/send-email,274,200
2025-11-01 00:18:30,catalog,/items,246,200
2025-11-01 00:18:40,catalog,/details,343,200
2025-11-01 00:18:50,payments,/details,197,200
2025-11-01 00:19:00,payments,/send-email,276,200
2025-11-01 00:19:10,catalog,/items,269,500
2025-11-01 00:19:20,payments,/send-email,230,200
2025-11-01 00:19:30,auth,/checkout,254,200
2025-11-01 00:19:40,orders,/details,50,200
2025-11-01 00:19:50,payments,/details,286,200
2025-11-01 00:20:00,catalog,/items,224,200
2025-11-01 00:20:10,orders,/login,348,200
2025-11-01 00:20:20,catalog,/items,224,200
2025-11-01 00:20:30,auth,/items,229,200
2025-11-01 00:20:40,orders,/details,295,200
2025-11-01 00:20:50,payments,/items,214,200
2025-11-01 00:21:00,catalog,/login,335,200
2025-11-01 00:21:10,catalog,/send-email,267,200
2025-11-01 00:21:20,auth,/details,269,200
2025-11-01 00:21:30,auth,/details,266,200
2025-11-01 00:21:40,auth,/send-email,1145,200
2025-11-01 00:21:50,orders,/login,323,200
2025-11-01 00:22:00,notifications,/checkout,246,500
2025-11-01 00:22:10,catalog,/send-email,312,200
2025-11-01 00:22:20,notifications,/checkout,217,200
2025-11-01 00:22:30,notifications,/login,327,200
2025-11-01 00:22:40,notifications,/checkout,211,200
2025-11-01 00:22:50,orders,/login,119,200
2025-11-01 00:23:00,catalog,/details,207,200
2025-11-01 00:23:10,payments,/send-email,345,200
2025-11-01 00:23:20,payments,/login,167,200
2025-11-01 00:23:30,orders,/checkout,265,200
2025-11-01 00:23:40,notifications,/send-email,429,200
2025-11-01 00:23:50,catalog,/login,160,200
2025-11-01 00:24:00,catalog,/items,215,200
2025-11-01 00:24:10,auth,/login,323,200
2025-11-01 00:24:20,auth,/items,254,200
2025-11-01 00:24:30,orders,/send-email,186,200
2025-11-01 00:24:40,payments,/send-email,199,200
2025-11-01 00:24:50,catalog,/checkout,134,200
2025-11-01 00:25:00,catalog,/checkout,377,200
2025-11-01 00:25:10,auth,/items,294,200
2025-11-01 00:25:20,notifications,/items,160,200
2025-11-01 00:25:30,payments,/checkout,221,200
2025-11-01 00:25:40,orders,/items,253,200
2025-11-01 00:25:50,orders,/details,139,200
2025-11-01 00:26:00,orders,/checkout,226,200
2025-11-01 00:26:10,payments,/details,173,200
2025-11-01 00:26:20,notifications,/details,247,200
2025-11-01 00:26:30,notifications,/items,300,200
2025-11-01 00:26:40,catalog,/send-email,244,200
2025-11-01 00:26:50,notifications,/items,271,200
2025-11-01 00:27:00,auth,/login,273,200
2025-11-01 00:27:10,catalog,/login,287,200
2025-11-01 00:27:20,payments,/login,297,200
2025-11-01 00:27:30,notifications,/login,235,200
2025-11-01 00:27:40,catalog,/details,72,200
2025-11-01 00:27:50,catalog,/details,254,200
2025-11-01 00:28:00,payments,/details,286,200
2025-11-01 00:28:10,catalog,/send-email,235,200
2025-11-01 00:28:20,notifications,/login,224,200
2025-11-01 00:28:30,payments,/send-email,230,200
2025-11-01 00:28:40,auth,/send-email,235,200
2025-11-01 00:28:50,auth,/checkout,278,200
2025-11-01 00:29:00,notifications,/checkout,256,200
2025-11-01 00:29:10,catalog,/details,367,200
2025-11-01 00:29:20,auth,/items,329,200
2025-11-01 00:29:30,notifications,/login,220,200
2025-11-01 00:29:40,auth,/details,335,200
2025-11-01 00:29:50,catalog,/send-email,343,200
2025-11-01 00:30:00,auth,/items,212,200
2025-11-01 00:30:10,payments,/send-email,290,200
2025-11-01 00:30:20,catalog,/details,101,200
2025-11-01 00:30:30,orders,/checkout,263,200
2025-11-01 00:30:40,orders,/send-email,310,200
2025-11-01 00:30:50,orders,/send-email,223,200
2025-11-01 00:31:00,notifications,/login,219,200
2025-11-01 00:31:10,auth,/checkout,221,200
2025-11-01 00:31:20,auth,/items,262,200
2025-11-01 00:31:30,notifications,/checkout,225,200
2025-11-01 00:31:40,payments,/items,253,200
2025-11-01 00:31:50,orders,/details,238,200
2025-11-01 00:32:00,orders,/login,187,200
2025-11-01 00:32:10,auth,/send-email,280,200
2025-11-01 00:32:20,orders,/send-email,251,200
2025-11-01 00:32:30,notifications,/items,363,200
2025-11-01 00:32:40,catalog,/login,185,200
2025-11-01 00:32:50,notifications,/details,185,200
2025-11-01 00:33:00,payments,/details,241,200
2025-11-01 00:33:10,auth,/send-email,283,200
2025-11-01 00:33:20,payments,/details,232,200
2025-11-01 00:33:30,notifications,/items,215,200
2025-11-01 00:33:40,payments,/send-email,374,200
2025-11-01 00:33:50,catalog,/checkout,153,200
2025-11-01 00:34:00,payments,/send-email,247,200
2025-11-01 00:34:10,catalog,/details,306,200
2025-11-01 00:34:20,orders,/login,197,200
2025-11-01 00:34:30,auth,/checkout,135,200
2025-11-01 00:34:40,notifications,/send-email,113,200
2025-11-01 00:34:50,orders,/send-email,283,200
2025-11-01 00:35:00,auth,/login,169,200
2025-11-01 00:35:10,auth,/details,360,200
2025-11-01 00:35:20,auth,/send-email,337,200
2025-11-01 00:35:30,orders,/login,162,200
2025-11-01 00:35:40,notifications,/items,201,200
2025-11-01 00:35:50,catalog,/details,192,200
2025-11-01 00:36:00,payments,/items,278,200
2025-11-01 00:36:10,orders,/login,260,500
2025-11-01 00:36:20,auth,/checkout,298,200
2025-11-01 00:36:30,payments,/checkout,150,200
2025-11-01 00:36:40,catalog,/items,147,200
2025-11-01 00:36:50,orders,/send-email,272,200
2025-11-01 00:37:00,catalog,/details,490,200
2025-11-01 00:37:10,notifications,/send-email,177,200
2025-11-01 00:37:20,orders,/details,1715,200
2025-11-01 00:37:30,auth,/checkout,164,200
2025-11-01 00:37:40,payments,/details,232,200
2025-11-01 00:37:50,orders,/items,236,200
2025-11-01 00:38:00,orders,/send-email,260,500
2025-11-01 00:38:10,orders,/login,112,200
2025-11-01 00:38:20,orders,/items,279,200
2025-11-01 00:38:30,auth,/details,10,200
2025-11-01 00:38:40,notifications,/checkout,303,200
2025-11-01 00:38:50,orders,/login,311,200
2025-11-01 00:39:00,payments,/items,256,200
2025-11-01 00:39:10,orders,/details,215,200
2025-11-01 00:39:20,catalog,/send-email,285,200
2025-11-01 00:39:30,auth,/items,199,200
2025-11-01 00:39:40,payments,/details,236,200
2025-11-01 00:39:50,catalog,/login,247,200
2025-11-01 00:40:00,notifications,/details,213,200
2025-11-01 00:40:10,payments,/send-email,224,200
2025-11-01 00:40:20,auth,/send-email,298,200
2025-11-01 00:40:30,orders,/items,241,200
2025-11-01 00:40:40,auth,/checkout,218,200
2025-11-01 00:40:50,notifications,/items,134,200
2025-11-01 00:41:00,catalog,/items,203,200
2025-11-01 00:41:10,notifications,/checkout,186,200
2025-11-01 00:41:20,auth,/checkout,144,200
2025-11-01 00:41:30,orders,/details,148,500
2025-11-01 00:41:40,orders,/send-email,184,200
2025-11-01 00:41:50,orders,/send-email,216,200
2025-11-01 00:42:00,orders,/checkout,314,200
2025-11-01 00:42:10,auth,/login,322,500
2025-11-01 00:42:20,auth,/details,303,200
2025-11-01 00:42:30,catalog,/login,292,200
2025-11-01 00:42:40,auth,/login,373,200
2025-11-01 00:42:50,catalog,/checkout,245,200
2025-11-01 00:43:00,auth,/items,235,200
2025-11-01 00:43:10,auth,/send-email,313,200
2025-11-01 00:43:20,payments,/details,287,200
2025-11-01 00:43:30,payments,/send-email,325,200
2025-11-01 00:43:40,auth,/login,262,200
2025-11-01 00:43:50,auth,/login,319,200
2025-11-01 00:44:00,payments,/send-email,175,500
2025-11-01 00:44:10,notifications,/send-email,175,200
2025-11-01 00:44:20,payments,/details,284,200
2025-11-01 00:44:30,payments,/send-email,166,200
2025-11-01 00:44:40,auth,/items,421,200
2025-11-01 00:44:50,catalog,/checkout,221,200
2025-11-01 00:45:00,payments,/items,181,200
2025-11-01 00:45:10,catalog,/items,268,200
2025-11-01 00:45:20,notifications,/login,328,200
2025-11-01 00:45:30,payments,/checkout,412,200
2025-11-01 00:45:40,catalog,/details,432,200
2025-11-01 00:45:50,auth,/send-email,373,200
2025-11-01 00:46:00,auth,/login,133,200
2025-11-01 00:46:10,notifications,/items,141,200
2025-11-01 00:46:20,auth,/send-email,316,200
2025-11-01 00:46:30,notifications,/details,197,200
2025-11-01 00:46:40,catalog,/checkout,217,200
2025-11-01 00:46:50,payments,/items,337,200
2025-11-01 00:47:00,orders,/details,1090,200
2025-11-01 00:47:10,payments,/items,125,200
2025-11-01 00:47:20,auth,/checkout,262,200
2025-11-01 00:47:30,payments,/send-email,85,200
2025-11-01 00:47:40,payments,/details,269,200
2025-11-01 00:47:50,auth,/items,302,200
2025-11-01 00:48:00,orders,/details,232,200
2025-11-01 00:48:10,catalog,/login,279,200
2025-11-01 00:48:20,auth,/checkout,366,200
2025-11-01 00:48:30,auth,/checkout,323,200
2025-11-01 00:48:40,orders,/details,282,200
2025-11-01 00:48:50,catalog,/items,129,200
2025-11-01 00:49:00,catalog,/items,385,200
2025-11-01 00:49:10,notifications,/details,173,200
2025-11-01 00:49:20,notifications,/login,300,200
2025-11-01 00:49:30,notifications,/login,296,200
2025-11-01 00:49:40,notifications,/login,169,200
2025-11-01 00:49:50,auth,/send-email,319,200
2025-11-01 00:50:00,payments,/details,339,200
2025-11-01 00:50:10,catalog,/login,390,200
2025-11-01 00:50:20,catalog,/items,151,200
2025-11-01 00:50:30,catalog,/login,90,500
2025-11-01 00:50:40,notifications,/send-email,59,200
2025-11-01 00:50:50,payments,/items,195,200
2025-11-01 00:51:00,payments,/items,305,200
2025-11-01 00:51:10,catalog,/login,282,200
2025-11-01 00:51:20,orders,/checkout,322,200
2025-11-01 00:51:30,auth,/details,415,200
2025-11-01 00:51:40,auth,/checkout,351,200
2025-11-01 00:51:50,catalog,/items,122,200
2025-11-01 00:52:00,payments,/items,332,200
2025-11-01 00:52:10,auth,/login,383,200
2025-11-01 00:52:20,notifications,/items,259,200
2025-11-01 00:52:30,payments,/checkout,202,200
2025-11-01 00:52:40,notifications,/items,315,200
2025-11-01 00:52:50,catalog,/send-email,220,200
2025-11-01 00:53:00,payments,/items,271,200
2025-11-01 00:53:10,catalog,/send-email,277,200
2025-11-01 00:53:20,orders,/items,292,200
2025-11-01 00:53:30,payments,/login,75,200
2025-11-01 00:53:40,notifications,/details,321,200
2025-11-01 00:53:50,notifications,/login,318,200
2025-11-01 00:54:00,notifications,/login,273,200
2025-11-01 00:54:10,catalog,/items,234,200
2025-11-01 00:54:20,payments,/items,240,500
2025-11-01 00:54:30,orders,/details,205,200
2025-11-01 00:54:40,payments,/send-email,200,200
2025-11-01 00:54:50,payments,/checkout,308,200
2025-11-01 00:55:00,catalog,/checkout,305,200
2025-11-01 00:55:10,notifications,/send-email,228,200
2025-11-01 00:55:20,catalog,/send-email,290,200
2025-11-01 00:55:30,catalog,/login,283,200
2025-11-01 00:55:40,payments,/send-email,305,200
2025-11-01 00:55:50,auth,/login,356,200
2025-11-01 00:56:00,orders,/items,256,200
2025-11-01 00:56:10,notifications,/details,188,200
2025-11-01 00:56:20,orders,/login,91,200
2025-11-01 00:56:30,notifications,/login,416,200
2025-11-01 00:56:40,auth,/login,285,200
2025-11-01 00:56:50,notifications,/login,172,200
2025-11-01 00:57:00,auth,/details,186,200
2025-11-01 00:57:10,catalog,/details,190,200
2025-11-01 00:57:20,catalog,/send-email,291,200
2025-11-01 00:57:30,auth,/items,236,200
2025-11-01 00:57:40,orders,/details,194,200
2025-11-01 00:57:50,auth,/login,275,200
2025-11-01 00:58:00,catalog,/checkout,220,200
2025-11-01 00:58:10,orders,/details,309,200
2025-11-01 00:58:20,notifications,/details,116,200
2025-11-01 00:58:30,auth,/send-email,238,200
2025-11-01 00:58:40,payments,/details,187,200
2025-11-01 00:58:50,orders,/login,257,200
2025-11-01 00:59:00,catalog,/details,292,200
2025-11-01 00:59:10,catalog,/login,432,200
2025-11-01 00:59:20,orders,/login,94,200
2025-11-01 00:59:30,catalog,/details,223,200
2025-11-01 00:59:40,auth,/items,201,200
2025-11-01 00:59:50,payments,/send-email,231,200
2025-11-01 01:00:00,auth,/items,128,200
2025-11-01 01:00:10,notifications,/send-email,358,200
2025-11-01 01:00:20,catalog,/login,800,200
2025-11-01 01:00:30,catalog,/checkout,262,200
2025-11-01 01:00:40,payments,/send-email,199,200
2025-11-01 01:00:50,orders,/checkout,235,200
2025-11-01 01:01:00,notifications,/login,369,200
2025-11-01 01:01:10,notifications,/items,73,200
2025-11-01 01:01:20,orders,/send-email,182,200
2025-11-01 01:01:30,auth,/login,183,200
2025-11-01 01:01:40,catalog,/send-email,257,200
2025-11-01 01:01:50,auth,/login,211,200
2025-11-01 01:02:00,payments,/login,258,200
2025-11-01 01:02:10,notifications,/send-email,257,200
2025-11-01 01:02:20,catalog,/login,238,200
2025-11-01 01:02:30,payments,/login,204,200
2025-11-01 01:02:40,catalog,/details,178,200
2025-11-01 01:02:50,payments,/details,206,200
2025-11-01 01:03:00,catalog,/login,291,200
2025-11-01 01:03:10,catalog,/send-email,237,200
2025-11-01 01:03:20,catalog,/login,280,200
2025-11-01 01:03:30,notifications,/checkout,320,200
2025-11-01 01:03:40,catalog,/checkout,172,200
2025-11-01 01:03:50,auth,/login,279,200
2025-11-01 01:04:00,payments,/send-email,345,200
2025-11-01 01:04:10,notifications,/send-email,171,200
2025-11-01 01:04:20,orders,/items,288,200
2025-11-01 01:04:30,catalog,/items,275,200
2025-11-01 01:04:40,orders,/checkout,314,200
2025-11-01 01:04:50,catalog,/send-email,179,200
2025-11-01 01:05:00,payments,/checkout,355,200
2025-11-01 01:05:10,auth,/checkout,250,200
2025-11-01 01:05:20,payments,/checkout,440,200
2025-11-01 01:05:30,catalog,/details,239,200
2025-11-01 01:05:40,catalog,/send-email,312,200
2025-11-01 01:05:50,catalog,/send-email,291,200
2025-11-01 01:06:00,catalog,/items,352,200
2025-11-01 01:06:10,catalog,/login,253,200
2025-11-01 01:06:20,catalog,/login,225,200
2025-11-01 01:06:30,notifications,/items,236,200
2025-11-01 01:06:40,catalog,/checkout,149,200
2025-11-01 01:06:50,notifications,/items,77,200
2025-11-01 01:07:00,payments,/login,286,200
2025-11-01 01:07:10,catalog,/items,249,200
2025-11-01 01:07:20,auth,/details,189,200
2025-11-01 01:07:30,orders,/login,156,200
2025-11-01 01:07:40,orders,/login,259,200
2025-11-01 01:07:50,payments,/send-email,283,200
2025-11-01 01:08:00,catalog,/send-email,245,200
2025-11-01 01:08:10,catalog,/checkout,192,200
2025-11-01 01:08:20,payments,/details,200,200
2025-11-01 01:08:30,orders,/details,124,200
2025-11-01 01:08:40,catalog,/login,176,200
2025-11-01 01:08:50,notifications,/items,332,200
2025-11-01 01:09:00,catalog,/items,242,200
2025-11-01 01:09:10,payments,/login,264,200
2025-11-01 01:09:20,payments,/details,101,200
2025-11-01 01:09:30,notifications,/details,127,200
2025-11-01 01:09:40,notifications,/checkout,129,200
2025-11-01 01:09:50,notifications,/details,212,200
2025-11-01 01:10:00,notifications,/login,1475,200
2025-11-01 01:10:10,payments,/login,251,200
2025-11-01 01:10:20,notifications,/login,339,200
2025-11-01 01:10:30,catalog,/login,127,200
2025-11-01 01:10:40,payments,/items,220,200
2025-11-01 01:10:50,orders,/details,322,200
2025-11-01 01:11:00,payments,/send-email,347,200
2025-11-01 01:11:10,payments,/checkout,207,200
2025-11-01 01:11:20,notifications,/send-email,248,200
2025-11-01 01:11:30,payments,/items,267,200
2025-11-01 01:11:40,payments,/details,244,200
2025-11-01 01:11:50,catalog,/login,308,200
2025-11-01 01:12:00,notifications,/login,360,200
2025-11-01 01:12:10,notifications,/items,245,200
2025-11-01 01:12:20,auth,/login,192,200
2025-11-01 01:12:30,orders,/details,268,200
2025-11-01 01:12:40,notifications,/checkout,318,200
2025-11-01 01:12:50,orders,/checkout,334,200
2025-11-01 01:13:00,catalog,/checkout,1865,200
2025-11-01 01:13:10,auth,/details,242,200
2025-11-01 01:13:20,notifications,/items,143,200
2025-11-01 01:13:30,notifications,/items,245,200
2025-11-01 01:13:40,orders,/login,297,200
2025-11-01 01:13:50,payments,/details,316,200
2025-11-01 01:14:00,orders,/items,199,200
2025-11-01 01:14:10,orders,/login,436,200
2025-11-01 01:14:20,catalog,/checkout,254,200
2025-11-01 01:14:30,notifications,/items,277,200
2025-11-01 01:14:40,orders,/checkout,344,200
2025-11-01 01:14:50,payments,/checkout,224,200
2025-11-01 01:15:00,orders,/checkout,348,200
2025-11-01 01:15:10,payments,/details,1440,200
2025-11-01 01:15:20,notifications,/details,279,200
2025-11-01 01:15:30,payments,/checkout,235,200
2025-11-01 01:15:40,catalog,/items,266,200
2025-11-01 01:15:50,payments,/send-email,279,200
2025-11-01 01:16:00,notifications,/items,194,200
2025-11-01 01:16:10,auth,/details,249,200
2025-11-01 01:16:20,catalog,/checkout,127,200
2025-11-01 01:16:30,auth,/login,247,200
2025-11-01 01:16:40,auth,/checkout,257,200
2025-11-01 01:16:50,catalog,/checkout,715,200
2025-11-01 01:17:00,auth,/details,333,200
2025-11-01 01:17:10,catalog,/items,416,200
2025-11-01 01:17:20,notifications,/details,222,200
2025-11-01 01:17:30,auth,/checkout,294,200
2025-11-01 01:17:40,orders,/details,214,200
2025-11-01 01:17:50,catalog,/items,311,200
2025-11-01 01:18:00,payments,/details,339,200
2025-11-01 01:18:10,payments,/send-email,214,200
2025-11-01 01:18:20,notifications,/items,225,200
2025-11-01 01:18:30,orders,/checkout,251,200
2025-11-01 01:18:40,catalog,/details,167,200
2025-11-01 01:18:50,payments,/details,234,200
2025-11-01 01:19:00,payments,/send-email,243,200
2025-11-01 01:19:10,orders,/send-email,275,200
2025-11-01 01:19:20,catalog,/items,375,200
2025-11-01 01:19:30,orders,/login,396,200
2025-11-01 01:19:40,orders,/login,60,200
2025-11-01 01:19:50,auth,/login,204,200
2025-11-01 01:20:00,auth,/send-email,342,200
2025-11-01 01:20:10,payments,/checkout,286,200
2025-11-01 01:20:20,notifications,/items,234,200
2025-11-01 01:20:30,payments,/checkout,255,200
2025-11-01 01:20:40,auth,/login,200,200
2025-11-01 01:20:50,auth,/login,328,200
2025-11-01 01:21:00,auth,/checkout,308,200
2025-11-01 01:21:10,catalog,/items,124,200
2025-11-01 01:21:20,notifications,/send-email,1590,500
2025-11-01 01:21:30,auth,/details,308,200
2025-11-01 01:21:40,auth,/checkout,197,200
2025-11-01 01:21:50,catalog,/send-email,179,200
2025-11-01 01:22:00,orders,/login,97,200
2025-11-01 01:22:10,notifications,/login,164,200
2025-11-01 01:22:20,payments,/details,284,200
2025-11-01 01:22:30,auth,/items,366,200
2025-11-01 01:22:40,orders,/send-email,122,200
2025-11-01 01:22:50,orders,/login,345,200
2025-11-01 01:23:00,auth,/send-email,298,200
2025-11-01 01:23:10,auth,/login,880,200
2025-11-01 01:23:20,payments,/login,290,200
2025-11-01 01:23:30,orders,/login,364,200
2025-11-01 01:23:40,notifications,/checkout,240,200
2025-11-01 01:23:50,notifications,/login,245,200
2025-11-01 01:24:00,orders,/items,336,200
2025-11-01 01:24:10,notifications,/login,325,200
2025-11-01 01:24:20,orders,/login,233,200
2025-11-01 01:24:30,orders,/items,295,200
2025-11-01 01:24:40,notifications,/login,188,500
2025-11-01 01:24:50,catalog,/login,316,200
2025-11-01 01:25:00,payments,/send-email,320,200
2025-11-01 01:25:10,catalog,/send-email,300,200
2025-11-01 01:25:20,notifications,/send-email,182,200
2025-11-01 01:25:30,notifications,/login,355,200
2025-11-01 01:25:40,orders,/details,222,200
2025-11-01 01:25:50,orders,/login,329,200
2025-11-01 01:26:00,payments,/items,176,200
2025-11-01 01:26:10,notifications,/items,330,200
2025-11-01 01:26:20,payments,/send-email,249,200
2025-11-01 01:26:30,catalog,/items,299,200
2025-11-01 01:26:40,notifications,/checkout,226,200
2025-11-01 01:26:50,payments,/checkout,304,200
2025-11-01 01:27:00,payments,/login,240,200
2025-11-01 01:27:10,auth,/details,292,200
2025-11-01 01:27:20,notifications,/items,259,200
2025-11-01 01:27:30,catalog,/details,271,200
2025-11-01 01:27:40,notifications,/items,364,200
2025-11-01 01:27:50,notifications,/checkout,169,200
2025-11-01 01:28:00,orders,/send-email,132,200
2025-11-01 01:28:10,notifications,/items,333,200
2025-11-01 01:28:20,auth,/send-email,264,200
2025-11-01 01:28:30,payments,/send-email,256,200
2025-11-01 01:28:40,payments,/items,277,200
2025-11-01 01:28:50,notifications,/items,267,200
2025-11-01 01:29:00,payments,/login,351,200
2025-11-01 01:29:10,orders,/items,241,200
2025-11-01 01:29:20,auth,/details,197,200
2025-11-01 01:29:30,orders,/items,192,200
2025-11-01 01:29:40,catalog,/items,1245,200
2025-11-01 01:29:50,auth,/details,301,200
2025-11-01 01:30:00,catalog,/send-email,219,200
2025-11-01 01:30:10,auth,/details,198,200
2025-11-01 01:30:20,catalog,/items,312,200
2025-11-01 01:30:30,catalog,/login,308,200
2025-11-01 01:30:40,payments,/items,153,200
2025-11-01 01:30:50,auth,/login,300,200
2025-11-01 01:31:00,notifications,/checkout,146,200
2025-11-01 01:31:10,catalog,/checkout,180,200
2025-11-01 01:31:20,notifications,/details,268,200
2025-11-01 01:31:30,payments,/login,381,200
2025-11-01 01:31:40,orders,/details,354,200
2025-11-01 01:31:50,orders,/items,1180,200
2025-11-01 01:32:00,auth,/details,169,200
2025-11-01 01:32:10,payments,/login,279,200
2025-11-01 01:32:20,orders,/login,118,200
2025-11-01 01:32:30,notifications,/details,362,200
2025-11-01 01:32:40,notifications,/details,317,200
2025-11-01 01:32:50,auth,/items,227,200
2025-11-01 01:33:00,payments,/details,195,200
2025-11-01 01:33:10,orders,/send-email,313,200
2025-11-01 01:33:20,payments,/checkout,233,200
2025-11-01 01:33:30,catalog,/items,315,200
2025-11-01 01:33:40,catalog,/checkout,67,200
2025-11-01 01:33:50,orders,/checkout,275,200
2025-11-01 01:34:00,notifications,/checkout,262,200
2025-11-01 01:34:10,notifications,/items,145,200
2025-11-01 01:34:20,auth,/send-email,341,200
2025-11-01 01:34:30,orders,/details,395,200
2025-11-01 01:34:40,auth,/details,351,200
2025-11-01 01:34:50,catalog,/checkout,104,200
2025-11-01 01:35:00,notifications,/send-email,365,200
2025-11-01 01:35:10,payments,/items,206,200
2025-11-01 01:35:20,catalog,/items,134,200
2025-11-01 01:35:30,orders,/details,374,200
2025-11-01 01:35:40,payments,/checkout,290,200
2025-11-01 01:35:50,payments,/items,279,200
2025-11-01 01:36:00,orders,/items,392,200
2025-11-01 01:36:10,payments,/send-email,113,200
2025-11-01 01:36:20,orders,/login,419,200
2025-11-01 01:36:30,notifications,/details,295,200
2025-11-01 01:36:40,auth,/items,319,200
2025-11-01 01:36:50,orders,/details,242,200
2025-11-01 01:37:00,auth,/details,284,200
2025-11-01 01:37:10,notifications,/login,225,200
2025-11-01 01:37:20,catalog,/items,250,200
2025-11-01 01:37:30,notifications,/items,280,200
2025-11-01 01:37:40,orders,/login,258,200
2025-11-01 01:37:50,orders,/login,226,200
2025-11-01 01:38:00,catalog,/send-email,274,200
2025-11-01 01:38:10,catalog,/details,140,200
2025-11-01 01:38:20,notifications,/items,266,200
2025-11-01 01:38:30,auth,/login,253,200
2025-11-01 01:38:40,payments,/checkout,970,200
2025-11-01 01:38:50,auth,/checkout,227,200
2025-11-01 01:39:00,payments,/send-email,280,200
2025-11-01 01:39:10,catalog,/checkout,218,200
2025-11-01 01:39:20,notifications,/items,173,200
2025-11-01 01:39:30,catalog,/checkout,235,200
2025-11-01 01:39:40,orders,/details,312,200
2025-11-01 01:39:50,orders,/send-email,238,200
2025-11-01 01:40:00,auth,/checkout,304,200
2025-11-01 01:40:10,payments,/details,177,200
2025-11-01 01:40:20,notifications,/checkout,337,200
2025-11-01 01:40:30,orders,/checkout,398,200
2025-11-01 01:40:40,auth,/items,337,200
2025-11-01 01:40:50,notifications,/details,141,200
2025-11-01 01:41:00,catalog,/details,238,500
2025-11-01 01:41:10,orders,/checkout,137,200
2025-11-01 01:41:20,catalog,/send-email,298,200
2025-11-01 01:41:30,payments,/send-email,128,200
2025-11-01 01:41:40,auth,/details,245,200
2025-11-01 01:41:50,catalog,/send-email,229,200
2025-11-01 01:42:00,payments,/send-email,360,200
2025-11-01 01:42:10,payments,/details,242,200
2025-11-01 01:42:20,catalog,/send-email,176,200
2025-11-01 01:42:30,notifications,/login,120,200
2025-11-01 01:42:40,payments,/items,240,200
2025-11-01 01:42:50,orders,/checkout,1200,200
2025-11-01 01:43:00,notifications,/details,217,200
2025-11-01 01:43:10,notifications,/details,262,200
2025-11-01 01:43:20,notifications,/login,253,200
2025-11-01 01:43:30,payments,/send-email,252,200
2025-11-01 01:43:40,auth,/send-email,350,200
2025-11-01 01:43:50,auth,/items,313,200
2025-11-01 01:44:00,auth,/send-email,172,200
2025-11-01 01:44:10,auth,/details,307,200
2025-11-01 01:44:20,auth,/details,169,200
2025-11-01 01:44:30,notifications,/checkout,315,200
2025-11-01 01:44:40,auth,/login,296,200
2025-11-01 01:44:50,payments,/items,162,200
2025-11-01 01:45:00,orders,/checkout,191,200
2025-11-01 01:45:10,payments,/checkout,369,200
2025-11-01 01:45:20,payments,/checkout,170,200
2025-11-01 01:45:30,orders,/login,236,200
2025-11-01 01:45:40,payments,/items,1455,200
2025-11-01 01:45:50,payments,/checkout,399,200
2025-11-01 01:46:00,orders,/details,95,200
2025-11-01 01:46:10,payments,/details,308,200
2025-11-01 01:46:20,catalog,/details,355,200
2025-11-01 01:46:30,payments,/send-email,318,200
2025-11-01 01:46:40,payments,/checkout,114,200
2025-11-01 01:46:50,orders,/items,258,200
2025-11-01 01:47:00,orders,/details,205,500
2025-11-01 01:47:10,notifications,/send-email,259,200
2025-11-01 01:47:20,auth,/login,321,200
2025-11-01 01:47:30,payments,/checkout,226,200
2025-11-01 01:47:40,orders,/items,242,200
2025-11-01 01:47:50,auth,/items,200,200
2025-11-01 01:48:00,notifications,/items,228,200
2025-11-01 01:48:10,notifications,/send-email,300,200
2025-11-01 01:48:20,orders,/details,313,200
2025-11-01 01:48:30,catalog,/login,231,200
2025-11-01 01:48:40,payments,/checkout,464,200
2025-11-01 01:48:50,catalog,/send-email,336,200
2025-11-01 01:49:00,catalog,/items,230,200
2025-11-01 01:49:10,payments,/items,308,200
2025-11-01 01:49:20,auth,/login,387,200
2025-11-01 01:49:30,payments,/details,205,200
2025-11-01 01:49:40,notifications,/details,206,200
2025-11-01 01:49:50,notifications,/details,410,200
2025-11-01 01:50:00,notifications,/login,168,200
2025-11-01 01:50:10,payments,/details,146,200
2025-11-01 01:50:20,notifications,/items,252,200
2025-11-01 01:50:30,orders,/login,289,200
2025-11-01 01:50:40,payments,/checkout,352,200
2025-11-01 01:50:50,orders,/details,127,200
2025-11-01 01:51:00,payments,/items,226,200
2025-11-01 01:51:10,auth,/checkout,190,200
2025-11-01 01:51:20,auth,/details,385,200
2025-11-01 01:51:30,orders,/checkout,268,200
2025-11-01 01:51:40,notifications,/checkout,417,200
2025-11-01 01:51:50,payments,/send-email,324,200
2025-11-01 01:52:00,catalog,/login,249,500
2025-11-01 01:52:10,orders,/checkout,265,200
2025-11-01 01:52:20,payments,/send-email,241,200
2025-11-01 01:52:30,orders,/items,349,200
2025-11-01 01:52:40,notifications,/send-email,346,200
2025-11-01 01:52:50,auth,/items,206,200
2025-11-01 01:53:00,notifications,/login,284,200
2025-11-01 01:53:10,payments,/checkout,398,200
2025-11-01 01:53:20,auth,/items,271,200
2025-11-01 01:53:30,payments,/send-email,234,200
2025-11-01 01:53:40,payments,/send-email,254,200
2025-11-01 01:53:50,notifications,/items,325,200
2025-11-01 01:54:00,notifications,/items,307,200
2025-11-01 01:54:10,catalog,/details,153,200
2025-11-01 01:54:20,catalog,/login,175,200
2025-11-01 01:54:30,payments,/send-email,467,200
2025-11-01 01:54:40,auth,/checkout,335,200
2025-11-01 01:54:50,notifications,/details,245,200
2025-11-01 01:55:00,auth,/checkout,267,200
2025-11-01 01:55:10,catalog,/checkout,240,200
2025-11-01 01:55:20,catalog,/login,320,200
2025-11-01 01:55:30,catalog,/login,104,200
2025-11-01 01:55:40,auth,/checkout,235,200
2025-11-01 01:55:50,orders,/items,192,200
2025-11-01 01:56:00,auth,/details,116,200
2025-11-01 01:56:10,auth,/items,221,200
2025-11-01 01:56:20,catalog,/checkout,155,200
2025-11-01 01:56:30,orders,/send-email,203,200
2025-11-01 01:56:40,payments,/checkout,329,200
2025-11-01 01:56:50,orders,/login,192,200
2025-11-01 01:57:00,catalog,/login,180,200
2025-11-01 01:57:10,catalog,/login,328,200
2025-11-01 01:57:20,orders,/details,373,200
2025-11-01 01:57:30,auth,/items,310,200
2025-11-01 01:57:40,orders,/items,245,200
2025-11-01 01:57:50,payments,/items,340,200
2025-11-01 01:58:00,auth,/login,313,200
2025-11-01 01:58:10,notifications,/details,207,200
2025-11-01 01:58:20,notifications,/send-email,256,200
2025-11-01 01:58:30,auth,/send-email,186,200
2025-11-01 01:58:40,notifications,/details,317,200
2025-11-01 01:58:50,catalog,/checkout,286,200
2025-11-01 01:59:00,payments,/login,251,200
2025-11-01 01:59:10,catalog,/checkout,189,200
2025-11-01 01:59:20,catalog,/items,285,200
2025-11-01 01:59:30,auth,/items,2030,200
2025-11-01 01:59:40,orders,/send-email,253,200
2025-11-01 01:59:50,orders,/login,316,200
2025-11-01 02:00:00,notifications,/items,265,200
2025-11-01 02:00:10,payments,/checkout,403,200
2025-11-01 02:00:20,payments,/login,322,200
2025-11-01 02:00:30,payments,/checkout,116,200
2025-11-01 02:00:40,catalog,/checkout,267,200
2025-11-01 02:00:50,orders,/items,181,200
2025-11-01 02:01:00,payments,/items,349,200
2025-11-01 02:01:10,orders,/items,358,200
2025-11-01 02:01:20,catalog,/login,160,200
2025-11-01 02:01:30,catalog,/checkout,319,200
2025-11-01 02:01:40,auth,/details,230,200
2025-11-01 02:01:50,auth,/items,276,200
2025-11-01 02:02:00,auth,/login,282,200
2025-11-01 02:02:10,payments,/send-email,205,200
2025-11-01 02:02:20,catalog,/checkout,250,200
2025-11-01 02:02:30,payments,/items,328,200
2025-11-01 02:02:40,auth,/details,208,200
2025-11-01 02:02:50,orders,/details,177,200
2025-11-01 02:03:00,catalog,/send-email,163,200
2025-11-01 02:03:10,auth,/checkout,233,200
2025-11-01 02:03:20,payments,/send-email,198,200
2025-11-01 02:03:30,payments,/send-email,210,200
2025-11-01 02:03:40,notifications,/items,271,200
2025-11-01 02:03:50,orders,/items,296,200
2025-11-01 02:04:00,payments,/send-email,209,200
2025-11-01 02:04:10,notifications,/login,331,200
2025-11-01 02:04:20,notifications,/checkout,419,200
2025-11-01 02:04:30,notifications,/items,223,200
2025-11-01 02:04:40,auth,/login,321,200
2025-11-01 02:04:50,notifications,/checkout,147,200
2025-11-01 02:05:00,payments,/login,208,200
2025-11-01 02:05:10,notifications,/login,229,200
2025-11-01 02:05:20,payments,/details,274,200
2025-11-01 02:05:30,orders,/items,299,200
2025-11-01 02:05:40,payments,/send-email,420,200
2025-11-01 02:05:50,notifications,/details,196,200
2025-11-01 02:06:00,auth,/items,240,200
2025-11-01 02:06:10,auth,/send-email,288,200
2025-11-01 02:06:20,payments,/send-email,280,200
2025-11-01 02:06:30,auth,/checkout,210,200
2025-11-01 02:06:40,notifications,/items,132,200
2025-11-01 02:06:50,notifications,/details,269,200
2025-11-01 02:07:00,auth,/login,337,200
2025-11-01 02:07:10,notifications,/details,244,200
2025-11-01 02:07:20,orders,/items,430,200
2025-11-01 02:07:30,notifications,/details,99,200
2025-11-01 02:07:40,notifications,/items,278,200
2025-11-01 02:07:50,notifications,/checkout,218,200
2025-11-01 02:08:00,payments,/send-email,296,200
2025-11-01 02:08:10,orders,/send-email,300,200
2025-11-01 02:08:20,auth,/checkout,113,200
2025-11-01 02:08:30,auth,/details,272,200
2025-11-01 02:08:40,orders,/checkout,261,200
2025-11-01 02:08:50,orders,/details,315,200
2025-11-01 02:09:00,orders,/send-email,177,200
2025-11-01 02:09:10,notifications,/send-email,329,200
2025-11-01 02:09:20,orders,/login,125,200
2025-11-01 02:09:30,orders,/details,509,200
2025-11-01 02:09:40,payments,/login,211,200
2025-11-01 02:09:50,notifications,/details,201,200
2025-11-01 02:10:00,auth,/login,309,200
2025-11-01 02:10:10,notifications,/checkout,214,200
2025-11-01 02:10:20,notifications,/login,194,200
2025-11-01 02:10:30,orders,/login,281,200
2025-11-01 02:10:40,orders,/details,181,200
2025-11-01 02:10:50,catalog,/login,187,200
2025-11-01 02:11:00,payments,/checkout,174,200
2025-11-01 02:11:10,orders,/details,227,200
2025-11-01 02:11:20,auth,/checkout,437,200
2025-11-01 02:11:30,notifications,/send-email,182,200
2025-11-01 02:11:40,auth,/send-email,354,200
2025-11-01 02:11:50,orders,/send-email,248,200
2025-11-01 02:12:00,payments,/details,376,200
2025-11-01 02:12:10,catalog,/send-email,301,200
2025-11-01 02:12:20,catalog,/login,316,200
2025-11-01 02:12:30,notifications,/send-email,232,200
2025-11-01 02:12:40,notifications,/login,255,200
2025-11-01 02:12:50,orders,/send-email,248,200
2025-11-01 02:13:00,notifications,/items,244,200
2025-11-01 02:13:10,notifications,/items,117,200
2025-11-01 02:13:20,catalog,/items,398,200
2025-11-01 02:13:30,notifications,/items,272,200
2025-11-01 02:13:40,orders,/details,337,200
2025-11-01 02:13:50,orders,/checkout,411,200
2025-11-01 02:14:00,notifications,/items,169,200
2025-11-01 02:14:10,notifications,/details,250,200
2025-11-01 02:14:20,notifications,/send-email,328,200
2025-11-01 02:14:30,catalog,/checkout,173,200
2025-11-01 02:14:40,auth,/send-email,342,200
2025-11-01 02:14:50,catalog,/items,281,200
2025-11-01 02:15:00,auth,/items,218,200
2025-11-01 02:15:10,catalog,/login,312,200
2025-11-01 02:15:20,catalog,/items,381,200
2025-11-01 02:15:30,catalog,/login,347,200
2025-11-01 02:15:40,orders,/details,297,200
2025-11-01 02:15:50,payments,/send-email,130,200
2025-11-01 02:16:00,catalog,/details,311,200
2025-11-01 02:16:10,payments,/items,386,200
2025-11-01 02:16:20,catalog,/details,233,200
2025-11-01 02:16:30,notifications,/details,209,200
2025-11-01 02:16:40,catalog,/login,308,200
2025-11-01 02:16:50,auth,/checkout,195,200
2025-11-01 02:17:00,notifications,/details,205,200
2025-11-01 02:17:10,notifications,/checkout,230,200
2025-11-01 02:17:20,auth,/details,230,200
2025-11-01 02:17:30,auth,/login,305,200
2025-11-01 02:17:40,auth,/checkout,193,200
2025-11-01 02:17:50,payments,/send-email,251,200
2025-11-01 02:18:00,orders,/details,263,500
2025-11-01 02:18:10,catalog,/checkout,259,200
2025-11-01 02:18:20,auth,/checkout,299,200
2025-11-01 02:18:30,notifications,/details,123,200
2025-11-01 02:18:40,orders,/login,234,200
2025-11-01 02:18:50,payments,/checkout,238,200
2025-11-01 02:19:00,catalog,/login,288,200
2025-11-01 02:19:10,catalog,/details,280,200
2025-11-01 02:19:20,payments,/checkout,249,200
2025-11-01 02:19:30,catalog,/details,213,200
2025-11-01 02:19:40,auth,/send-email,271,200
2025-11-01 02:19:50,orders,/items,395,200
2025-11-01 02:20:00,catalog,/details,244,200
2025-11-01 02:20:10,auth,/send-email,308,200
2025-11-01 02:20:20,catalog,/items,189,200
2025-11-01 02:20:30,payments,/checkout,237,200
2025-11-01 02:20:40,auth,/items,338,200
2025-11-01 02:20:50,auth,/checkout,240,200
2025-11-01 02:21:00,catalog,/details,128,200
2025-11-01 02:21:10,payments,/items,295,200
2025-11-01 02:21:20,auth,/login,78,200
2025-11-01 02:21:30,payments,/checkout,129,200
2025-11-01 02:21:40,catalog,/send-email,169,200
2025-11-01 02:21:50,payments,/items,208,200
2025-11-01 02:22:00,notifications,/items,89,200
2025-11-01 02:22:10,notifications,/details,263,200
2025-11-01 02:22:20,notifications,/checkout,278,200
2025-11-01 02:22:30,payments,/items,245,200
2025-11-01 02:22:40,auth,/items,229,200
2025-11-01 02:22:50,payments,/checkout,164,200
2025-11-01 02:23:00,payments,/details,189,200
2025-11-01 02:23:10,notifications,/checkout,308,200
2025-11-01 02:23:20,catalog,/send-email,830,200
2025-11-01 02:23:30,catalog,/details,198,200
2025-11-01 02:23:40,catalog,/details,434,200
2025-11-01 02:23:50,auth,/login,226,200
2025-11-01 02:24:00,orders,/details,301,200
2025-11-01 02:24:10,notifications,/send-email,230,200
2025-11-01 02:24:20,auth,/checkout,220,200
2025-11-01 02:24:30,catalog,/send-email,352,200
2025-11-01 02:24:40,catalog,/login,300,200
2025-11-01 02:24:50,auth,/details,222,200
2025-11-01 02:25:00,payments,/checkout,263,200
2025-11-01 02:25:10,orders,/details,229,200
2025-11-01 02:25:20,payments,/send-email,158,200
2025-11-01 02:25:30,auth,/items,272,200
2025-11-01 02:25:40,auth,/details,138,200
2025-11-01 02:25:50,auth,/checkout,226,200
2025-11-01 02:26:00,catalog,/items,189,200
2025-11-01 02:26:10,orders,/login,356,200
2025-11-01 02:26:20,notifications,/send-email,326,200
2025-11-01 02:26:30,notifications,/items,315,200
2025-11-01 02:26:40,catalog,/send-email,277,200
2025-11-01 02:26:50,notifications,/items,272,200
2025-11-01 02:27:00,catalog,/details,172,200
2025-11-01 02:27:10,orders,/send-email,80,200
2025-11-01 02:27:20,notifications,/login,164,500
2025-11-01 02:27:30,payments,/details,348,200
2025-11-01 02:27:40,auth,/send-email,109,200
2025-11-01 02:27:50,catalog,/login,359,200
2025-11-01 02:28:00,catalog,/login,387,200
2025-11-01 02:28:10,auth,/details,223,200
2025-11-01 02:28:20,orders,/checkout,247,200
2025-11-01 02:28:30,auth,/items,220,200
2025-11-01 02:28:40,auth,/checkout,319,200
2025-11-01 02:28:50,auth,/checkout,208,200
2025-11-01 02:29:00,notifications,/login,450,200
2025-11-01 02:29:10,catalog,/details,162,200
2025-11-01 02:29:20,notifications,/items,312,200
2025-11-01 02:29:30,catalog,/details,226,200
2025-11-01 02:29:40,auth,/send-email,135,200
2025-11-01 02:29:50,catalog,/login,233,200
2025-11-01 02:30:00,orders,/checkout,268,200
2025-11-01 02:30:10,payments,/send-email,336,200
2025-11-01 02:30:20,orders,/details,336,200
2025-11-01 02:30:30,orders,/send-email,314,200
2025-11-01 02:30:40,notifications,/items,119,200
2025-11-01 02:30:50,orders,/details,271,200
2025-11-01 02:31:00,orders,/details,133,200
2025-11-01 02:31:10,payments,/login,316,200
2025-11-01 02:31:20,payments,/checkout,204,200
2025-11-01 02:31:30,notifications,/checkout,308,200
2025-11-01 02:31:40,payments,/checkout,190,200
2025-11-01 02:31:50,auth,/send-email,412,200
2025-11-01 02:32:00,auth,/login,237,200
2025-11-01 02:32:10,payments,/details,286,200
2025-11-01 02:32:20,orders,/items,319,200
2025-11-01 02:32:30,auth,/login,169,200
2025-11-01 02:32:40,catalog,/send-email,321,200
2025-11-01 02:32:50,catalog,/send-email,183,200
2025-11-01 02:33:00,auth,/details,270,200
2025-11-01 02:33:10,notifications,/login,236,200
2025-11-01 02:33:20,orders,/details,274,200
2025-11-01 02:33:30,payments,/details,276,200
2025-11-01 02:33:40,orders,/items,279,200
2025-11-01 02:33:50,catalog,/checkout,101,200
2025-11-01 02:34:00,orders,/checkout,107,200
2025-11-01 02:34:10,catalog,/login,174,200
2025-11-01 02:34:20,payments,/send-email,325,200
2025-11-01 02:34:30,catalog,/login,147,200
2025-11-01 02:34:40,auth,/send-email,302,200
2025-11-01 02:34:50,catalog,/items,129,200
2025-11-01 02:35:00,notifications,/items,377,200
2025-11-01 02:35:10,catalog,/login,350,200
2025-11-01 02:35:20,catalog,/login,233,200
2025-11-01 02:35:30,orders,/send-email,158,200
2025-11-01 02:35:40,payments,/login,206,200
2025-11-01 02:35:50,orders,/login,167,200
2025-11-01 02:36:00,catalog,/details,211,200
2025-11-01 02:36:10,notifications,/details,193,200
2025-11-01 02:36:20,catalog,/items,262,200
2025-11-01 02:36:30,notifications,/login,139,200
2025-11-01 02:36:40,catalog,/items,191,200
2025-11-01 02:36:50,orders,/details,330,200
2025-11-01 02:37:00,payments,/login,219,200
2025-11-01 02:37:10,auth,/checkout,129,200
2025-11-01 02:37:20,catalog,/login,269,200
2025-11-01 02:37:30,catalog,/checkout,354,200
2025-11-01 02:37:40,payments,/checkout,204,200
2025-11-01 02:37:50,auth,/items,313,200
2025-11-01 02:38:00,catalog,/send-email,220,200
2025-11-01 02:38:10,notifications,/details,241,200
2025-11-01 02:38:20,auth,/checkout,202,200
2025-11-01 02:38:30,auth,/items,252,200
2025-11-01 02:38:40,payments,/items,269,200
2025-11-01 02:38:50,auth,/details,322,200
2025-11-01 02:39:00,orders,/checkout,163,200
2025-11-01 02:39:10,orders,/send-email,460,200
2025-11-01 02:39:20,notifications,/items,295,200
2025-11-01 02:39:30,payments,/login,246,200
2025-11-01 02:39:40,orders,/details,301,200
2025-11-01 02:39:50,payments,/login,168,200
2025-11-01 02:40:00,orders,/login,272,500
2025-11-01 02:40:10,catalog,/login,292,200
2025-11-01 02:40:20,auth,/checkout,284,200
2025-11-01 02:40:30,auth,/send-email,176,200
2025-11-01 02:40:40,orders,/items,221,200
2025-11-01 02:40:50,auth,/details,192,200
2025-11-01 02:41:00,notifications,/checkout,143,200
2025-11-01 02:41:10,payments,/checkout,182,200
2025-11-01 02:41:20,orders,/send-email,298,200
2025-11-01 02:41:30,orders,/details,201,200
2025-11-01 02:41:40,payments,/checkout,325,200
2025-11-01 02:41:50,orders,/checkout,184,200
2025-11-01 02:42:00,auth,/login,315,200
2025-11-01 02:42:10,orders,/details,325,200
2025-11-01 02:42:20,auth,/checkout,182,200
2025-11-01 02:42:30,auth,/details,263,200
2025-11-01 02:42:40,payments,/items,254,200
2025-11-01 02:42:50,auth,/details,308,200
2025-11-01 02:43:00,notifications,/send-email,259,200
2025-11-01 02:43:10,orders,/send-email,1650,200
2025-11-01 02:43:20,payments,/send-email,315,200
2025-11-01 02:43:30,auth,/details,192,200
2025-11-01 02:43:40,auth,/checkout,284,200
2025-11-01 02:43:50,auth,/checkout,182,200
2025-11-01 02:44:00,payments,/login,153,200
2025-11-01 02:44:10,catalog,/details,271,500
2025-11-01 02:44:20,auth,/checkout,206,200
2025-11-01 02:44:30,orders,/items,168,200
2025-11-01 02:44:40,notifications,/send-email,195,200
2025-11-01 02:44:50,auth,/checkout,126,200
2025-11-01 02:45:00,auth,/login,272,200
2025-11-01 02:45:10,orders,/checkout,319,200
2025-11-01 02:45:20,orders,/details,247,200
2025-11-01 02:45:30,catalog,/details,237,200
2025-11-01 02:45:40,orders,/send-email,298,200
2025-11-01 02:45:50,auth,/items,169,200
2025-11-01 02:46:00,notifications,/checkout,255,200
2025-11-01 02:46:10,notifications,/checkout,95,200
2025-11-01 02:46:20,auth,/login,134,200
2025-11-01 02:46:30,notifications,/checkout,210,200
2025-11-01 02:46:40,notifications,/checkout,290,200
2025-11-01 02:46:50,payments,/login,234,200
2025-11-01 02:47:00,auth,/items,173,200
2025-11-01 02:47:10,auth,/items,131,200
2025-11-01 02:47:20,payments,/login,185,200
2025-11-01 02:47:30,orders,/checkout,252,200
2025-11-01 02:47:40,auth,/send-email,290,200
2025-11-01 02:47:50,catalog,/details,225,200
2025-11-01 02:48:00,orders,/login,200,200
2025-11-01 02:48:10,auth,/checkout,139,200
2025-11-01 02:48:20,orders,/checkout,235,200
2025-11-01 02:48:30,notifications,/login,380,200
2025-11-01 02:48:40,auth,/items,214,500
2025-11-01 02:48:50,auth,/login,298,200
2025-11-01 02:49:00,catalog,/send-email,1420,200
2025-11-01 02:49:10,notifications,/login,263,200
2025-11-01 02:49:20,notifications,/send-email,285,200
2025-11-01 02:49:30,catalog,/login,178,200
2025-11-01 02:49:40,notifications,/items,297,200
2025-11-01 02:49:50,notifications,/checkout,305,200
2025-11-01 02:50:00,notifications,/details,200,200
2025-11-01 02:50:10,notifications,/login,338,200
2025-11-01 02:50:20,catalog,/checkout,207,200
2025-11-01 02:50:30,auth,/checkout,148,200
2025-11-01 02:50:40,orders,/checkout,148,200
2025-11-01 02:50:50,orders,/checkout,233,500
2025-11-01 02:51:00,notifications,/details,188,200
2025-11-01 02:51:10,notifications,/login,46,200
2025-11-01 02:51:20,notifications,/send-email,135,200
2025-11-01 02:51:30,payments,/items,281,200
2025-11-01 02:51:40,catalog,/login,118,200
2025-11-01 02:51:50,orders,/checkout,103,200
2025-11-01 02:52:00,auth,/login,321,200
2025-11-01 02:52:10,orders,/details,300,200
2025-11-01 02:52:20,auth,/login,306,200
2025-11-01 02:52:30,notifications,/details,1320,200
2025-11-01 02:52:40,payments,/send-email,200,200
2025-11-01 02:52:50,orders,/details,245,200
2025-11-01 02:53:00,notifications,/login,151,200
2025-11-01 02:53:10,auth,/login,303,200
2025-11-01 02:53:20,notifications,/details,201,200
2025-11-01 02:53:30,auth,/login,293,200
2025-11-01 02:53:40,auth,/send-email,113,200
2025-11-01 02:53:50,payments,/checkout,243,200
2025-11-01 02:54:00,notifications,/items,204,200
2025-11-01 02:54:10,notifications,/checkout,406,200
2025-11-01 02:54:20,auth,/login,180,200
2025-11-01 02:54:30,auth,/send-email,260,200
2025-11-01 02:54:40,auth,/send-email,266,200
2025-11-01 02:54:50,orders,/login,235,500
2025-11-01 02:55:00,notifications,/items,127,200
2025-11-01 02:55:10,catalog,/login,1665,500
2025-11-01 02:55:20,notifications,/checkout,323,200
2025-11-01 02:55:30,auth,/checkout,377,200
2025-11-01 02:55:40,notifications,/login,212,200
2025-11-01 02:55:50,orders,/items,263,200
2025-11-01 02:56:00,catalog,/login,364,200
2025-11-01 02:56:10,orders,/send-email,419,200
2025-11-01 02:56:20,notifications,/login,239,200
2025-11-01 02:56:30,payments,/items,251,200
2025-11-01 02:56:40,catalog,/items,213,200
2025-11-01 02:56:50,orders,/checkout,126,200
2025-11-01 02:57:00,payments,/login,265,200
2025-11-01 02:57:10,payments,/details,316,200
2025-11-01 02:57:20,orders,/items,312,200
2025-11-01 02:57:30,payments,/checkout,430,200
2025-11-01 02:57:40,auth,/send-email,348,200
2025-11-01 02:57:50,auth,/details,293,200
2025-11-01 02:58:00,auth,/items,317,200
2025-11-01 02:58:10,payments,/login,145,200
2025-11-01 02:58:20,payments,/items,287,200
2025-11-01 02:58:30,catalog,/items,273,200
2025-11-01 02:58:40,notifications,/items,157,200
2025-11-01 02:58:50,orders,/items,178,200
2025-11-01 02:59:00,orders,/details,318,200
2025-11-01 02:59:10,orders,/send-email,297,200
2025-11-01 02:59:20,orders,/login,315,200
2025-11-01 02:59:30,notifications,/items,348,200
2025-11-01 02:59:40,catalog,/checkout,2450,200
2025-11-01 02:59:50,orders,/details,249,200
2025-11-01 03:00:00,notifications,/checkout,168,200
2025-11-01 03:00:10,orders,/send-email,264,200
2025-11-01 03:00:20,payments,/details,254,200
2025-11-01 03:00:30,auth,/details,164,200
2025-11-01 03:00:40,orders,/items,370,200
2025-11-01 03:00:50,catalog,/send-email,1210,200
2025-11-01 03:01:00,auth,/checkout,127,200
2025-11-01 03:01:10,catalog,/items,399,200
2025-11-01 03:01:20,catalog,/checkout,167,200
2025-11-01 03:01:30,orders,/checkout,131,200
2025-11-01 03:01:40,orders,/items,218,200
2025-11-01 03:01:50,auth,/send-email,262,200
2025-11-01 03:02:00,catalog,/login,402,200
2025-11-01 03:02:10,catalog,/items,124,200
2025-11-01 03:02:20,payments,/send-email,157,200
2025-11-01 03:02:30,payments,/login,278,200
2025-11-01 03:02:40,payments,/login,226,200
2025-11-01 03:02:50,notifications,/login,329,200
2025-11-01 03:03:00,payments,/checkout,293,200
2025-11-01 03:03:10,auth,/login,227,200
2025-11-01 03:03:20,notifications,/checkout,160,200
2025-11-01 03:03:30,catalog,/send-email,295,200
2025-11-01 03:03:40,notifications,/login,254,200
2025-11-01 03:03:50,catalog,/details,203,200
2025-11-01 03:04:00,payments,/login,259,200
2025-11-01 03:04:10,auth,/details,221,200
2025-11-01 03:04:20,auth,/checkout,133,200
2025-11-01 03:04:30,catalog,/login,273,200
2025-11-01 03:04:40,orders,/checkout,252,200
2025-11-01 03:04:50,payments,/details,286,200
2025-11-01 03:05:00,orders,/details,239,200
2025-11-01 03:05:10,notifications,/details,232,200
2025-11-01 03:05:20,notifications,/details,394,200
2025-11-01 03:05:30,notifications,/details,305,200
2025-11-01 03:05:40,orders,/items,368,200
2025-11-01 03:05:50,catalog,/login,227,200
2025-11-01 03:06:00,auth,/details,264,200
2025-11-01 03:06:10,orders,/details,310,200
2025-11-01 03:06:20,notifications,/login,275,200
2025-11-01 03:06:30,catalog,/send-email,232,200
2025-11-01 03:06:40,catalog,/send-email,1115,200
2025-11-01 03:06:50,notifications,/items,169,500
2025-11-01 03:07:00,orders,/send-email,198,200
2025-11-01 03:07:10,payments,/login,157,200
2025-11-01 03:07:20,auth,/details,238,200
2025-11-01 03:07:30,orders,/send-email,245,200
2025-11-01 03:07:40,orders,/login,261,200
2025-11-01 03:07:50,auth,/checkout,123,200
2025-11-01 03:08:00,notifications,/login,363,200
2025-11-01 03:08:10,catalog,/items,209,200
2025-11-01 03:08:20,payments,/details,275,200
2025-11-01 03:08:30,orders,/checkout,333,200
2025-11-01 03:08:40,auth,/checkout,370,200
2025-11-01 03:08:50,notifications,/login,374,200
2025-11-01 03:09:00,auth,/checkout,197,200
2025-11-01 03:09:10,auth,/login,445,200
2025-11-01 03:09:20,notifications,/send-email,180,200
2025-11-01 03:09:30,notifications,/login,265,200
2025-11-01 03:09:40,catalog,/items,347,200
2025-11-01 03:09:50,payments,/send-email,217,200
2025-11-01 03:10:00,notifications,/items,410,200
2025-11-01 03:10:10,catalog,/login,164,200
2025-11-01 03:10:20,notifications,/checkout,294,500
2025-11-01 03:10:30,catalog,/items,359,200
2025-11-01 03:10:40,auth,/items,204,200
2025-11-01 03:10:50,notifications,/items,290,200
2025-11-01 03:11:00,auth,/checkout,193,200
2025-11-01 03:11:10,auth,/send-email,251,200
2025-11-01 03:11:20,orders,/items,1690,200
2025-11-01 03:11:30,payments,/checkout,171,200
2025-11-01 03:11:40,auth,/checkout,290,200
2025-11-01 03:11:50,orders,/details,1025,200
2025-11-01 03:12:00,notifications,/send-email,115,200
2025-11-01 03:12:10,orders,/login,230,200
2025-11-01 03:12:20,payments,/details,81,200
2025-11-01 03:12:30,auth,/details,222,200
2025-11-01 03:12:40,orders,/login,383,200
2025-11-01 03:12:50,auth,/send-email,134,200
2025-11-01 03:13:00,payments,/items,268,200
2025-11-01 03:13:10,payments,/login,367,200
2025-11-01 03:13:20,notifications,/details,258,200
2025-11-01 03:13:30,catalog,/details,345,200
2025-11-01 03:13:40,payments,/checkout,159,200
2025-11-01 03:13:50,catalog,/send-email,296,200
2025-11-01 03:14:00,auth,/send-email,186,500
2025-11-01 03:14:10,auth,/send-email,218,200
2025-11-01 03:14:20,orders,/login,31,200
2025-11-01 03:14:30,notifications,/items,295,200
2025-11-01 03:14:40,notifications,/checkout,251,200
2025-11-01 03:14:50,auth,/details,279,200
2025-11-01 03:15:00,auth,/items,165,500
2025-11-01 03:15:10,orders,/checkout,382,200
2025-11-01 03:15:20,orders,/items,203,200
2025-11-01 03:15:30,catalog,/checkout,307,200
2025-11-01 03:15:40,orders,/send-email,261,200
2025-11-01 03:15:50,auth,/login,180,200
2025-11-01 03:16:00,notifications,/details,264,200
2025-11-01 03:16:10,payments,/details,272,200
2025-11-01 03:16:20,notifications,/login,235,200
2025-11-01 03:16:30,orders,/checkout,187,200
2025-11-01 03:16:40,notifications,/items,244,200
2025-11-01 03:16:50,auth,/items,232,200
2025-11-01 03:17:00,payments,/checkout,106,200
2025-11-01 03:17:10,payments,/items,262,200
2025-11-01 03:17:20,orders,/send-email,337,200
2025-11-01 03:17:30,auth,/items,158,200
2025-11-01 03:17:40,catalog,/items,168,200
2025-11-01 03:17:50,payments,/send-email,260,200
2025-11-01 03:18:00,auth,/checkout,220,200
2025-11-01 03:18:10,auth,/send-email,108,200
2025-11-01 03:18:20,orders,/details,260,200
2025-11-01 03:18:30,auth,/login,288,200
2025-11-01 03:18:40,orders,/send-email,174,200
2025-11-01 03:18:50,auth,/checkout,205,200
2025-11-01 03:19:00,payments,/details,344,200
2025-11-01 03:19:10,payments,/checkout,211,200
2025-11-01 03:19:20,auth,/details,273,200
2025-11-01 03:19:30,payments,/checkout,160,200
2025-11-01 03:19:40,payments,/checkout,73,200
2025-11-01 03:19:50,orders,/checkout,284,200
2025-11-01 03:20:00,auth,/send-email,298,200
2025-11-01 03:20:10,auth,/send-email,216,200
2025-11-01 03:20:20,catalog,/checkout,377,200
2025-11-01 03:20:30,payments,/checkout,344,200
2025-11-01 03:20:40,catalog,/login,253,200
2025-11-01 03:20:50,payments,/send-email,138,200
2025-11-01 03:21:00,catalog,/items,192,200
2025-11-01 03:21:10,notifications,/items,334,200
2025-11-01 03:21:20,auth,/send-email,179,200
2025-11-01 03:21:30,payments,/items,138,200
2025-11-01 03:21:40,notifications,/login,180,200
2025-11-01 03:21:50,auth,/checkout,273,200
2025-11-01 03:22:00,auth,/checkout,351,200
2025-11-01 03:22:10,catalog,/checkout,193,200
2025-11-01 03:22:20,payments,/checkout,265,200
2025-11-01 03:22:30,orders,/items,335,200
2025-11-01 03:22:40,notifications,/checkout,311,200
2025-11-01 03:22:50,auth,/items,157,200
2025-11-01 03:23:00,payments,/checkout,153,200
2025-11-01 03:23:10,notifications,/checkout,203,200
2025-11-01 03:23:20,notifications,/login,273,200
2025-11-01 03:23:30,catalog,/items,248,200
2025-11-01 03:23:40,notifications,/details,226,200
2025-11-01 03:23:50,auth,/items,354,200
2025-11-01 03:24:00,payments,/send-email,335,200
2025-11-01 03:24:10,notifications,/send-email,151,200
2025-11-01 03:24:20,catalog,/checkout,339,200
2025-11-01 03:24:30,auth,/items,287,200
2025-11-01 03:24:40,payments,/details,197,200
2025-11-01 03:24:50,notifications,/login,274,200
2025-11-01 03:25:00,auth,/items,167,200
2025-11-01 03:25:10,catalog,/details,295,200
2025-11-01 03:25:20,auth,/items,374,200
2025-11-01 03:25:30,payments,/login,297,200
2025-11-01 03:25:40,catalog,/login,234,200
2025-11-01 03:25:50,auth,/items,281,200
2025-11-01 03:26:00,orders,/send-email,206,200
2025-11-01 03:26:10,orders,/details,301,200
2025-11-01 03:26:20,payments,/checkout,189,200
2025-11-01 03:26:30,orders,/send-email,300,200
2025-11-01 03:26:40,auth,/details,266,200
2025-11-01 03:26:50,auth,/login,201,200
2025-11-01 03:27:00,orders,/details,233,200
2025-11-01 03:27:10,notifications,/login,270,200
2025-11-01 03:27:20,auth,/details,172,200
2025-11-01 03:27:30,orders,/details,312,200
2025-11-01 03:27:40,payments,/send-email,234,200
2025-11-01 03:27:50,orders,/details,212,200
2025-11-01 03:28:00,orders,/checkout,293,200
2025-11-01 03:28:10,orders,/checkout,301,200
2025-11-01 03:28:20,catalog,/details,162,200
2025-11-01 03:28:30,orders,/checkout,166,200
2025-11-01 03:28:40,payments,/items,38,200
2025-11-01 03:28:50,auth,/send-email,213,200
2025-11-01 03:29:00,catalog,/send-email,305,200
2025-11-01 03:29:10,payments,/details,268,200
2025-11-01 03:29:20,auth,/checkout,243,200
2025-11-01 03:29:30,payments,/send-email,245,200
2025-11-01 03:29:40,catalog,/login,258,200
2025-11-01 03:29:50,orders,/details,290,200
2025-11-01 03:30:00,orders,/details,222,200
2025-11-01 03:30:10,catalog,/login,422,200
2025-11-01 03:30:20,catalog,/checkout,246,200
2025-11-01 03:30:30,payments,/send-email,244,200
2025-11-01 03:30:40,catalog,/items,243,200
2025-11-01 03:30:50,orders,/checkout,85,200
2025-11-01 03:31:00,notifications,/login,153,200
2025-11-01 03:31:10,orders,/details,272,200
2025-11-01 03:31:20,payments,/checkout,325,200
2025-11-01 03:31:30,notifications,/checkout,216,200
2025-11-01 03:31:40,payments,/checkout,226,200
2025-11-01 03:31:50,notifications,/checkout,213,200
2025-11-01 03:32:00,payments,/send-email,253,200
2025-11-01 03:32:10,catalog,/items,355,200
2025-11-01 03:32:20,orders,/checkout,282,200
2025-11-01 03:32:30,catalog,/login,176,200
2025-11-01 03:32:40,payments,/items,289,200
2025-11-01 03:32:50,orders,/checkout,356,200
2025-11-01 03:33:00,notifications,/items,335,200
2025-11-01 03:33:10,payments,/login,243,200
2025-11-01 03:33:20,notifications,/checkout,227,200
2025-11-01 03:33:30,auth,/items,150,200
2025-11-01 03:33:40,auth,/items,301,200
2025-11-01 03:33:50,orders,/send-email,325,200
2025-11-01 03:34:00,auth,/checkout,296,200
2025-11-01 03:34:10,orders,/checkout,258,200
2025-11-01 03:34:20,catalog,/send-email,164,200
2025-11-01 03:34:30,catalog,/details,119,500
2025-11-01 03:34:40,payments,/details,189,200
2025-11-01 03:34:50,auth,/checkout,244,200
2025-11-01 03:35:00,auth,/details,318,200
2025-11-01 03:35:10,catalog,/items,284,200
2025-11-01 03:35:20,auth,/send-email,292,200
2025-11-01 03:35:30,catalog,/details,269,200
2025-11-01 03:35:40,payments,/login,184,500
2025-11-01 03:35:50,catalog,/send-email,141,200
2025-11-01 03:36:00,notifications,/details,272,200
2025-11-01 03:36:10,orders,/send-email,282,200
2025-11-01 03:36:20,orders,/details,319,200
2025-11-01 03:36:30,orders,/send-email,403,200
2025-11-01 03:36:40,auth,/items,238,200
2025-11-01 03:36:50,catalog,/checkout,207,200
2025-11-01 03:37:00,orders,/items,347,200
2025-11-01 03:37:10,orders,/items,199,200
2025-11-01 03:37:20,orders,/checkout,253,200
2025-11-01 03:37:30,notifications,/items,205,200
2025-11-01 03:37:40,notifications,/send-email,196,200
2025-11-01 03:37:50,payments,/details,262,200
2025-11-01 03:38:00,orders,/send-email,227,200
2025-11-01 03:38:10,auth,/send-email,291,200
2025-11-01 03:38:20,orders,/checkout,105,200
2025-11-01 03:38:30,payments,/details,377,200
2025-11-01 03:38:40,notifications,/login,1495,200
2025-11-01 03:38:50,payments,/login,351,200
2025-11-01 03:39:00,orders,/login,281,200
2025-11-01 03:39:10,auth,/login,266,200
2025-11-01 03:39:20,catalog,/items,216,200
2025-11-01 03:39:30,orders,/details,274,200
2025-11-01 03:39:40,orders,/items,233,200
2025-11-01 03:39:50,orders,/login,410,200
2025-11-01 03:40:00,auth,/send-email,253,200
2025-11-01 03:40:10,auth,/items,355,200
2025-11-01 03:40:20,orders,/details,351,200
2025-11-01 03:40:30,auth,/send-email,307,200
2025-11-01 03:40:40,auth,/send-email,161,200
2025-11-01 03:40:50,auth,/send-email,176,200
2025-11-01 03:41:00,auth,/login,199,200
2025-11-01 03:41:10,notifications,/send-email,260,200
2025-11-01 03:41:20,notifications,/send-email,332,200
2025-11-01 03:41:30,auth,/checkout,249,200
2025-11-01 03:41:40,notifications,/login,220,200
2025-11-01 03:41:50,auth,/send-email,377,200
2025-11-01 03:42:00,notifications,/checkout,250,200
2025-11-01 03:42:10,notifications,/login,203,200
2025-11-01 03:42:20,orders,/login,1030,200
2025-11-01 03:42:30,notifications,/checkout,1595,200
2025-11-01 03:42:40,payments,/checkout,122,200
2025-11-01 03:42:50,notifications,/send-email,283,200
2025-11-01 03:43:00,catalog,/send-email,158,200
2025-11-01 03:43:10,notifications,/details,264,200
2025-11-01 03:43:20,orders,/login,133,200
2025-11-01 03:43:30,catalog,/details,162,200
2025-11-01 03:43:40,auth,/send-email,390,200
2025-11-01 03:43:50,auth,/send-email,174,200
2025-11-01 03:44:00,auth,/details,98,200
2025-11-01 03:44:10,auth,/send-email,379,200
2025-11-01 03:44:20,payments,/login,301,200
2025-11-01 03:44:30,auth,/items,287,200
2025-11-01 03:44:40,notifications,/send-email,305,200
2025-11-01 03:44:50,notifications,/login,354,200
2025-11-01 03:45:00,catalog,/details,184,200
2025-11-01 03:45:10,auth,/send-email,327,200
2025-11-01 03:45:20,payments,/login,183,200
2025-11-01 03:45:30,orders,/details,398,200
2025-11-01 03:45:40,payments,/details,160,200
2025-11-01 03:45:50,notifications,/checkout,187,200
2025-11-01 03:46:00,notifications,/items,336,200
2025-11-01 03:46:10,notifications,/details,253,200
2025-11-01 03:46:20,payments,/items,225,200
2025-11-01 03:46:30,notifications,/send-email,109,200
2025-11-01 03:46:40,payments,/send-email,278,200
2025-11-01 03:46:50,auth,/checkout,269,200
2025-11-01 03:47:00,catalog,/details,321,200
2025-11-01 03:47:10,notifications,/login,136,200
2025-11-01 03:47:20,orders,/send-email,219,200
2025-11-01 03:47:30,catalog,/send-email,273,200
2025-11-01 03:47:40,auth,/checkout,288,200
2025-11-01 03:47:50,orders,/details,326,200
2025-11-01 03:48:00,notifications,/details,191,200
2025-11-01 03:48:10,notifications,/items,224,200
2025-11-01 03:48:20,auth,/items,208,200
2025-11-01 03:48:30,payments,/send-email,177,200
2025-11-01 03:48:40,auth,/items,258,200
2025-11-01 03:48:50,auth,/items,305,200
2025-11-01 03:49:00,catalog,/details,213,200
2025-11-01 03:49:10,orders,/items,193,200
2025-11-01 03:49:20,catalog,/details,258,200
2025-11-01 03:49:30,catalog,/items,350,200
2025-11-01 03:49:40,payments,/items,261,200
2025-11-01 03:49:50,auth,/login,10,200
2025-11-01 03:50:00,catalog,/items,173,200
2025-11-01 03:50:10,catalog,/send-email,226,200
2025-11-01 03:50:20,catalog,/items,183,200
2025-11-01 03:50:30,auth,/login,64,200
2025-11-01 03:50:40,auth,/details,355,500
2025-11-01 03:50:50,catalog,/checkout,189,200
2025-11-01 03:51:00,auth,/details,421,200
2025-11-01 03:51:10,notifications,/details,237,200
2025-11-01 03:51:20,auth,/send-email,159,200
2025-11-01 03:51:30,notifications,/items,264,200
2025-11-01 03:51:40,notifications,/send-email,244,200
2025-11-01 03:51:50,auth,/items,222,200
2025-11-01 03:52:00,catalog,/items,192,200
2025-11-01 03:52:10,orders,/items,324,500
2025-11-01 03:52:20,orders,/details,375,200
2025-11-01 03:52:30,catalog,/login,359,200
2025-11-01 03:52:40,catalog,/items,209,200
2025-11-01 03:52:50,payments,/checkout,320,200
2025-11-01 03:53:00,orders,/details,289,200
2025-11-01 03:53:10,payments,/details,306,200
2025-11-01 03:53:20,payments,/details,115,200
2025-11-01 03:53:30,orders,/send-email,325,200
2025-11-01 03:53:40,notifications,/send-email,224,200
2025-11-01 03:53:50,notifications,/login,150,200
2025-11-01 03:54:00,auth,/details,280,200
2025-11-01 03:54:10,payments,/login,254,200
2025-11-01 03:54:20,catalog,/details,251,200
2025-11-01 03:54:30,catalog,/send-email,322,200
2025-11-01 03:54:40,orders,/checkout,303,200
2025-11-01 03:54:50,orders,/login,251,200
2025-11-01 03:55:00,payments,/items,134,200
2025-11-01 03:55:10,orders,/login,372,200
2025-11-01 03:55:20,notifications,/checkout,299,200
2025-11-01 03:55:30,auth,/login,384,200
2025-11-01 03:55:40,payments,/details,385,200
2025-11-01 03:55:50,orders,/items,334,200
2025-11-01 03:56:00,catalog,/send-email,230,200
2025-11-01 03:56:10,payments,/details,404,200
2025-11-01 03:56:20,auth,/login,291,200
2025-11-01 03:56:30,payments,/login,111,200
2025-11-01 03:56:40,payments,/checkout,445,200
2025-11-01 03:56:50,notifications,/details,276,200
2025-11-01 03:57:00,orders,/checkout,327,200
2025-11-01 03:57:10,auth,/items,148,200
2025-11-01 03:57:20,payments,/send-email,317,200
2025-11-01 03:57:30,orders,/details,29,200
2025-11-01 03:57:40,auth,/checkout,165,200
2025-11-01 03:57:50,notifications,/checkout,223,200
2025-11-01 03:58:00,orders,/details,180,200
2025-11-01 03:58:10,payments,/items,254,200
2025-11-01 03:58:20,orders,/checkout,116,200
2025-11-01 03:58:30,orders,/items,450,200
2025-11-01 03:58:40,notifications,/send-email,205,200
2025-11-01 03:58:50,catalog,/checkout,306,200
2025-11-01 03:59:00,catalog,/details,247,200
2025-11-01 03:59:10,payments,/details,241,200
2025-11-01 03:59:20,payments,/details,260,200
2025-11-01 03:59:30,orders,/send-email,190,200
2025-11-01 03:59:40,notifications,/login,316,200
2025-11-01 03:59:50,auth,/details,179,200
2025-11-01 04:00:00,auth,/login,265,200
2025-11-01 04:00:10,orders,/details,211,200
2025-11-01 04:00:20,notifications,/checkout,355,200
2025-11-01 04:00:30,auth,/items,137,200
2025-11-01 04:00:40,auth,/items,257,200
2025-11-01 04:00:50,catalog,/details,324,200
2025-11-01 04:01:00,catalog,/send-email,367,200
2025-11-01 04:01:10,catalog,/items,192,200
2025-11-01 04:01:20,payments,/items,291,200
2025-11-01 04:01:30,orders,/checkout,358,200
2025-11-01 04:01:40,notifications,/login,273,200
2025-11-01 04:01:50,orders,/send-email,283,200
2025-11-01 04:02:00,orders,/details,359,200
2025-11-01 04:02:10,auth,/items,235,200
2025-11-01 04:02:20,notifications,/login,283,500
2025-11-01 04:02:30,auth,/items,318,200
2025-11-01 04:02:40,catalog,/checkout,264,200
2025-11-01 04:02:50,catalog,/login,288,200
2025-11-01 04:03:00,auth,/send-email,151,200
2025-11-01 04:03:10,payments,/details,233,200
2025-11-01 04:03:20,auth,/checkout,305,200
2025-11-01 04:03:30,orders,/send-email,256,200
2025-11-01 04:03:40,catalog,/details,356,200
2025-11-01 04:03:50,orders,/details,320,200
2025-11-01 04:04:00,orders,/login,364,200
2025-11-01 04:04:10,auth,/details,255,200
2025-11-01 04:04:20,catalog,/send-email,356,200
2025-11-01 04:04:30,catalog,/send-email,332,200
2025-11-01 04:04:40,payments,/send-email,335,200
2025-11-01 04:04:50,orders,/send-email,247,200
2025-11-01 04:05:00,catalog,/items,233,200
2025-11-01 04:05:10,payments,/login,127,200
2025-11-01 04:05:20,orders,/checkout,123,200
2025-11-01 04:05:30,notifications,/details,270,200
2025-11-01 04:05:40,catalog,/checkout,184,200
2025-11-01 04:05:50,payments,/send-email,291,200
2025-11-01 04:06:00,orders,/checkout,336,200
2025-11-01 04:06:10,catalog,/login,327,200
2025-11-01 04:06:20,auth,/items,177,200
2025-11-01 04:06:30,notifications,/login,254,200
2025-11-01 04:06:40,auth,/items,200,200
2025-11-01 04:06:50,auth,/details,296,200
2025-11-01 04:07:00,catalog,/details,186,200
2025-11-01 04:07:10,notifications,/details,219,200
2025-11-01 04:07:20,auth,/items,250,200
2025-11-01 04:07:30,auth,/send-email,323,200
2025-11-01 04:07:40,auth,/checkout,98,200
2025-11-01 04:07:50,payments,/login,308,200
2025-11-01 04:08:00,orders,/checkout,333,200
2025-11-01 04:08:10,orders,/details,150,200
2025-11-01 04:08:20,catalog,/login,404,200
2025-11-01 04:08:30,auth,/send-email,205,200
2025-11-01 04:08:40,auth,/login,282,200
2025-11-01 04:08:50,catalog,/login,277,200
2025-11-01 04:09:00,catalog,/login,309,200
2025-11-01 04:09:10,payments,/send-email,208,200
2025-11-01 04:09:20,auth,/checkout,264,200
2025-11-01 04:09:30,notifications,/items,228,200
2025-11-01 04:09:40,catalog,/checkout,1245,200
2025-11-01 04:09:50,payments,/send-email,299,200
2025-11-01 04:10:00,catalog,/checkout,129,200
2025-11-01 04:10:10,payments,/login,207,200
2025-11-01 04:10:20,notifications,/login,355,500
2025-11-01 04:10:30,catalog,/login,223,200
2025-11-01 04:10:40,payments,/login,185,200
2025-11-01 04:10:50,notifications,/details,63,200
2025-11-01 04:11:00,auth,/checkout,382,200
2025-11-01 04:11:10,catalog,/send-email,264,200
2025-11-01 04:11:20,auth,/checkout,224,200
2025-11-01 04:11:30,payments,/items,207,200
2025-11-01 04:11:40,payments,/items,273,200
2025-11-01 04:11:50,payments,/send-email,115,200
2025-11-01 04:12:00,notifications,/items,274,200
2025-11-01 04:12:10,catalog,/details,91,200
2025-11-01 04:12:20,catalog,/send-email,219,200
2025-11-01 04:12:30,orders,/checkout,320,200
2025-11-01 04:12:40,orders,/checkout,230,200
2025-11-01 04:12:50,payments,/login,52,200
2025-11-01 04:13:00,catalog,/details,10,200
2025-11-01 04:13:10,auth,/details,261,200
2025-11-01 04:13:20,notifications,/checkout,212,200
2025-11-01 04:13:30,catalog,/login,367,200
2025-11-01 04:13:40,catalog,/items,318,200
2025-11-01 04:13:50,catalog,/checkout,426,200
2025-11-01 04:14:00,catalog,/checkout,338,200
2025-11-01 04:14:10,auth,/checkout,141,200
2025-11-01 04:14:20,auth,/details,361,200
2025-11-01 04:14:30,orders,/items,195,200
2025-11-01 04:14:40,auth,/items,269,200
2025-11-01 04:14:50,orders,/items,144,200
2025-11-01 04:15:00,payments,/items,254,200
2025-11-01 04:15:10,auth,/send-email,242,200
2025-11-01 04:15:20,notifications,/details,267,200
2025-11-01 04:15:30,payments,/details,268,200
2025-11-01 04:15:40,notifications,/send-email,248,200
2025-11-01 04:15:50,auth,/details,287,200
2025-11-01 04:16:00,notifications,/details,401,200
2025-11-01 04:16:10,auth,/checkout,255,200
2025-11-01 04:16:20,payments,/login,298,200
2025-11-01 04:16:30,payments,/checkout,221,200
2025-11-01 04:16:40,auth,/details,167,200
2025-11-01 04:16:50,auth,/items,347,200
2025-11-01 04:17:00,notifications,/items,279,200
2025-11-01 04:17:10,notifications,/checkout,315,200
2025-11-01 04:17:20,orders,/send-email,168,200
2025-11-01 04:17:30,catalog,/checkout,313,200
2025-11-01 04:17:40,payments,/checkout,342,200
2025-11-01 04:17:50,auth,/login,328,200
2025-11-01 04:18:00,payments,/login,123,200
2025-11-01 04:18:10,auth,/login,402,200
2025-11-01 04:18:20,orders,/checkout,249,200
2025-11-01 04:18:30,notifications,/checkout,248,200
2025-11-01 04:18:40,notifications,/send-email,353,200
2025-11-01 04:18:50,orders,/details,167,200
2025-11-01 04:19:00,catalog,/send-email,125,200
2025-11-01 04:19:10,catalog,/checkout,337,200
2025-11-01 04:19:20,notifications,/items,339,200
2025-11-01 04:19:30,orders,/checkout,337,200
2025-11-01 04:19:40,catalog,/details,345,200
2025-11-01 04:19:50,payments,/checkout,322,200
2025-11-01 04:20:00,orders,/details,272,200
2025-11-01 04:20:10,payments,/send-email,172,200
2025-11-01 04:20:20,notifications,/send-email,405,200
2025-11-01 04:20:30,catalog,/items,1010,200
2025-11-01 04:20:40,auth,/login,344,200
2025-11-01 04:20:50,orders,/login,141,200
2025-11-01 04:21:00,auth,/checkout,394,200
2025-11-01 04:21:10,payments,/items,236,200
2025-11-01 04:21:20,orders,/items,347,200
2025-11-01 04:21:30,notifications,/details,330,200
2025-11-01 04:21:40,catalog,/send-email,322,200
2025-11-01 04:21:50,auth,/details,286,200
2025-11-01 04:22:00,catalog,/details,312,200
2025-11-01 04:22:10,orders,/items,315,200
2025-11-01 04:22:20,notifications,/checkout,221,200
2025-11-01 04:22:30,orders,/login,356,200
2025-11-01 04:22:40,catalog,/items,284,200
2025-11-01 04:22:50,auth,/login,202,200
2025-11-01 04:23:00,catalog,/items,191,200
2025-11-01 04:23:10,payments,/details,283,200
2025-11-01 04:23:20,payments,/login,242,200
2025-11-01 04:23:30,notifications,/items,142,200
2025-11-01 04:23:40,payments,/send-email,298,200
2025-11-01 04:23:50,catalog,/login,243,200
2025-11-01 04:24:00,catalog,/items,164,200
2025-11-01 04:24:10,orders,/send-email,222,200
2025-11-01 04:24:20,notifications,/send-email,79,200
2025-11-01 04:24:30,auth,/details,255,200
2025-11-01 04:24:40,payments,/login,284,200
2025-11-01 04:24:50,catalog,/items,203,200
2025-11-01 04:25:00,notifications,/details,231,200
2025-11-01 04:25:10,auth,/details,241,200
2025-11-01 04:25:20,catalog,/details,391,500
2025-11-01 04:25:30,catalog,/details,398,200
2025-11-01 04:25:40,payments,/details,253,200
2025-11-01 04:25:50,payments,/items,300,200
2025-11-01 04:26:00,catalog,/items,283,200
2025-11-01 04:26:10,orders,/send-email,379,500
2025-11-01 04:26:20,payments,/login,225,200
2025-11-01 04:26:30,orders,/send-email,306,200
2025-11-01 04:26:40,payments,/login,245,200
2025-11-01 04:26:50,auth,/details,169,200
2025-11-01 04:27:00,payments,/checkout,278,200
2025-11-01 04:27:10,catalog,/login,183,200
2025-11-01 04:27:20,auth,/login,232,200
2025-11-01 04:27:30,notifications,/login,234,200
2025-11-01 04:27:40,auth,/login,230,200
2025-11-01 04:27:50,notifications,/checkout,138,200
2025-11-01 04:28:00,payments,/details,193,200
2025-11-01 04:28:10,catalog,/items,303,200
2025-11-01 04:28:20,auth,/details,225,200
2025-11-01 04:28:30,notifications,/checkout,165,200
2025-11-01 04:28:40,notifications,/login,100,200
2025-11-01 04:28:50,notifications,/details,441,200
2025-11-01 04:29:00,auth,/checkout,350,200
2025-11-01 04:29:10,notifications,/send-email,366,200
2025-11-01 04:29:20,orders,/details,189,200
2025-11-01 04:29:30,orders,/checkout,194,200
2025-11-01 04:29:40,notifications,/items,255,200
2025-11-01 04:29:50,orders,/send-email,394,200
2025-11-01 04:30:00,payments,/items,306,200
2025-11-01 04:30:10,notifications,/items,227,200
2025-11-01 04:30:20,orders,/details,280,200
2025-11-01 04:30:30,notifications,/details,196,200
2025-11-01 04:30:40,catalog,/items,214,200
2025-11-01 04:30:50,notifications,/send-email,283,200
2025-11-01 04:31:00,notifications,/checkout,172,200
2025-11-01 04:31:10,auth,/items,211,200
2025-11-01 04:31:20,catalog,/items,274,200
2025-11-01 04:31:30,orders,/details,406,200
2025-11-01 04:31:40,payments,/checkout,255,200
2025-11-01 04:31:50,notifications,/login,194,500
2025-11-01 04:32:00,catalog,/login,312,200
2025-11-01 04:32:10,orders,/send-email,215,200
2025-11-01 04:32:20,auth,/checkout,333,200
2025-11-01 04:32:30,orders,/send-email,261,200
2025-11-01 04:32:40,auth,/items,339,200
2025-11-01 04:32:50,catalog,/items,308,200
2025-11-01 04:33:00,orders,/login,231,200
2025-11-01 04:33:10,orders,/items,311,200
2025-11-01 04:33:20,auth,/checkout,178,200
2025-11-01 04:33:30,notifications,/send-email,267,200
2025-11-01 04:33:40,auth,/login,108,200
2025-11-01 04:33:50,orders,/details,313,200
2025-11-01 04:34:00,orders,/details,251,200
2025-11-01 04:34:10,notifications,/login,164,200
2025-11-01 04:34:20,auth,/checkout,343,200
2025-11-01 04:34:30,payments,/checkout,353,200
2025-11-01 04:34:40,payments,/login,255,200
2025-11-01 04:34:50,catalog,/send-email,372,200
2025-11-01 04:35:00,catalog,/send-email,243,200
2025-11-01 04:35:10,auth,/checkout,301,200
2025-11-01 04:35:20,catalog,/items,269,200
2025-11-01 04:35:30,orders,/send-email,418,200
2025-11-01 04:35:40,notifications,/send-email,161,200
2025-11-01 04:35:50,orders,/details,290,200
2025-11-01 04:36:00,notifications,/checkout,198,200
2025-11-01 04:36:10,catalog,/login,347,200
2025-11-01 04:36:20,payments,/items,238,200
2025-11-01 04:36:30,catalog,/details,368,200
2025-11-01 04:36:40,catalog,/details,82,200
2025-11-01 04:36:50,orders,/login,181,200
2025-11-01 04:37:00,payments,/send-email,366,200
2025-11-01 04:37:10,auth,/details,257,200
2025-11-01 04:37:20,orders,/login,226,200
2025-11-01 04:37:30,orders,/login,62,200
2025-11-01 04:37:40,auth,/send-email,180,200
2025-11-01 04:37:50,auth,/login,239,200
2025-11-01 04:38:00,auth,/details,187,200
2025-11-01 04:38:10,orders,/login,372,200
2025-11-01 04:38:20,notifications,/login,320,200
2025-11-01 04:38:30,auth,/items,269,200
2025-11-01 04:38:40,orders,/checkout,258,200
2025-11-01 04:38:50,notifications,/items,295,200
2025-11-01 04:39:00,auth,/details,204,200
2025-11-01 04:39:10,payments,/items,314,200
2025-11-01 04:39:20,catalog,/login,316,200
2025-11-01 04:39:30,catalog,/send-email,441,200
2025-11-01 04:39:40,catalog,/items,295,200
2025-11-01 04:39:50,orders,/login,355,200
2025-11-01 04:40:00,notifications,/items,189,200
2025-11-01 04:40:10,notifications,/login,213,200
2025-11-01 04:40:20,orders,/details,347,200
2025-11-01 04:40:30,catalog,/details,288,200
2025-11-01 04:40:40,notifications,/login,216,200
2025-11-01 04:40:50,notifications,/items,369,200
2025-11-01 04:41:00,catalog,/login,305,200
2025-11-01 04:41:10,payments,/checkout,256,200
2025-11-01 04:41:20,catalog,/send-email,111,200
2025-11-01 04:41:30,auth,/details,373,200
2025-11-01 04:41:40,notifications,/items,226,200
2025-11-01 04:41:50,orders,/login,75,200
2025-11-01 04:42:00,auth,/items,226,200
2025-11-01 04:42:10,payments,/login,216,200
2025-11-01 04:42:20,auth,/checkout,255,200
2025-11-01 04:42:30,catalog,/checkout,181,200
2025-11-01 04:42:40,payments,/checkout,447,200
2025-11-01 04:42:50,catalog,/items,180,200
2025-11-01 04:43:00,catalog,/send-email,234,200
2025-11-01 04:43:10,orders,/login,302,200
2025-11-01 04:43:20,orders,/login,241,200
2025-11-01 04:43:30,notifications,/login,246,200
2025-11-01 04:43:40,notifications,/login,179,200
2025-11-01 04:43:50,orders,/details,180,200
2025-11-01 04:44:00,orders,/send-email,276,200
2025-11-01 04:44:10,orders,/send-email,210,200
2025-11-01 04:44:20,notifications,/checkout,102,200
2025-11-01 04:44:30,orders,/details,280,200
2025-11-01 04:44:40,notifications,/checkout,261,200
2025-11-01 04:44:50,auth,/items,278,200
2025-11-01 04:45:00,notifications,/checkout,240,200
2025-11-01 04:45:10,auth,/details,131,200
2025-11-01 04:45:20,orders,/login,161,200
2025-11-01 04:45:30,orders,/login,925,200
2025-11-01 04:45:40,payments,/send-email,289,200
2025-11-01 04:45:50,auth,/details,94,200
2025-11-01 04:46:00,auth,/details,302,200
2025-11-01 04:46:10,orders,/details,334,200
2025-11-01 04:46:20,notifications,/send-email,154,200
2025-11-01 04:46:30,catalog,/login,297,200
2025-11-01 04:46:40,orders,/items,285,200
2025-11-01 04:46:50,payments,/send-email,152,200
2025-11-01 04:47:00,notifications,/checkout,248,200
2025-11-01 04:47:10,orders,/send-email,300,200
2025-11-01 04:47:20,orders,/details,277,200
2025-11-01 04:47:30,catalog,/login,103,200
2025-11-01 04:47:40,payments,/items,149,200
2025-11-01 04:47:50,notifications,/send-email,479,200
2025-11-01 04:48:00,payments,/send-email,167,200
2025-11-01 04:48:10,orders,/details,269,200
2025-11-01 04:48:20,auth,/checkout,116,200
2025-11-01 04:48:30,catalog,/send-email,234,200
2025-11-01 04:48:40,notifications,/send-email,379,200
2025-11-01 04:48:50,orders,/items,339,200
2025-11-01 04:49:00,auth,/details,268,200
2025-11-01 04:49:10,catalog,/details,256,200
2025-11-01 04:49:20,orders,/items,222,200
2025-11-01 04:49:30,orders,/send-email,326,200
2025-11-01 04:49:40,orders,/details,263,200
2025-11-01 04:49:50,notifications,/send-email,217,200
2025-11-01 04:50:00,orders,/items,258,200
2025-11-01 04:50:10,orders,/login,165,200
2025-11-01 04:50:20,payments,/items,229,200
2025-11-01 04:50:30,payments,/login,142,500
2025-11-01 04:50:40,notifications,/details,259,200
2025-11-01 04:50:50,auth,/login,340,200
2025-11-01 04:51:00,catalog,/login,267,200
2025-11-01 04:51:10,catalog,/send-email,241,200
2025-11-01 04:51:20,catalog,/details,494,200
2025-11-01 04:51:30,orders,/checkout,144,200
2025-11-01 04:51:40,payments,/items,264,200
2025-11-01 04:51:50,orders,/items,161,200
2025-11-01 04:52:00,auth,/send-email,322,200
2025-11-01 04:52:10,notifications,/items,166,200
2025-11-01 04:52:20,orders,/items,302,200
2025-11-01 04:52:30,orders,/login,214,200
2025-11-01 04:52:40,catalog,/login,269,200
2025-11-01 04:52:50,payments,/send-email,378,200
2025-11-01 04:53:00,auth,/login,198,200
2025-11-01 04:53:10,orders,/send-email,193,200
2025-11-01 04:53:20,orders,/checkout,271,200
2025-11-01 04:53:30,orders,/checkout,298,200
2025-11-01 04:53:40,notifications,/items,218,200
2025-11-01 04:53:50,auth,/checkout,243,200
2025-11-01 04:54:00,notifications,/items,401,200
2025-11-01 04:54:10,auth,/items,209,200
2025-11-01 04:54:20,orders,/login,425,200
2025-11-01 04:54:30,orders,/send-email,304,200
2025-11-01 04:54:40,notifications,/checkout,237,200
2025-11-01 04:54:50,notifications,/items,141,200
2025-11-01 04:55:00,payments,/checkout,143,200
2025-11-01 04:55:10,orders,/checkout,211,200
2025-11-01 04:55:20,catalog,/details,204,200
2025-11-01 04:55:30,notifications,/send-email,229,200
2025-11-01 04:55:40,payments,/details,323,200
2025-11-01 04:55:50,catalog,/details,104,200
2025-11-01 04:56:00,catalog,/login,260,200
2025-11-01 04:56:10,orders,/details,250,200
2025-11-01 04:56:20,notifications,/checkout,403,200
2025-11-01 04:56:30,catalog,/details,451,200
2025-11-01 04:56:40,catalog,/items,309,200
2025-11-01 04:56:50,catalog,/login,234,200
2025-11-01 04:57:00,catalog,/details,369,200
2025-11-01 04:57:10,payments,/login,283,200
2025-11-01 04:57:20,payments,/login,90,200
2025-11-01 04:57:30,catalog,/details,181,200
2025-11-01 04:57:40,notifications,/send-email,253,200
2025-11-01 04:57:50,payments,/items,283,200
2025-11-01 04:58:00,notifications,/items,99,200
2025-11-01 04:58:10,payments,/details,177,200
2025-11-01 04:58:20,orders,/login,232,200
2025-11-01 04:58:30,orders,/items,184,200
2025-11-01 04:58:40,notifications,/items,306,200
2025-11-01 04:58:50,catalog,/details,294,200
2025-11-01 04:59:00,auth,/details,285,500
2025-11-01 04:59:10,auth,/login,187,200
2025-11-01 04:59:20,notifications,/login,210,200
2025-11-01 04:59:30,orders,/send-email,268,200
2025-11-01 04:59:40,notifications,/checkout,220,200
2025-11-01 04:59:50,payments,/details,244,200
2025-11-01 05:00:00,orders,/login,278,200
2025-11-01 05:00:10,payments,/send-email,207,200
2025-11-01 05:00:20,auth,/details,223,200
2025-11-01 05:00:30,orders,/checkout,192,200
2025-11-01 05:00:40,orders,/items,278,200
2025-11-01 05:00:50,orders,/details,227,200
2025-11-01 05:01:00,catalog,/send-email,110,200
2025-11-01 05:01:10,orders,/details,128,200
2025-11-01 05:01:20,payments,/items,245,200
2025-11-01 05:01:30,payments,/items,246,200
2025-11-01 05:01:40,auth,/checkout,282,200
2025-11-01 05:01:50,notifications,/login,318,200
2025-11-01 05:02:00,auth,/login,360,200
2025-11-01 05:02:10,notifications,/login,180,200
2025-11-01 05:02:20,notifications,/details,383,200
2025-11-01 05:02:30,auth,/details,373,200
2025-11-01 05:02:40,auth,/checkout,257,200
2025-11-01 05:02:50,payments,/items,428,200
2025-11-01 05:03:00,catalog,/login,157,200
2025-11-01 05:03:10,notifications,/details,255,200
2025-11-01 05:03:20,payments,/login,184,200
2025-11-01 05:03:30,auth,/checkout,1115,200
2025-11-01 05:03:40,auth,/items,307,200
2025-11-01 05:03:50,auth,/login,243,200
2025-11-01 05:04:00,orders,/login,173,200
2025-11-01 05:04:10,auth,/checkout,238,200
2025-11-01 05:04:20,orders,/login,91,200
2025-11-01 05:04:30,notifications,/checkout,170,200
2025-11-01 05:04:40,auth,/checkout,207,200
2025-11-01 05:04:50,catalog,/login,179,200
2025-11-01 05:05:00,orders,/checkout,209,200
2025-11-01 05:05:10,orders,/details,220,200
2025-11-01 05:05:20,notifications,/checkout,174,200
2025-11-01 05:05:30,catalog,/details,191,200
2025-11-01 05:05:40,orders,/checkout,277,200
2025-11-01 05:05:50,orders,/send-email,301,200
2025-11-01 05:06:00,notifications,/checkout,174,200
2025-11-01 05:06:10,payments,/login,342,200
2025-11-01 05:06:20,auth,/login,189,200
2025-11-01 05:06:30,payments,/checkout,183,200
2025-11-01 05:06:40,payments,/login,238,200
2025-11-01 05:06:50,notifications,/login,262,200
2025-11-01 05:07:00,catalog,/send-email,197,200
2025-11-01 05:07:10,notifications,/send-email,224,200
2025-11-01 05:07:20,auth,/login,189,200
2025-11-01 05:07:30,orders,/send-email,266,200
2025-11-01 05:07:40,catalog,/details,259,200
2025-11-01 05:07:50,orders,/login,92,200
2025-11-01 05:08:00,orders,/details,260,200
2025-11-01 05:08:10,auth,/send-email,157,200
2025-11-01 05:08:20,notifications,/checkout,248,200
2025-11-01 05:08:30,auth,/items,178,200
2025-11-01 05:08:40,catalog,/checkout,291,200
2025-11-01 05:08:50,orders,/items,142,200
2025-11-01 05:09:00,orders,/send-email,266,200
2025-11-01 05:09:10,payments,/login,229,200
2025-11-01 05:09:20,catalog,/details,267,200
2025-11-01 05:09:30,catalog,/details,257,200
2025-11-01 05:09:40,payments,/checkout,310,200
2025-11-01 05:09:50,orders,/items,321,200
2025-11-01 05:10:00,notifications,/details,286,200
2025-11-01 05:10:10,notifications,/details,172,200
2025-11-01 05:10:20,orders,/details,291,200
2025-11-01 05:10:30,auth,/details,381,200
2025-11-01 05:10:40,catalog,/items,426,200
2025-11-01 05:10:50,orders,/send-email,233,200
2025-11-01 05:11:00,payments,/checkout,115,200
2025-11-01 05:11:10,payments,/details,92,200
2025-11-01 05:11:20,payments,/send-email,289,200
2025-11-01 05:11:30,payments,/send-email,317,200
2025-11-01 05:11:40,auth,/login,355,200
2025-11-01 05:11:50,notifications,/login,353,200
2025-11-01 05:12:00,auth,/items,129,200
2025-11-01 05:12:10,notifications,/details,255,200
2025-11-01 05:12:20,orders,/details,229,200
2025-11-01 05:12:30,payments,/login,102,200
2025-11-01 05:12:40,notifications,/details,317,200
2025-11-01 05:12:50,auth,/checkout,280,200
2025-11-01 05:13:00,notifications,/items,308,200
2025-11-01 05:13:10,catalog,/checkout,389,200
2025-11-01 05:13:20,notifications,/details,118,200
2025-11-01 05:13:30,notifications,/items,195,200
2025-11-01 05:13:40,payments,/details,103,200
2025-11-01 05:13:50,catalog,/send-email,165,200
2025-11-01 05:14:00,orders,/login,209,200
2025-11-01 05:14:10,orders,/details,300,200
2025-11-01 05:14:20,payments,/details,148,200
2025-11-01 05:14:30,orders,/checkout,171,200
2025-11-01 05:14:40,auth,/send-email,329,500
2025-11-01 05:14:50,catalog,/items,255,200
2025-11-01 05:15:00,catalog,/send-email,176,200
2025-11-01 05:15:10,auth,/login,163,200
2025-11-01 05:15:20,orders,/send-email,316,200
2025-11-01 05:15:30,orders,/items,341,200
2025-11-01 05:15:40,orders,/items,214,200
2025-11-01 05:15:50,notifications,/send-email,206,200
2025-11-01 05:16:00,payments,/login,152,200
2025-11-01 05:16:10,auth,/send-email,239,200
2025-11-01 05:16:20,auth,/login,370,200
2025-11-01 05:16:30,auth,/checkout,270,200
2025-11-01 05:16:40,catalog,/login,251,200
2025-11-01 05:16:50,orders,/login,328,200
2025-11-01 05:17:00,payments,/details,328,200
2025-11-01 05:17:10,orders,/details,180,200
2025-11-01 05:17:20,orders,/details,374,200
2025-11-01 05:17:30,auth,/login,289,200
2025-11-01 05:17:40,catalog,/login,347,200
2025-11-01 05:17:50,payments,/items,237,200
2025-11-01 05:18:00,orders,/details,387,200
2025-11-01 05:18:10,auth,/details,294,200
2025-11-01 05:18:20,payments,/send-email,240,200
2025-11-01 05:18:30,notifications,/items,262,200
2025-11-01 05:18:40,notifications,/login,260,200
2025-11-01 05:18:50,catalog,/send-email,285,200
2025-11-01 05:19:00,catalog,/send-email,311,200
2025-11-01 05:19:10,notifications,/checkout,373,200
2025-11-01 05:19:20,payments,/items,242,200
2025-11-01 05:19:30,catalog,/checkout,158,200
2025-11-01 05:19:40,notifications,/checkout,304,500
2025-11-01 05:19:50,orders,/login,139,200
2025-11-01 05:20:00,catalog,/checkout,154,200
2025-11-01 05:20:10,payments,/details,270,500
2025-11-01 05:20:20,auth,/checkout,156,200
2025-11-01 05:20:30,notifications,/login,261,200
2025-11-01 05:20:40,payments,/items,202,200
2025-11-01 05:20:50,orders,/details,309,200
2025-11-01 05:21:00,payments,/checkout,327,200
2025-11-01 05:21:10,notifications,/login,283,200
2025-11-01 05:21:20,catalog,/items,173,200
2025-11-01 05:21:30,orders,/checkout,256,200
2025-11-01 05:21:40,auth,/send-email,359,200
2025-11-01 05:21:50,catalog,/details,263,200
2025-11-01 05:22:00,orders,/details,39,200
2025-11-01 05:22:10,auth,/items,153,200
2025-11-01 05:22:20,notifications,/send-email,175,200
2025-11-01 05:22:30,catalog,/send-email,330,200
2025-11-01 05:22:40,catalog,/login,220,200
2025-11-01 05:22:50,notifications,/login,289,200
2025-11-01 05:23:00,payments,/login,194,200
2025-11-01 05:23:10,payments,/items,213,200
2025-11-01 05:23:20,payments,/checkout,295,200
2025-11-01 05:23:30,orders,/checkout,212,200
2025-11-01 05:23:40,orders,/items,349,200
2025-11-01 05:23:50,payments,/items,226,200
2025-11-01 05:24:00,catalog,/checkout,300,200
2025-11-01 05:24:10,catalog,/checkout,191,200
2025-11-01 05:24:20,notifications,/send-email,204,500
2025-11-01 05:24:30,payments,/items,318,200
2025-11-01 05:24:40,payments,/send-email,170,200
2025-11-01 05:24:50,orders,/checkout,182,200
2025-11-01 05:25:00,notifications,/details,332,200
2025-11-01 05:25:10,catalog,/send-email,192,200
2025-11-01 05:25:20,payments,/details,117,200
2025-11-01 05:25:30,catalog,/details,341,200
2025-11-01 05:25:40,auth,/login,215,200
2025-11-01 05:25:50,auth,/checkout,295,200
2025-11-01 05:26:00,auth,/details,344,200
2025-11-01 05:26:10,payments,/login,208,200
2025-11-01 05:26:20,catalog,/send-email,253,200
2025-11-01 05:26:30,orders,/checkout,449,200
2025-11-01 05:26:40,orders,/send-email,282,200
2025-11-01 05:26:50,orders,/login,275,200
2025-11-01 05:27:00,auth,/details,243,200
2025-11-01 05:27:10,catalog,/items,346,200
2025-11-01 05:27:20,catalog,/items,300,200
2025-11-01 05:27:30,catalog,/details,186,200
2025-11-01 05:27:40,auth,/checkout,238,200
2025-11-01 05:27:50,orders,/items,335,200
2025-11-01 05:28:00,payments,/checkout,173,200
2025-11-01 05:28:10,catalog,/send-email,183,200
2025-11-01 05:28:20,notifications,/details,223,200
2025-11-01 05:28:30,catalog,/login,280,200
2025-11-01 05:28:40,catalog,/checkout,277,200
2025-11-01 05:28:50,payments,/login,427,200
2025-11-01 05:29:00,orders,/login,162,200
2025-11-01 05:29:10,notifications,/items,147,200
2025-11-01 05:29:20,payments,/send-email,329,200
2025-11-01 05:29:30,catalog,/details,262,200
2025-11-01 05:29:40,orders,/send-email,220,200
2025-11-01 05:29:50,notifications,/items,136,200
2025-11-01 05:30:00,payments,/login,328,200
2025-11-01 05:30:10,auth,/items,203,200
2025-11-01 05:30:20,payments,/send-email,1685,200
2025-11-01 05:30:30,orders,/checkout,215,200
2025-11-01 05:30:40,catalog,/checkout,282,200
2025-11-01 05:30:50,auth,/checkout,321,200
2025-11-01 05:31:00,catalog,/login,312,200
2025-11-01 05:31:10,payments,/details,103,200
2025-11-01 05:31:20,auth,/details,1130,200
2025-11-01 05:31:30,payments,/details,379,200
2025-11-01 05:31:40,orders,/send-email,222,200
2025-11-01 05:31:50,auth,/send-email,130,200
2025-11-01 05:32:00,orders,/items,363,200
2025-11-01 05:32:10,notifications,/send-email,138,200
2025-11-01 05:32:20,notifications,/login,145,200
2025-11-01 05:32:30,orders,/details,366,200
2025-11-01 05:32:40,payments,/checkout,352,200
2025-11-01 05:32:50,catalog,/login,220,200
2025-11-01 05:33:00,auth,/login,263,200
2025-11-01 05:33:10,notifications,/login,331,200
2025-11-01 05:33:20,auth,/login,139,200
2025-11-01 05:33:30,payments,/details,283,200
2025-11-01 05:33:40,auth,/login,251,200
2025-11-01 05:33:50,payments,/items,369,200
2025-11-01 05:34:00,catalog,/checkout,111,200
2025-11-01 05:34:10,catalog,/send-email,276,200
2025-11-01 05:34:20,catalog,/items,190,200
2025-11-01 05:34:30,catalog,/send-email,348,200
2025-11-01 05:34:40,auth,/checkout,234,200
2025-11-01 05:34:50,payments,/send-email,341,200
2025-11-01 05:35:00,auth,/checkout,124,200
2025-11-01 05:35:10,auth,/send-email,260,200
2025-11-01 05:35:20,orders,/details,1070,200
2025-11-01 05:35:30,notifications,/details,262,200
2025-11-01 05:35:40,notifications,/login,450,200
2025-11-01 05:35:50,orders,/details,180,200
2025-11-01 05:36:00,orders,/items,331,200
2025-11-01 05:36:10,payments,/checkout,341,200
2025-11-01 05:36:20,catalog,/details,176,200
2025-11-01 05:36:30,notifications,/checkout,251,200
2025-11-01 05:36:40,notifications,/checkout,329,200
2025-11-01 05:36:50,catalog,/login,258,200
2025-11-01 05:37:00,notifications,/items,337,200
2025-11-01 05:37:10,catalog,/login,310,200
2025-11-01 05:37:20,catalog,/checkout,326,200
2025-11-01 05:37:30,payments,/send-email,210,200
2025-11-01 05:37:40,notifications,/checkout,196,500
2025-11-01 05:37:50,notifications,/send-email,1885,200
2025-11-01 05:38:00,notifications,/items,333,200
2025-11-01 05:38:10,orders,/details,201,200
2025-11-01 05:38:20,catalog,/send-email,249,200
2025-11-01 05:38:30,catalog,/details,460,200
2025-11-01 05:38:40,auth,/send-email,311,200
2025-11-01 05:38:50,catalog,/send-email,45,200
2025-11-01 05:39:00,notifications,/items,336,200
2025-11-01 05:39:10,auth,/details,215,200
2025-11-01 05:39:20,orders,/login,311,200
2025-11-01 05:39:30,catalog,/send-email,313,200
2025-11-01 05:39:40,payments,/checkout,282,200
2025-11-01 05:39:50,auth,/details,271,200
2025-11-01 05:40:00,catalog,/details,232,200
2025-11-01 05:40:10,auth,/send-email,243,200
2025-11-01 05:40:20,catalog,/login,330,200
2025-11-01 05:40:30,auth,/items,337,200
2025-11-01 05:40:40,payments,/checkout,143,200
2025-11-01 05:40:50,orders,/checkout,254,200
2025-11-01 05:41:00,payments,/details,208,200
2025-11-01 05:41:10,auth,/send-email,254,200
2025-11-01 05:41:20,payments,/items,177,200
2025-11-01 05:41:30,notifications,/checkout,225,200
2025-11-01 05:41:40,auth,/send-email,152,200
2025-11-01 05:41:50,auth,/checkout,266,200
2025-11-01 05:42:00,orders,/send-email,355,200
2025-11-01 05:42:10,payments,/items,160,200
2025-11-01 05:42:20,payments,/send-email,57,200
2025-11-01 05:42:30,notifications,/checkout,222,200
2025-11-01 05:42:40,catalog,/checkout,176,200
2025-11-01 05:42:50,notifications,/details,220,200
2025-11-01 05:43:00,notifications,/login,210,200
2025-11-01 05:43:10,catalog,/details,343,200
2025-11-01 05:43:20,orders,/items,276,200
2025-11-01 05:43:30,auth,/details,357,200
2025-11-01 05:43:40,auth,/send-email,284,200
2025-11-01 05:43:50,payments,/details,233,200
2025-11-01 05:44:00,auth,/send-email,307,200
2025-11-01 05:44:10,notifications,/details,205,200
2025-11-01 05:44:20,catalog,/details,367,200
2025-11-01 05:44:30,notifications,/send-email,300,200
2025-11-01 05:44:40,payments,/details,193,200
2025-11-01 05:44:50,notifications,/checkout,296,200
2025-11-01 05:45:00,catalog,/items,239,200
2025-11-01 05:45:10,payments,/checkout,261,200
2025-11-01 05:45:20,notifications,/items,281,200
2025-11-01 05:45:30,auth,/items,272,200
2025-11-01 05:45:40,catalog,/login,173,200
2025-11-01 05:45:50,auth,/items,197,200
2025-11-01 05:46:00,payments,/details,205,500
2025-11-01 05:46:10,auth,/items,274,200
2025-11-01 05:46:20,catalog,/send-email,339,200
2025-11-01 05:46:30,payments,/items,244,200
2025-11-01 05:46:40,payments,/details,431,200
2025-11-01 05:46:50,orders,/login,275,200
2025-11-01 05:47:00,catalog,/login,240,200
2025-11-01 05:47:10,notifications,/login,273,200
2025-11-01 05:47:20,payments,/checkout,284,200
2025-11-01 05:47:30,payments,/login,231,200
2025-11-01 05:47:40,catalog,/checkout,290,200
2025-11-01 05:47:50,auth,/login,245,200
2025-11-01 05:48:00,orders,/checkout,311,200
2025-11-01 05:48:10,auth,/details,289,200
2025-11-01 05:48:20,notifications,/login,372,200
2025-11-01 05:48:30,notifications,/items,232,200
2025-11-01 05:48:40,payments,/checkout,348,200
2025-11-01 05:48:50,catalog,/checkout,298,200
2025-11-01 05:49:00,auth,/items,201,200
2025-11-01 05:49:10,orders,/items,276,200
2025-11-01 05:49:20,auth,/details,313,200
2025-11-01 05:49:30,auth,/send-email,187,200
2025-11-01 05:49:40,catalog,/details,197,200
2025-11-01 05:49:50,auth,/checkout,310,200
2025-11-01 05:50:00,notifications,/send-email,299,200
2025-11-01 05:50:10,orders,/items,339,200
2025-11-01 05:50:20,catalog,/details,271,200
2025-11-01 05:50:30,payments,/items,339,200
2025-11-01 05:50:40,orders,/items,241,200
2025-11-01 05:50:50,notifications,/login,226,200
2025-11-01 05:51:00,notifications,/login,229,200
2025-11-01 05:51:10,notifications,/login,309,200
2025-11-01 05:51:20,payments,/login,187,200
2025-11-01 05:51:30,notifications,/login,198,200
2025-11-01 05:51:40,notifications,/checkout,257,200
2025-11-01 05:51:50,notifications,/login,280,200
2025-11-01 05:52:00,catalog,/send-email,259,200
2025-11-01 05:52:10,catalog,/send-email,214,200
2025-11-01 05:52:20,payments,/send-email,119,200
2025-11-01 05:52:30,orders,/items,212,200
2025-11-01 05:52:40,catalog,/checkout,12,200
2025-11-01 05:52:50,notifications,/send-email,147,200
2025-11-01 05:53:00,notifications,/checkout,255,200
2025-11-01 05:53:10,notifications,/details,230,200
2025-11-01 05:53:20,orders,/login,337,200
2025-11-01 05:53:30,notifications,/items,204,200
2025-11-01 05:53:40,payments,/login,207,200
2025-11-01 05:53:50,payments,/checkout,269,200
2025-11-01 05:54:00,catalog,/details,387,200
2025-11-01 05:54:10,catalog,/checkout,274,200
2025-11-01 05:54:20,auth,/send-email,158,200
2025-11-01 05:54:30,notifications,/login,358,200
2025-11-01 05:54:40,payments,/checkout,216,200
2025-11-01 05:54:50,orders,/checkout,289,200
2025-11-01 05:55:00,notifications,/checkout,304,200
2025-11-01 05:55:10,catalog,/login,258,200
2025-11-01 05:55:20,auth,/checkout,315,200
2025-11-01 05:55:30,notifications,/login,230,200
2025-11-01 05:55:40,payments,/checkout,186,200
2025-11-01 05:55:50,notifications,/items,180,200
2025-11-01 05:56:00,catalog,/login,291,200
2025-11-01 05:56:10,auth,/details,200,200
2025-11-01 05:56:20,auth,/send-email,276,200
2025-11-01 05:56:30,orders,/checkout,252,200
2025-11-01 05:56:40,catalog,/login,255,200
2025-11-01 05:56:50,catalog,/checkout,171,200
2025-11-01 05:57:00,notifications,/send-email,204,200
2025-11-01 05:57:10,auth,/send-email,226,200
2025-11-01 05:57:20,payments,/login,307,200
2025-11-01 05:57:30,catalog,/checkout,89,200
2025-11-01 05:57:40,catalog,/items,459,200
2025-11-01 05:57:50,catalog,/details,263,200
2025-11-01 05:58:00,notifications,/login,196,200
2025-11-01 05:58:10,catalog,/login,368,200
2025-11-01 05:58:20,payments,/login,340,200
2025-11-01 05:58:30,payments,/send-email,174,200
2025-11-01 05:58:40,orders,/items,166,200
2025-11-01 05:58:50,auth,/login,338,200
2025-11-01 05:59:00,catalog,/send-email,405,200
2025-11-01 05:59:10,auth,/checkout,368,200
2025-11-01 05:59:20,orders,/items,108,200
2025-11-01 05:59:30,payments,/items,1190,200
2025-11-01 05:59:40,payments,/checkout,320,200
2025-11-01 05:59:50,payments,/items,322,200
2025-11-01 06:00:00,orders,/details,94,200
2025-11-01 06:00:10,notifications,/checkout,125,200
2025-11-01 06:00:20,catalog,/login,1190,200
2025-11-01 06:00:30,payments,/checkout,172,200
2025-11-01 06:00:40,payments,/details,262,200
2025-11-01 06:00:50,payments,/checkout,159,200
2025-11-01 06:01:00,auth,/items,209,200
2025-11-01 06:01:10,orders,/send-email,102,200
2025-11-01 06:01:20,payments,/checkout,140,200
2025-11-01 06:01:30,auth,/items,284,200
2025-11-01 06:01:40,auth,/items,273,200
2025-11-01 06:01:50,payments,/login,256,200
2025-11-01 06:02:00,auth,/checkout,224,200
2025-11-01 06:02:10,payments,/details,297,200
2025-11-01 06:02:20,orders,/details,181,200
2025-11-01 06:02:30,notifications,/details,260,200
2025-11-01 06:02:40,notifications,/details,374,200
2025-11-01 06:02:50,catalog,/login,310,200
2025-11-01 06:03:00,orders,/login,276,200
2025-11-01 06:03:10,auth,/details,260,200
2025-11-01 06:03:20,payments,/login,323,200
2025-11-01 06:03:30,payments,/login,218,200
2025-11-01 06:03:40,notifications,/details,115,200
2025-11-01 06:03:50,auth,/send-email,291,200
2025-11-01 06:04:00,orders,/details,359,200
2025-11-01 06:04:10,catalog,/details,319,200
2025-11-01 06:04:20,payments,/login,332,200
2025-11-01 06:04:30,orders,/login,299,200
2025-11-01 06:04:40,orders,/details,224,200
2025-11-01 06:04:50,catalog,/send-email,212,200
2025-11-01 06:05:00,auth,/send-email,235,200
2025-11-01 06:05:10,payments,/items,222,200
2025-11-01 06:05:20,notifications,/items,268,200
2025-11-01 06:05:30,catalog,/details,312,500
2025-11-01 06:05:40,notifications,/checkout,256,200
2025-11-01 06:05:50,catalog,/items,313,200
2025-11-01 06:06:00,orders,/send-email,299,200
2025-11-01 06:06:10,orders,/checkout,220,200
2025-11-01 06:06:20,payments,/login,262,200
2025-11-01 06:06:30,notifications,/checkout,181,200
2025-11-01 06:06:40,notifications,/details,226,200
2025-11-01 06:06:50,payments,/items,164,200
2025-11-01 06:07:00,orders,/login,278,200
2025-11-01 06:07:10,auth,/login,150,200
2025-11-01 06:07:20,catalog,/checkout,284,200
2025-11-01 06:07:30,orders,/details,261,200
2025-11-01 06:07:40,auth,/details,336,500
2025-11-01 06:07:50,payments,/login,239,200
2025-11-01 06:08:00,payments,/login,218,200
2025-11-01 06:08:10,payments,/login,344,200
2025-11-01 06:08:20,orders,/login,155,200
2025-11-01 06:08:30,auth,/checkout,149,200
2025-11-01 06:08:40,orders,/items,245,500
2025-11-01 06:08:50,payments,/login,142,200
2025-11-01 06:09:00,notifications,/checkout,373,200
2025-11-01 06:09:10,catalog,/checkout,211,200
2025-11-01 06:09:20,orders,/details,380,200
2025-11-01 06:09:30,payments,/checkout,169,200
2025-11-01 06:09:40,payments,/items,304,200
2025-11-01 06:09:50,payments,/checkout,389,200
2025-11-01 06:10:00,payments,/login,209,200
2025-11-01 06:10:10,orders,/checkout,292,200
2025-11-01 06:10:20,payments,/checkout,234,200
2025-11-01 06:10:30,notifications,/login,185,200
2025-11-01 06:10:40,notifications,/checkout,220,200
2025-11-01 06:10:50,auth,/login,282,200
2025-11-01 06:11:00,orders,/login,349,200
2025-11-01 06:11:10,auth,/checkout,287,200
2025-11-01 06:11:20,orders,/checkout,126,200
2025-11-01 06:11:30,catalog,/items,279,200
2025-11-01 06:11:40,orders,/checkout,266,200
2025-11-01 06:11:50,auth,/send-email,1160,200
2025-11-01 06:12:00,payments,/details,240,200
2025-11-01 06:12:10,payments,/send-email,287,200
2025-11-01 06:12:20,orders,/send-email,335,200
2025-11-01 06:12:30,auth,/login,352,200
2025-11-01 06:12:40,orders,/send-email,123,200
2025-11-01 06:12:50,orders,/details,365,200
2025-11-01 06:13:00,auth,/items,221,200
2025-11-01 06:13:10,auth,/details,236,200
2025-11-01 06:13:20,catalog,/details,250,200
2025-11-01 06:13:30,payments,/details,119,200
2025-11-01 06:13:40,notifications,/details,352,200
2025-11-01 06:13:50,notifications,/checkout,234,200
2025-11-01 06:14:00,notifications,/login,345,200
2025-11-01 06:14:10,catalog,/items,476,200
2025-11-01 06:14:20,catalog,/login,350,200
2025-11-01 06:14:30,auth,/send-email,179,200
2025-11-01 06:14:40,payments,/details,348,200
2025-11-01 06:14:50,catalog,/details,309,200
2025-11-01 06:15:00,payments,/checkout,268,200
2025-11-01 06:15:10,orders,/login,271,200
2025-11-01 06:15:20,catalog,/login,237,200
2025-11-01 06:15:30,orders,/send-email,206,200
2025-11-01 06:15:40,orders,/details,222,200
2025-11-01 06:15:50,payments,/details,163,200
2025-11-01 06:16:00,notifications,/details,289,200
2025-11-01 06:16:10,payments,/login,385,200
2025-11-01 06:16:20,notifications,/login,63,200
2025-11-01 06:16:30,auth,/login,306,200
2025-11-01 06:16:40,catalog,/checkout,203,200
2025-11-01 06:16:50,auth,/items,106,200
2025-11-01 06:17:00,payments,/login,253,200
2025-11-01 06:17:10,notifications,/send-email,319,200
2025-11-01 06:17:20,auth,/send-email,229,200
2025-11-01 06:17:30,catalog,/send-email,396,500
2025-11-01 06:17:40,payments,/details,389,200
2025-11-01 06:17:50,catalog,/details,405,200
2025-11-01 06:18:00,catalog,/checkout,347,200
2025-11-01 06:18:10,notifications,/send-email,281,200
2025-11-01 06:18:20,notifications,/send-email,298,200
2025-11-01 06:18:30,catalog,/login,311,200
2025-11-01 06:18:40,orders,/details,1990,200
2025-11-01 06:18:50,payments,/items,236,200
2025-11-01 06:19:00,payments,/details,210,200
2025-11-01 06:19:10,notifications,/login,238,200
2025-11-01 06:19:20,payments,/checkout,186,200
2025-11-01 06:19:30,auth,/details,164,200
2025-11-01 06:19:40,notifications,/send-email,382,200
2025-11-01 06:19:50,orders,/login,272,200
2025-11-01 06:20:00,orders,/login,222,200
2025-11-01 06:20:10,payments,/details,318,200
2025-11-01 06:20:20,auth,/details,277,200
2025-11-01 06:20:30,auth,/send-email,167,200
2025-11-01 06:20:40,orders,/login,80,200
2025-11-01 06:20:50,catalog,/checkout,272,200
2025-11-01 06:21:00,catalog,/checkout,265,200
2025-11-01 06:21:10,notifications,/login,273,200
2025-11-01 06:21:20,notifications,/checkout,194,200
2025-11-01 06:21:30,notifications,/checkout,174,200
2025-11-01 06:21:40,notifications,/login,202,200
2025-11-01 06:21:50,payments,/login,143,200
2025-11-01 06:22:00,catalog,/send-email,217,200
2025-11-01 06:22:10,orders,/login,276,200
2025-11-01 06:22:20,auth,/items,300,200
2025-11-01 06:22:30,orders,/checkout,437,200
2025-11-01 06:22:40,payments,/login,242,200
2025-11-01 06:22:50,notifications,/details,353,200
2025-11-01 06:23:00,orders,/checkout,280,200
2025-11-01 06:23:10,auth,/send-email,259,200
2025-11-01 06:23:20,auth,/send-email,312,200
2025-11-01 06:23:30,catalog,/details,319,200
2025-11-01 06:23:40,notifications,/items,311,200
2025-11-01 06:23:50,catalog,/login,170,200
2025-11-01 06:24:00,payments,/send-email,317,200
2025-11-01 06:24:10,payments,/checkout,396,200
2025-11-01 06:24:20,notifications,/details,200,200
2025-11-01 06:24:30,payments,/items,240,200
2025-11-01 06:24:40,notifications,/checkout,250,200
2025-11-01 06:24:50,catalog,/details,305,200
2025-11-01 06:25:00,catalog,/login,236,200
2025-11-01 06:25:10,orders,/send-email,242,200
2025-11-01 06:25:20,notifications,/checkout,177,200
2025-11-01 06:25:30,catalog,/details,10,200
2025-11-01 06:25:40,orders,/send-email,42,200
2025-11-01 06:25:50,notifications,/details,274,200
2025-11-01 06:26:00,payments,/checkout,200,200
2025-11-01 06:26:10,notifications,/checkout,307,200
2025-11-01 06:26:20,payments,/details,278,200
2025-11-01 06:26:30,catalog,/login,210,200
2025-11-01 06:26:40,auth,/details,218,200
2025-11-01 06:26:50,orders,/details,192,200
2025-11-01 06:27:00,auth,/send-email,149,200
2025-11-01 06:27:10,payments,/checkout,205,500
2025-11-01 06:27:20,notifications,/send-email,281,200
2025-11-01 06:27:30,catalog,/send-email,273,200
2025-11-01 06:27:40,catalog,/send-email,193,200
2025-11-01 06:27:50,catalog,/checkout,230,200
2025-11-01 06:28:00,payments,/checkout,214,200
2025-11-01 06:28:10,payments,/checkout,375,200
2025-11-01 06:28:20,notifications,/items,167,200
2025-11-01 06:28:30,notifications,/details,338,200
2025-11-01 06:28:40,payments,/items,212,200
2025-11-01 06:28:50,orders,/send-email,138,200
2025-11-01 06:29:00,auth,/send-email,208,200
2025-11-01 06:29:10,catalog,/items,228,200
2025-11-01 06:29:20,catalog,/details,316,200
2025-11-01 06:29:30,notifications,/checkout,203,500
2025-11-01 06:29:40,payments,/items,280,200
2025-11-01 06:29:50,notifications,/send-email,1090,200
2025-11-01 06:30:00,catalog,/items,248,200
2025-11-01 06:30:10,auth,/login,256,200
2025-11-01 06:30:20,orders,/items,331,200
2025-11-01 06:30:30,catalog,/checkout,177,200
2025-11-01 06:30:40,catalog,/items,292,200
2025-11-01 06:30:50,notifications,/checkout,218,500
2025-11-01 06:31:00,catalog,/checkout,393,200
2025-11-01 06:31:10,orders,/checkout,281,200
2025-11-01 06:31:20,orders,/login,199,200
2025-11-01 06:31:30,notifications,/login,333,200
2025-11-01 06:31:40,auth,/details,331,200
2025-11-01 06:31:50,notifications,/send-email,268,200
2025-11-01 06:32:00,catalog,/send-email,10,500
2025-11-01 06:32:10,auth,/checkout,257,200
2025-11-01 06:32:20,notifications,/send-email,204,200
2025-11-01 06:32:30,catalog,/checkout,226,200
2025-11-01 06:32:40,payments,/details,240,200
2025-11-01 06:32:50,notifications,/checkout,290,200
2025-11-01 06:33:00,auth,/checkout,271,200
2025-11-01 06:33:10,auth,/checkout,284,200
2025-11-01 06:33:20,payments,/send-email,262,200
2025-11-01 06:33:30,notifications,/checkout,294,200
2025-11-01 06:33:40,auth,/checkout,180,200
2025-11-01 06:33:50,orders,/items,245,200
2025-11-01 06:34:00,auth,/checkout,218,200
2025-11-01 06:34:10,catalog,/details,234,200
2025-11-01 06:34:20,auth,/checkout,347,200
2025-11-01 06:34:30,payments,/items,272,200
2025-11-01 06:34:40,catalog,/login,403,200
2025-11-01 06:34:50,auth,/checkout,310,200
2025-11-01 06:35:00,orders,/checkout,293,200
2025-11-01 06:35:10,payments,/details,215,200
2025-11-01 06:35:20,payments,/details,282,200
2025-11-01 06:35:30,notifications,/items,184,200
2025-11-01 06:35:40,notifications,/checkout,100,200
2025-11-01 06:35:50,notifications,/login,229,200
2025-11-01 06:36:00,auth,/details,263,200
2025-11-01 06:36:10,auth,/items,223,200
2025-11-01 06:36:20,orders,/checkout,247,200
2025-11-01 06:36:30,notifications,/login,307,500
2025-11-01 06:36:40,notifications,/checkout,269,200
2025-11-01 06:36:50,orders,/details,348,200
2025-11-01 06:37:00,orders,/send-email,246,200
2025-11-01 06:37:10,payments,/details,315,200
2025-11-01 06:37:20,orders,/items,297,200
2025-11-01 06:37:30,payments,/items,313,200
2025-11-01 06:37:40,payments,/details,173,200
2025-11-01 06:37:50,orders,/send-email,336,200
2025-11-01 06:38:00,catalog,/checkout,368,200
2025-11-01 06:38:10,payments,/items,267,200
2025-11-01 06:38:20,payments,/send-email,183,200
2025-11-01 06:38:30,catalog,/send-email,210,200
2025-11-01 06:38:40,orders,/login,205,200
2025-11-01 06:38:50,orders,/details,171,200
2025-11-01 06:39:00,auth,/login,171,200
2025-11-01 06:39:10,auth,/send-email,170,200
2025-11-01 06:39:20,notifications,/details,272,200
2025-11-01 06:39:30,notifications,/login,200,200
2025-11-01 06:39:40,auth,/login,261,200
2025-11-01 06:39:50,catalog,/items,364,200
2025-11-01 06:40:00,payments,/login,193,200
2025-11-01 06:40:10,catalog,/login,359,200
2025-11-01 06:40:20,catalog,/login,283,200
2025-11-01 06:40:30,auth,/items,186,200
2025-11-01 06:40:40,auth,/login,141,200
2025-11-01 06:40:50,orders,/checkout,170,200
2025-11-01 06:41:00,auth,/checkout,267,200
2025-11-01 06:41:10,catalog,/items,451,200
2025-11-01 06:41:20,payments,/send-email,198,200
2025-11-01 06:41:30,orders,/checkout,293,200
2025-11-01 06:41:40,auth,/send-email,312,200
2025-11-01 06:41:50,notifications,/checkout,323,200
2025-11-01 06:42:00,notifications,/send-email,207,200
2025-11-01 06:42:10,payments,/items,412,200
2025-11-01 06:42:20,notifications,/checkout,308,200
2025-11-01 06:42:30,auth,/login,349,200
2025-11-01 06:42:40,catalog,/details,214,200
2025-11-01 06:42:50,catalog,/login,284,200
2025-11-01 06:43:00,auth,/details,283,200
2025-11-01 06:43:10,payments,/items,420,200
2025-11-01 06:43:20,catalog,/login,580,200
2025-11-01 06:43:30,auth,/items,75,500
2025-11-01 06:43:40,auth,/details,273,200
2025-11-01 06:43:50,notifications,/checkout,286,200
2025-11-01 06:44:00,notifications,/items,264,200
2025-11-01 06:44:10,payments,/checkout,240,200
2025-11-01 06:44:20,catalog,/checkout,329,200
2025-11-01 06:44:30,orders,/login,234,200
2025-11-01 06:44:40,catalog,/login,270,200
2025-11-01 06:44:50,auth,/details,221,200
2025-11-01 06:45:00,catalog,/items,188,200
2025-11-01 06:45:10,payments,/send-email,184,200
2025-11-01 06:45:20,orders,/login,163,200
2025-11-01 06:45:30,payments,/send-email,221,200
2025-11-01 06:45:40,payments,/checkout,242,200
2025-11-01 06:45:50,notifications,/checkout,275,200
2025-11-01 06:46:00,notifications,/details,322,200
2025-11-01 06:46:10,auth,/details,248,200
2025-11-01 06:46:20,catalog,/details,124,200
2025-11-01 06:46:30,notifications,/items,77,200
2025-11-01 06:46:40,payments,/send-email,377,200
2025-11-01 06:46:50,catalog,/items,281,200
2025-11-01 06:47:00,auth,/login,176,200
2025-11-01 06:47:10,catalog,/send-email,209,200
2025-11-01 06:47:20,orders,/details,242,200
2025-11-01 06:47:30,payments,/details,272,200
2025-11-01 06:47:40,notifications,/checkout,147,200
2025-11-01 06:47:50,auth,/send-email,124,200
2025-11-01 06:48:00,orders,/send-email,239,200
2025-11-01 06:48:10,notifications,/login,299,200
2025-11-01 06:48:20,catalog,/send-email,141,200
2025-11-01 06:48:30,orders,/send-email,216,200
2025-11-01 06:48:40,orders,/items,209,200
2025-11-01 06:48:50,notifications,/send-email,295,200
2025-11-01 06:49:00,orders,/checkout,288,200
2025-11-01 06:49:10,orders,/login,223,200
2025-11-01 06:49:20,payments,/checkout,329,200
2025-11-01 06:49:30,notifications,/details,249,200
2025-11-01 06:49:40,notifications,/send-email,147,200
2025-11-01 06:49:50,payments,/details,1555,200
2025-11-01 06:50:00,orders,/login,213,200
2025-11-01 06:50:10,orders,/send-email,181,200
2025-11-01 06:50:20,auth,/send-email,258,200
2025-11-01 06:50:30,payments,/login,317,200
2025-11-01 06:50:40,auth,/checkout,223,200
2025-11-01 06:50:50,payments,/send-email,1055,200
2025-11-01 06:51:00,payments,/send-email,167,200
2025-11-01 06:51:10,notifications,/items,259,200
2025-11-01 06:51:20,notifications,/items,218,200
2025-11-01 06:51:30,payments,/details,266,200
2025-11-01 06:51:40,orders,/items,354,200
2025-11-01 06:51:50,orders,/login,239,200
2025-11-01 06:52:00,notifications,/details,170,200
2025-11-01 06:52:10,orders,/items,188,200
2025-11-01 06:52:20,notifications,/login,255,200
2025-11-01 06:52:30,notifications,/details,418,200
2025-11-01 06:52:40,auth,/checkout,174,200
2025-11-01 06:52:50,payments,/items,227,200
2025-11-01 06:53:00,notifications,/details,320,200
2025-11-01 06:53:10,orders,/checkout,409,200
2025-11-01 06:53:20,orders,/checkout,207,200
2025-11-01 06:53:30,notifications,/items,194,200
2025-11-01 06:53:40,orders,/login,201,200
2025-11-01 06:53:50,auth,/checkout,140,200
2025-11-01 06:54:00,catalog,/details,147,200
2025-11-01 06:54:10,auth,/send-email,151,200
2025-11-01 06:54:20,catalog,/details,233,200
2025-11-01 06:54:30,orders,/send-email,267,200
2025-11-01 06:54:40,auth,/send-email,209,200
2025-11-01 06:54:50,catalog,/items,186,200
2025-11-01 06:55:00,catalog,/login,320,200
2025-11-01 06:55:10,payments,/details,393,200
2025-11-01 06:55:20,orders,/send-email,250,200
2025-11-01 06:55:30,notifications,/send-email,105,200
2025-11-01 06:55:40,orders,/items,430,200
2025-11-01 06:55:50,catalog,/send-email,350,200
2025-11-01 06:56:00,catalog,/send-email,187,200
2025-11-01 06:56:10,notifications,/checkout,173,200
2025-11-01 06:56:20,orders,/checkout,392,200
2025-11-01 06:56:30,notifications,/login,58,200
2025-11-01 06:56:40,notifications,/checkout,247,200
2025-11-01 06:56:50,orders,/checkout,267,200
2025-11-01 06:57:00,auth,/details,279,200
2025-11-01 06:57:10,auth,/login,301,200
2025-11-01 06:57:20,catalog,/send-email,307,200
2025-11-01 06:57:30,auth,/login,259,200
2025-11-01 06:57:40,orders,/checkout,259,200
2025-11-01 06:57:50,orders,/send-email,121,200
2025-11-01 06:58:00,notifications,/login,224,200
2025-11-01 06:58:10,payments,/items,52,200
2025-11-01 06:58:20,auth,/send-email,315,200
2025-11-01 06:58:30,notifications,/details,228,200
2025-11-01 06:58:40,auth,/checkout,264,200
2025-11-01 06:58:50,auth,/login,117,200
2025-11-01 06:59:00,payments,/items,155,200
2025-11-01 06:59:10,notifications,/checkout,275,200
2025-11-01 06:59:20,orders,/login,366,200
2025-11-01 06:59:30,payments,/items,221,200
2025-11-01 06:59:40,catalog,/send-email,173,200
2025-11-01 06:59:50,payments,/send-email,374,200
2025-11-01 07:00:00,catalog,/send-email,152,200
2025-11-01 07:00:10,catalog,/send-email,72,200
2025-11-01 07:00:20,auth,/details,226,200
2025-11-01 07:00:30,orders,/send-email,155,200
2025-11-01 07:00:40,auth,/login,241,200
2025-11-01 07:00:50,catalog,/send-email,243,200
2025-11-01 07:01:00,notifications,/details,241,200
2025-11-01 07:01:10,catalog,/login,245,200
2025-11-01 07:01:20,auth,/items,210,200
2025-11-01 07:01:30,notifications,/checkout,350,500
2025-11-01 07:01:40,orders,/checkout,312,200
2025-11-01 07:01:50,auth,/send-email,196,200
2025-11-01 07:02:00,auth,/items,176,200
2025-11-01 07:02:10,notifications,/items,142,200
2025-11-01 07:02:20,orders,/send-email,148,200
2025-11-01 07:02:30,catalog,/checkout,285,200
2025-11-01 07:02:40,orders,/login,130,200
2025-11-01 07:02:50,payments,/login,286,200
2025-11-01 07:03:00,notifications,/send-email,210,200
2025-11-01 07:03:10,notifications,/checkout,288,200
2025-11-01 07:03:20,catalog,/items,346,500
2025-11-01 07:03:30,catalog,/login,202,200
2025-11-01 07:03:40,notifications,/details,241,200
2025-11-01 07:03:50,payments,/items,267,200
2025-11-01 07:04:00,auth,/send-email,243,200
2025-11-01 07:04:10,payments,/details,377,200
2025-11-01 07:04:20,orders,/details,211,200
2025-11-01 07:04:30,notifications,/checkout,301,200
2025-11-01 07:04:40,orders,/send-email,212,200
2025-11-01 07:04:50,payments,/send-email,135,200
2025-11-01 07:05:00,catalog,/checkout,214,200
2025-11-01 07:05:10,auth,/send-email,10,200
2025-11-01 07:05:20,catalog,/send-email,218,200
2025-11-01 07:05:30,notifications,/checkout,234,200
2025-11-01 07:05:40,notifications,/items,409,200
2025-11-01 07:05:50,orders,/checkout,212,200
2025-11-01 07:06:00,orders,/checkout,249,200
2025-11-01 07:06:10,catalog,/checkout,219,200
2025-11-01 07:06:20,auth,/details,171,200
2025-11-01 07:06:30,notifications,/login,181,200
2025-11-01 07:06:40,orders,/login,1625,200
2025-11-01 07:06:50,auth,/details,250,200
2025-11-01 07:07:00,payments,/items,202,200
2025-11-01 07:07:10,catalog,/checkout,245,200
2025-11-01 07:07:20,notifications,/details,205,200
2025-11-01 07:07:30,notifications,/details,202,200
2025-11-01 07:07:40,orders,/checkout,486,200
2025-11-01 07:07:50,catalog,/login,351,200
2025-11-01 07:08:00,orders,/send-email,390,200
2025-11-01 07:08:10,auth,/checkout,233,200
2025-11-01 07:08:20,auth,/send-email,239,200
2025-11-01 07:08:30,auth,/items,226,200
2025-11-01 07:08:40,payments,/login,216,200
2025-11-01 07:08:50,notifications,/checkout,253,200
2025-11-01 07:09:00,payments,/checkout,150,200
2025-11-01 07:09:10,auth,/items,164,200
2025-11-01 07:09:20,notifications,/login,287,200
2025-11-01 07:09:30,payments,/checkout,272,200
2025-11-01 07:09:40,orders,/send-email,302,200
2025-11-01 07:09:50,catalog,/items,240,200
2025-11-01 07:10:00,notifications,/send-email,396,200
2025-11-01 07:10:10,auth,/checkout,154,200
2025-11-01 07:10:20,payments,/login,289,200
2025-11-01 07:10:30,catalog,/send-email,312,200
2025-11-01 07:10:40,catalog,/login,259,200
2025-11-01 07:10:50,catalog,/details,329,200
2025-11-01 07:11:00,orders,/login,270,200
2025-11-01 07:11:10,auth,/checkout,1545,200
2025-11-01 07:11:20,notifications,/items,221,200
2025-11-01 07:11:30,catalog,/details,308,200
2025-11-01 07:11:40,catalog,/checkout,273,200
2025-11-01 07:11:50,catalog,/send-email,189,200
2025-11-01 07:12:00,catalog,/checkout,149,200
2025-11-01 07:12:10,orders,/details,196,200
2025-11-01 07:12:20,orders,/checkout,281,200
2025-11-01 07:12:30,orders,/send-email,357,200
2025-11-01 07:12:40,orders,/checkout,374,200
2025-11-01 07:12:50,notifications,/send-email,269,200
2025-11-01 07:13:00,orders,/login,244,200
2025-11-01 07:13:10,auth,/checkout,415,200
2025-11-01 07:13:20,auth,/checkout,349,200
2025-11-01 07:13:30,orders,/details,393,200
2025-11-01 07:13:40,catalog,/send-email,233,200
2025-11-01 07:13:50,notifications,/details,259,200
2025-11-01 07:14:00,catalog,/checkout,239,200
2025-11-01 07:14:10,auth,/details,107,200
2025-11-01 07:14:20,payments,/details,329,200
2025-11-01 07:14:30,notifications,/items,268,200
2025-11-01 07:14:40,notifications,/send-email,212,200
2025-11-01 07:14:50,catalog,/details,197,200
2025-11-01 07:15:00,auth,/checkout,271,200
2025-11-01 07:15:10,orders,/details,302,200
2025-11-01 07:15:20,catalog,/send-email,320,200
2025-11-01 07:15:30,payments,/send-email,169,200
2025-11-01 07:15:40,orders,/details,178,200
2025-11-01 07:15:50,notifications,/items,1325,200
2025-11-01 07:16:00,orders,/login,255,200
2025-11-01 07:16:10,catalog,/login,245,200
2025-11-01 07:16:20,catalog,/items,207,200
2025-11-01 07:16:30,notifications,/send-email,308,200
2025-11-01 07:16:40,orders,/send-email,196,200
2025-11-01 07:16:50,auth,/items,234,200
2025-11-01 07:17:00,auth,/details,274,200
2025-11-01 07:17:10,auth,/login,397,200
2025-11-01 07:17:20,orders,/items,181,200
2025-11-01 07:17:30,payments,/send-email,201,200
2025-11-01 07:17:40,payments,/items,301,200
2025-11-01 07:17:50,notifications,/details,103,200
2025-11-01 07:18:00,payments,/send-email,263,200
2025-11-01 07:18:10,payments,/login,294,200
2025-11-01 07:18:20,payments,/items,273,200
2025-11-01 07:18:30,orders,/details,201,200
2025-11-01 07:18:40,catalog,/items,79,200
2025-11-01 07:18:50,auth,/checkout,312,200
2025-11-01 07:19:00,notifications,/items,352,200
2025-11-01 07:19:10,orders,/login,242,200
2025-11-01 07:19:20,payments,/send-email,230,200
2025-11-01 07:19:30,payments,/items,222,200
2025-11-01 07:19:40,auth,/checkout,54,200
2025-11-01 07:19:50,payments,/details,188,200
2025-11-01 07:20:00,notifications,/login,419,200
2025-11-01 07:20:10,auth,/details,51,200
2025-11-01 07:20:20,notifications,/details,170,500
2025-11-01 07:20:30,payments,/details,285,200
2025-11-01 07:20:40,notifications,/send-email,124,200
2025-11-01 07:20:50,payments,/checkout,193,200
2025-11-01 07:21:00,catalog,/login,99,200
2025-11-01 07:21:10,catalog,/items,264,500
2025-11-01 07:21:20,notifications,/items,246,200
2025-11-01 07:21:30,payments,/send-email,254,200
2025-11-01 07:21:40,notifications,/details,250,200
2025-11-01 07:21:50,catalog,/send-email,279,200
2025-11-01 07:22:00,notifications,/login,211,200
2025-11-01 07:22:10,auth,/login,183,200
2025-11-01 07:22:20,catalog,/send-email,344,200
2025-11-01 07:22:30,catalog,/send-email,218,200
2025-11-01 07:22:40,notifications,/checkout,24,200
2025-11-01 07:22:50,notifications,/items,184,200
2025-11-01 07:23:00,auth,/checkout,245,200
2025-11-01 07:23:10,auth,/send-email,163,200
2025-11-01 07:23:20,catalog,/checkout,147,200
2025-11-01 07:23:30,orders,/login,304,200
2025-11-01 07:23:40,payments,/checkout,371,200
2025-11-01 07:23:50,catalog,/checkout,293,200
2025-11-01 07:24:00,catalog,/login,175,200
2025-11-01 07:24:10,notifications,/login,316,200
2025-11-01 07:24:20,orders,/details,240,200
2025-11-01 07:24:30,notifications,/login,264,200
2025-11-01 07:24:40,notifications,/send-email,234,200
2025-11-01 07:24:50,auth,/send-email,242,200
2025-11-01 07:25:00,orders,/send-email,240,200
2025-11-01 07:25:10,orders,/details,306,200
2025-11-01 07:25:20,catalog,/send-email,130,200
2025-11-01 07:25:30,payments,/checkout,192,200
2025-11-01 07:25:40,notifications,/send-email,235,200
2025-11-01 07:25:50,notifications,/login,248,200
2025-11-01 07:26:00,orders,/details,221,200
2025-11-01 07:26:10,notifications,/send-email,309,200
2025-11-01 07:26:20,auth,/items,103,200
2025-11-01 07:26:30,orders,/items,73,200
2025-11-01 07:26:40,auth,/checkout,348,200
2025-11-01 07:26:50,notifications,/details,179,200
2025-11-01 07:27:00,payments,/login,164,200
2025-11-01 07:27:10,payments,/details,161,200
2025-11-01 07:27:20,notifications,/send-email,337,200
2025-11-01 07:27:30,catalog,/send-email,255,200
2025-11-01 07:27:40,auth,/checkout,267,200
2025-11-01 07:27:50,payments,/login,201,200
2025-11-01 07:28:00,orders,/details,286,200
2025-11-01 07:28:10,catalog,/items,235,200
2025-11-01 07:28:20,catalog,/checkout,239,200
2025-11-01 07:28:30,orders,/send-email,390,200
2025-11-01 07:28:40,notifications,/send-email,255,200
2025-11-01 07:28:50,notifications,/checkout,388,200
2025-11-01 07:29:00,notifications,/checkout,252,500
2025-11-01 07:29:10,payments,/checkout,340,200
2025-11-01 07:29:20,auth,/details,1880,200
2025-11-01 07:29:30,orders,/details,239,200
2025-11-01 07:29:40,catalog,/details,200,200
2025-11-01 07:29:50,catalog,/checkout,288,200
2025-11-01 07:30:00,catalog,/login,170,200
2025-11-01 07:30:10,auth,/send-email,160,200
2025-11-01 07:30:20,orders,/details,79,200
2025-11-01 07:30:30,orders,/details,286,200
2025-11-01 07:30:40,auth,/items,227,200
2025-11-01 07:30:50,auth,/login,286,200
2025-11-01 07:31:00,auth,/items,212,200
2025-11-01 07:31:10,auth,/checkout,174,200
2025-11-01 07:31:20,auth,/login,305,200
2025-11-01 07:31:30,notifications,/items,280,200
2025-11-01 07:31:40,notifications,/send-email,289,200
2025-11-01 07:31:50,auth,/login,1085,200
2025-11-01 07:32:00,auth,/checkout,223,200
2025-11-01 07:32:10,notifications,/details,210,200
2025-11-01 07:32:20,payments,/details,344,200
2025-11-01 07:32:30,catalog,/send-email,159,200
2025-11-01 07:32:40,notifications,/checkout,316,200
2025-11-01 07:32:50,payments,/send-email,307,200
2025-11-01 07:33:00,catalog,/details,358,200
2025-11-01 07:33:10,notifications,/login,242,200
2025-11-01 07:33:20,orders,/items,142,200
2025-11-01 07:33:30,catalog,/login,220,200
2025-11-01 07:33:40,catalog,/send-email,238,200
2025-11-01 07:33:50,auth,/details,174,200
2025-11-01 07:34:00,payments,/login,263,200
2025-11-01 07:34:10,orders,/login,30,200
2025-11-01 07:34:20,orders,/login,165,200
2025-11-01 07:34:30,orders,/items,277,200
2025-11-01 07:34:40,catalog,/items,338,200
2025-11-01 07:34:50,payments,/send-email,184,200
2025-11-01 07:35:00,notifications,/details,221,200
2025-11-01 07:35:10,catalog,/send-email,307,200
2025-11-01 07:35:20,orders,/send-email,403,200
2025-11-01 07:35:30,catalog,/login,164,200
2025-11-01 07:35:40,payments,/items,295,200
2025-11-01 07:35:50,orders,/details,334,200
2025-11-01 07:36:00,notifications,/send-email,219,200
2025-11-01 07:36:10,auth,/login,215,200
2025-11-01 07:36:20,orders,/send-email,389,200
2025-11-01 07:36:30,catalog,/login,174,200
2025-11-01 07:36:40,auth,/details,96,200
2025-11-01 07:36:50,catalog,/send-email,382,200
2025-11-01 07:37:00,payments,/items,246,200
2025-11-01 07:37:10,orders,/checkout,286,200
2025-11-01 07:37:20,catalog,/details,128,200
2025-11-01 07:37:30,auth,/login,95,200
2025-11-01 07:37:40,orders,/items,365,200
2025-11-01 07:37:50,payments,/details,116,200
2025-11-01 07:38:00,notifications,/login,123,200
2025-11-01 07:38:10,auth,/send-email,154,200
2025-11-01 07:38:20,orders,/login,204,200
2025-11-01 07:38:30,catalog,/items,169,200
2025-11-01 07:38:40,payments,/login,408,200
2025-11-01 07:38:50,notifications,/login,198,200
2025-11-01 07:39:00,auth,/details,298,200
2025-11-01 07:39:10,catalog,/send-email,181,200
2025-11-01 07:39:20,catalog,/send-email,236,200
2025-11-01 07:39:30,auth,/checkout,106,200
2025-11-01 07:39:40,auth,/details,215,200
2025-11-01 07:39:50,notifications,/details,231,200
2025-11-01 07:40:00,catalog,/login,330,200
2025-11-01 07:40:10,payments,/details,340,200
2025-11-01 07:40:20,catalog,/checkout,294,200
2025-11-01 07:40:30,orders,/items,158,200
2025-11-01 07:40:40,orders,/login,315,200
2025-11-01 07:40:50,notifications,/checkout,277,200
2025-11-01 07:41:00,catalog,/send-email,170,200
2025-11-01 07:41:10,orders,/items,235,200
2025-11-01 07:41:20,catalog,/checkout,254,200
2025-11-01 07:41:30,orders,/checkout,306,200
2025-11-01 07:41:40,payments,/login,186,200
2025-11-01 07:41:50,payments,/checkout,198,200
2025-11-01 07:42:00,notifications,/checkout,200,200
2025-11-01 07:42:10,payments,/items,1345,200
2025-11-01 07:42:20,orders,/details,316,200
2025-11-01 07:42:30,auth,/send-email,252,200
2025-11-01 07:42:40,orders,/details,268,200
2025-11-01 07:42:50,catalog,/details,371,200
2025-11-01 07:43:00,auth,/send-email,266,200
2025-11-01 07:43:10,payments,/items,263,200
2025-11-01 07:43:20,orders,/items,224,200
2025-11-01 07:43:30,orders,/send-email,312,200
2025-11-01 07:43:40,catalog,/send-email,121,200
2025-11-01 07:43:50,catalog,/checkout,318,200
2025-11-01 07:44:00,notifications,/send-email,161,200
2025-11-01 07:44:10,notifications,/checkout,345,200
2025-11-01 07:44:20,auth,/send-email,252,200
2025-11-01 07:44:30,orders,/items,294,200
2025-11-01 07:44:40,payments,/details,245,200
2025-11-01 07:44:50,orders,/items,264,200
2025-11-01 07:45:00,notifications,/checkout,241,200
2025-11-01 07:45:10,orders,/login,398,200
2025-11-01 07:45:20,payments,/checkout,140,200
2025-11-01 07:45:30,catalog,/checkout,165,200
2025-11-01 07:45:40,notifications,/send-email,331,200
2025-11-01 07:45:50,catalog,/items,354,200
2025-11-01 07:46:00,orders,/details,176,200
2025-11-01 07:46:10,notifications,/login,313,200
2025-11-01 07:46:20,payments,/login,219,500
2025-11-01 07:46:30,orders,/checkout,278,200
2025-11-01 07:46:40,notifications,/send-email,548,200
2025-11-01 07:46:50,notifications,/details,229,200
2025-11-01 07:47:00,auth,/send-email,123,200
2025-11-01 07:47:10,catalog,/send-email,274,200
2025-11-01 07:47:20,notifications,/details,231,200
2025-11-01 07:47:30,auth,/items,1045,200
2025-11-01 07:47:40,catalog,/login,78,200
2025-11-01 07:47:50,notifications,/checkout,182,200
2025-11-01 07:48:00,auth,/details,206,200
2025-11-01 07:48:10,catalog,/send-email,320,200
2025-11-01 07:48:20,auth,/details,186,200
2025-11-01 07:48:30,auth,/send-email,237,200
2025-11-01 07:48:40,notifications,/checkout,373,200
2025-11-01 07:48:50,catalog,/checkout,194,200
2025-11-01 07:49:00,catalog,/send-email,121,200
2025-11-01 07:49:10,notifications,/login,179,200
2025-11-01 07:49:20,payments,/items,330,200
2025-11-01 07:49:30,orders,/checkout,265,200
2025-11-01 07:49:40,catalog,/send-email,365,200
2025-11-01 07:49:50,payments,/details,110,200
2025-11-01 07:50:00,auth,/items,285,200
2025-11-01 07:50:10,payments,/checkout,317,200
2025-11-01 07:50:20,orders,/send-email,236,200
2025-11-01 07:50:30,catalog,/send-email,241,200
2025-11-01 07:50:40,auth,/items,316,200
2025-11-01 07:50:50,notifications,/details,99,200
2025-11-01 07:51:00,orders,/login,260,200
2025-11-01 07:51:10,orders,/login,211,200
2025-11-01 07:51:20,notifications,/items,286,200
2025-11-01 07:51:30,auth,/login,195,200
2025-11-01 07:51:40,auth,/send-email,232,200
2025-11-01 07:51:50,notifications,/checkout,301,200
2025-11-01 07:52:00,orders,/login,299,200
2025-11-01 07:52:10,notifications,/login,247,200
2025-11-01 07:52:20,notifications,/login,217,200
2025-11-01 07:52:30,notifications,/checkout,294,200
2025-11-01 07:52:40,notifications,/details,255,200
2025-11-01 07:52:50,payments,/send-email,271,200
2025-11-01 07:53:00,notifications,/login,247,500
2025-11-01 07:53:10,payments,/send-email,203,200
2025-11-01 07:53:20,payments,/login,290,200
2025-11-01 07:53:30,auth,/send-email,112,200
2025-11-01 07:53:40,payments,/send-email,195,200
2025-11-01 07:53:50,payments,/checkout,259,200
2025-11-01 07:54:00,catalog,/login,408,200
2025-11-01 07:54:10,payments,/checkout,193,200
2025-11-01 07:54:20,payments,/send-email,279,200
2025-11-01 07:54:30,orders,/details,178,200
2025-11-01 07:54:40,catalog,/send-email,331,200
2025-11-01 07:54:50,catalog,/checkout,197,200
2025-11-01 07:55:00,orders,/send-email,220,200
2025-11-01 07:55:10,payments,/items,277,200
2025-11-01 07:55:20,payments,/details,259,200
2025-11-01 07:55:30,orders,/send-email,271,200
2025-11-01 07:55:40,catalog,/login,125,200
2025-11-01 07:55:50,notifications,/details,268,200
2025-11-01 07:56:00,catalog,/send-email,279,200
2025-11-01 07:56:10,notifications,/login,294,200
2025-11-01 07:56:20,orders,/send-email,110,200
2025-11-01 07:56:30,orders,/send-email,105,200
2025-11-01 07:56:40,auth,/items,245,200
2025-11-01 07:56:50,auth,/details,312,200
2025-11-01 07:57:00,orders,/details,334,200
2025-11-01 07:57:10,notifications,/items,289,200
2025-11-01 07:57:20,payments,/login,246,200
2025-11-01 07:57:30,auth,/items,181,200
2025-11-01 07:57:40,auth,/send-email,234,200
2025-11-01 07:57:50,auth,/items,210,200
2025-11-01 07:58:00,payments,/items,173,200
2025-11-01 07:58:10,auth,/checkout,349,200
2025-11-01 07:58:20,payments,/items,365,200
2025-11-01 07:58:30,orders,/send-email,269,200
2025-11-01 07:58:40,payments,/send-email,270,200
2025-11-01 07:58:50,notifications,/items,223,200
2025-11-01 07:59:00,payments,/details,454,200
2025-11-01 07:59:10,payments,/checkout,210,200
2025-11-01 07:59:20,catalog,/login,169,200
2025-11-01 07:59:30,auth,/login,296,200
2025-11-01 07:59:40,auth,/items,177,200
2025-11-01 07:59:50,orders,/login,94,200
2025-11-01 08:00:00,auth,/checkout,235,200
2025-11-01 08:00:10,payments,/items,284,200
2025-11-01 08:00:20,notifications,/send-email,278,200
2025-11-01 08:00:30,notifications,/items,77,200
2025-11-01 08:00:40,auth,/send-email,137,200
2025-11-01 08:00:50,notifications,/checkout,72,200
2025-11-01 08:01:00,orders,/details,334,200
2025-11-01 08:01:10,catalog,/details,204,200
2025-11-01 08:01:20,catalog,/details,346,200
2025-11-01 08:01:30,payments,/items,259,200
2025-11-01 08:01:40,catalog,/send-email,430,200
2025-11-01 08:01:50,payments,/send-email,128,200
2025-11-01 08:02:00,payments,/items,357,200
2025-11-01 08:02:10,auth,/items,257,200
2025-11-01 08:02:20,orders,/details,213,200
2025-11-01 08:02:30,auth,/items,280,200
2025-11-01 08:02:40,auth,/send-email,131,200
2025-11-01 08:02:50,catalog,/details,299,200
2025-11-01 08:03:00,catalog,/login,279,500
2025-11-01 08:03:10,payments,/checkout,179,200
2025-11-01 08:03:20,notifications,/send-email,282,200
2025-11-01 08:03:30,orders,/items,221,200
2025-11-01 08:03:40,catalog,/checkout,238,200
2025-11-01 08:03:50,catalog,/checkout,292,200
2025-11-01 08:04:00,catalog,/send-email,279,200
2025-11-01 08:04:10,orders,/details,342,200
2025-11-01 08:04:20,orders,/items,380,200
2025-11-01 08:04:30,catalog,/details,197,200
2025-11-01 08:04:40,payments,/login,175,200
2025-11-01 08:04:50,orders,/login,300,200
2025-11-01 08:05:00,auth,/send-email,235,200
2025-11-01 08:05:10,payments,/items,158,200
2025-11-01 08:05:20,notifications,/send-email,226,200
2025-11-01 08:05:30,catalog,/items,240,200
2025-11-01 08:05:40,payments,/login,226,200
2025-11-01 08:05:50,orders,/checkout,184,200
2025-11-01 08:06:00,auth,/login,185,200
2025-11-01 08:06:10,auth,/login,320,200
2025-11-01 08:06:20,catalog,/details,163,200
2025-11-01 08:06:30,auth,/send-email,339,500
2025-11-01 08:06:40,payments,/send-email,213,200
2025-11-01 08:06:50,catalog,/login,304,200
2025-11-01 08:07:00,payments,/login,389,200
2025-11-01 08:07:10,catalog,/send-email,180,200
2025-11-01 08:07:20,notifications,/details,388,200
2025-11-01 08:07:30,auth,/send-email,408,200
2025-11-01 08:07:40,auth,/details,189,200
2025-11-01 08:07:50,catalog,/details,341,200
2025-11-01 08:08:00,auth,/details,193,200
2025-11-01 08:08:10,payments,/checkout,199,200
2025-11-01 08:08:20,auth,/details,265,200
2025-11-01 08:08:30,orders,/details,265,200
2025-11-01 08:08:40,notifications,/checkout,283,200
2025-11-01 08:08:50,catalog,/login,317,200
2025-11-01 08:09:00,orders,/checkout,175,200
2025-11-01 08:09:10,auth,/checkout,282,200
2025-11-01 08:09:20,orders,/items,1350,200
2025-11-01 08:09:30,auth,/login,337,200
2025-11-01 08:09:40,payments,/login,294,200
2025-11-01 08:09:50,notifications,/send-email,294,200
2025-11-01 08:10:00,notifications,/details,171,200
2025-11-01 08:10:10,catalog,/send-email,333,200
2025-11-01 08:10:20,notifications,/login,376,200
2025-11-01 08:10:30,payments,/login,247,200
2025-11-01 08:10:40,catalog,/details,315,200
2025-11-01 08:10:50,catalog,/login,241,200
2025-11-01 08:11:00,notifications,/items,253,200
2025-11-01 08:11:10,catalog,/login,251,200
2025-11-01 08:11:20,orders,/checkout,175,200
2025-11-01 08:11:30,catalog,/items,172,200
2025-11-01 08:11:40,notifications,/send-email,202,200
2025-11-01 08:11:50,orders,/checkout,306,200
2025-11-01 08:12:00,auth,/checkout,104,200
2025-11-01 08:12:10,notifications,/login,165,200
2025-11-01 08:12:20,payments,/login,347,200
2025-11-01 08:12:30,catalog,/details,131,200
2025-11-01 08:12:40,notifications,/send-email,143,200
2025-11-01 08:12:50,auth,/checkout,178,200
2025-11-01 08:13:00,payments,/send-email,361,200
2025-11-01 08:13:10,orders,/checkout,362,200
2025-11-01 08:13:20,catalog,/login,275,200
2025-11-01 08:13:30,payments,/items,320,200
2025-11-01 08:13:40,orders,/details,343,200
2025-11-01 08:13:50,payments,/checkout,236,200
2025-11-01 08:14:00,orders,/details,242,200
2025-11-01 08:14:10,auth,/details,303,200
2025-11-01 08:14:20,catalog,/details,215,200
2025-11-01 08:14:30,notifications,/items,313,200
2025-11-01 08:14:40,notifications,/login,139,200
2025-11-01 08:14:50,payments,/send-email,287,200
2025-11-01 08:15:00,orders,/send-email,231,200
2025-11-01 08:15:10,catalog,/details,230,200
2025-11-01 08:15:20,payments,/login,227,200
2025-11-01 08:15:30,catalog,/login,254,200
2025-11-01 08:15:40,auth,/login,201,200
2025-11-01 08:15:50,auth,/send-email,186,200
2025-11-01 08:16:00,payments,/items,281,200
2025-11-01 08:16:10,catalog,/send-email,348,200
2025-11-01 08:16:20,notifications,/checkout,170,200
2025-11-01 08:16:30,payments,/send-email,283,200
2025-11-01 08:16:40,notifications,/details,344,200
2025-11-01 08:16:50,catalog,/details,253,200
2025-11-01 08:17:00,orders,/send-email,185,200
2025-11-01 08:17:10,payments,/details,197,200
2025-11-01 08:17:20,payments,/login,284,200
2025-11-01 08:17:30,auth,/checkout,120,200
2025-11-01 08:17:40,orders,/details,368,200
2025-11-01 08:17:50,orders,/checkout,318,200
2025-11-01 08:18:00,notifications,/items,207,200
2025-11-01 08:18:10,payments,/login,292,200
2025-11-01 08:18:20,payments,/login,330,200
2025-11-01 08:18:30,payments,/items,290,200
2025-11-01 08:18:40,orders,/checkout,344,200
2025-11-01 08:18:50,payments,/items,320,200
2025-11-01 08:19:00,catalog,/items,295,500
2025-11-01 08:19:10,orders,/details,282,200
2025-11-01 08:19:20,catalog,/checkout,208,200
2025-11-01 08:19:30,auth,/login,344,200
2025-11-01 08:19:40,catalog,/send-email,315,200
2025-11-01 08:19:50,catalog,/details,257,200
