timestamp,service,endpoint,response_time_ms,status_code
2025-11-03 00:00:00,catalog,/details,280,200
2025-11-03 00:00:10,auth,/login,196,200
2025-11-03 00:00:20,auth,/items,248,200
2025-11-03 00:00:30,payments,/send-email,137,200
2025-11-03 00:00:40,orders,/login,355,200
2025-11-03 00:00:50,auth,/send-email,265,200
2025-11-03 00:01:00,auth,/send-email,154,200
2025-11-03 00:01:10,auth,/items,306,200
2025-11-03 00:01:20,notifications,/login,148,200
2025-11-03 00:01:30,orders,/details,346,200
2025-11-03 00:01:40,notifications,/login,151,200
2025-11-03 00:01:50,notifications,/items,285,200
2025-11-03 00:02:00,catalog,/checkout,262,200
2025-11-03 00:02:10,catalog,/send-email,1505,200
2025-11-03 00:02:20,payments,/send-email,251,200
2025-11-03 00:02:30,auth,/send-email,317,200
2025-11-03 00:02:40,payments,/checkout,141,200
2025-11-03 00:02:50,notifications,/send-email,269,200
2025-11-03 00:03:00,catalog,/send-email,231,200
2025-11-03 00:03:10,notifications,/details,251,200
2025-11-03 00:03:20,catalog,/login,354,200
2025-11-03 00:03:30,notifications,/checkout,242,200
2025-11-03 00:03:40,catalog,/login,297,200
2025-11-03 00:03:50,catalog,/checkout,390,200
2025-11-03 00:04:00,catalog,/send-email,194,200
2025-11-03 00:04:10,auth,/send-email,208,200
2025-11-03 00:04:20,catalog,/items,307,500
2025-11-03 00:04:30,auth,/details,258,200
2025-11-03 00:04:40,notifications,/items,204,200
2025-11-03 00:04:50,notifications,/items,16,200
2025-11-03 00:05:00,catalog,/checkout,205,200
2025-11-03 00:05:10,notifications,/checkout,140,200
2025-11-03 00:05:20,notifications,/checkout,232,200
2025-11-03 00:05:30,auth,/login,287,200
2025-11-03 00:05:40,notifications,/login,184,200
2025-11-03 00:05:50,notifications,/send-email,334,200
2025-11-03 00:06:00,catalog,/details,298,200
2025-11-03 00:06:10,auth,/checkout,319,200
2025-11-03 00:06:20,catalog,/login,280,200
2025-11-03 00:06:30,catalog,/details,240,200
2025-11-03 00:06:40,notifications,/send-email,351,200
2025-11-03 00:06:50,orders,/checkout,340,200
2025-11-03 00:07:00,payments,/send-email,251,200
2025-11-03 00:07:10,payments,/items,255,200
2025-11-03 00:07:20,notifications,/checkout,189,200
2025-11-03 00:07:30,notifications,/login,192,200
2025-11-03 00:07:40,orders,/checkout,90,200
2025-11-03 00:07:50,orders,/details,390,200
2025-11-03 00:08:00,payments,/login,238,200
2025-11-03 00:08:10,payments,/send-email,214,200
2025-11-03 00:08:20,payments,/details,340,200
2025-11-03 00:08:30,notifications,/login,60,200
2025-11-03 00:08:40,payments,/checkout,297,200
2025-11-03 00:08:50,catalog,/items,292,200
2025-11-03 00:09:00,notifications,/login,486,200
2025-11-03 00:09:10,payments,/details,309,200
2025-11-03 00:09:20,orders,/checkout,154,200
2025-11-03 00:09:30,notifications,/checkout,166,200
2025-11-03 00:09:40,payments,/send-email,217,200
2025-11-03 00:09:50,orders,/login,249,200
2025-11-03 00:10:00,payments,/send-email,266,200
2025-11-03 00:10:10,orders,/send-email,281,200
2025-11-03 00:10:20,orders,/send-email,346,200
2025-11-03 00:10:30,auth,/checkout,305,200
2025-11-03 00:10:40,auth,/details,430,200
2025-11-03 00:10:50,auth,/items,323,200
2025-11-03 00:11:00,orders,/items,324,200
2025-11-03 00:11:10,auth,/send-email,1360,200
2025-11-03 00:11:20,orders,/login,155,200
2025-11-03 00:11:30,orders,/details,291,200
2025-11-03 00:11:40,auth,/send-email,247,200
2025-11-03 00:11:50,notifications,/login,126,200
2025-11-03 00:12:00,payments,/login,308,200
2025-11-03 00:12:10,auth,/checkout,236,200
2025-11-03 00:12:20,orders,/details,286,200
2025-11-03 00:12:30,orders,/items,198,200
2025-11-03 00:12:40,notifications,/checkout,120,200
2025-11-03 00:12:50,orders,/send-email,322,200
2025-11-03 00:13:00,auth,/send-email,288,200
2025-11-03 00:13:10,auth,/details,293,200
2025-11-03 00:13:20,payments,/details,444,200
2025-11-03 00:13:30,catalog,/details,293,200
2025-11-03 00:13:40,catalog,/send-email,309,200
2025-11-03 00:13:50,payments,/send-email,200,200
2025-11-03 00:14:00,auth,/items,320,200
2025-11-03 00:14:10,payments,/items,259,200
2025-11-03 00:14:20,payments,/items,237,200
2025-11-03 00:14:30,notifications,/details,273,500
2025-11-03 00:14:40,catalog,/login,327,200
2025-11-03 00:14:50,notifications,/checkout,117,200
2025-11-03 00:15:00,catalog,/send-email,240,200
2025-11-03 00:15:10,orders,/checkout,266,200
2025-11-03 00:15:20,auth,/checkout,109,200
2025-11-03 00:15:30,auth,/items,575,200
2025-11-03 00:15:40,catalog,/items,317,200
2025-11-03 00:15:50,payments,/checkout,222,200
2025-11-03 00:16:00,auth,/send-email,123,200
2025-11-03 00:16:10,orders,/checkout,162,200
2025-11-03 00:16:20,notifications,/items,310,200
2025-11-03 00:16:30,payments,/checkout,229,200
2025-11-03 00:16:40,orders,/send-email,431,200
2025-11-03 00:16:50,orders,/send-email,325,200
2025-11-03 00:17:00,orders,/details,391,200
2025-11-03 00:17:10,payments,/checkout,222,200
2025-11-03 00:17:20,payments,/send-email,161,200
2025-11-03 00:17:30,payments,/details,291,200
2025-11-03 00:17:40,catalog,/send-email,220,200
2025-11-03 00:17:50,auth,/checkout,74,200
2025-11-03 00:18:00,notifications,/details,146,200
2025-11-03 00:18:10,orders,/items,204,200
2025-11-03 00:18:20,payments,/checkout,401,200
2025-11-03 00:18:30,catalog,/items,211,200
2025-11-03 00:18:40,catalog,/items,186,200
2025-11-03 00:18:50,payments,/login,306,200
2025-11-03 00:19:00,orders,/checkout,59,200
2025-11-03 00:19:10,notifications,/items,202,200
2025-11-03 00:19:20,orders,/items,191,200
2025-11-03 00:19:30,notifications,/checkout,232,200
2025-11-03 00:19:40,notifications,/send-email,446,200
2025-11-03 00:19:50,orders,/details,81,200
2025-11-03 00:20:00,auth,/items,198,200
2025-11-03 00:20:10,auth,/details,45,200
2025-11-03 00:20:20,catalog,/checkout,305,200
2025-11-03 00:20:30,orders,/checkout,216,200
2025-11-03 00:20:40,orders,/checkout,182,200
2025-11-03 00:20:50,catalog,/send-email,172,500
2025-11-03 00:21:00,catalog,/details,216,200
2025-11-03 00:21:10,orders,/login,163,200
2025-11-03 00:21:20,catalog,/items,327,200
2025-11-03 00:21:30,payments,/send-email,236,200
2025-11-03 00:21:40,catalog,/login,235,200
2025-11-03 00:21:50,catalog,/send-email,290,200
2025-11-03 00:22:00,orders,/login,183,200
2025-11-03 00:22:10,auth,/details,248,200
2025-11-03 00:22:20,auth,/checkout,153,200
2025-11-03 00:22:30,orders,/send-email,151,200
2025-11-03 00:22:40,payments,/login,165,200
2025-11-03 00:22:50,auth,/checkout,350,500
2025-11-03 00:23:00,auth,/details,265,200
2025-11-03 00:23:10,notifications,/details,320,200
2025-11-03 00:23:20,catalog,/details,240,200
2025-11-03 00:23:30,payments,/send-email,220,200
2025-11-03 00:23:40,catalog,/details,163,200
2025-11-03 00:23:50,catalog,/checkout,226,200
2025-11-03 00:24:00,notifications,/send-email,51,200
2025-11-03 00:24:10,orders,/items,430,500
2025-11-03 00:24:20,orders,/login,152,200
2025-11-03 00:24:30,auth,/send-email,182,200
2025-11-03 00:24:40,auth,/login,250,200
2025-11-03 00:24:50,payments,/items,163,200
2025-11-03 00:25:00,payments,/checkout,136,200
2025-11-03 00:25:10,catalog,/items,191,200
2025-11-03 00:25:20,orders,/login,258,200
2025-11-03 00:25:30,catalog,/items,122,200
2025-11-03 00:25:40,payments,/login,253,200
2025-11-03 00:25:50,payments,/checkout,266,200
2025-11-03 00:26:00,notifications,/send-email,292,200
2025-11-03 00:26:10,notifications,/send-email,182,200
2025-11-03 00:26:20,auth,/send-email,190,200
2025-11-03 00:26:30,auth,/send-email,433,200
2025-11-03 00:26:40,notifications,/items,352,200
2025-11-03 00:26:50,orders,/details,281,200
2025-11-03 00:27:00,orders,/login,183,200
2025-11-03 00:27:10,orders,/items,237,200
2025-11-03 00:27:20,notifications,/items,341,200
2025-11-03 00:27:30,payments,/login,130,200
2025-11-03 00:27:40,auth,/details,284,200
2025-11-03 00:27:50,payments,/login,203,200
2025-11-03 00:28:00,auth,/details,143,200
2025-11-03 00:28:10,notifications,/details,325,200
2025-11-03 00:28:20,auth,/send-email,338,200
2025-11-03 00:28:30,notifications,/checkout,221,200
2025-11-03 00:28:40,notifications,/items,133,200
2025-11-03 00:28:50,notifications,/send-email,139,200
2025-11-03 00:29:00,orders,/checkout,286,200
2025-11-03 00:29:10,auth,/items,121,200
2025-11-03 00:29:20,payments,/login,261,200
2025-11-03 00:29:30,notifications,/items,243,200
2025-11-03 00:29:40,catalog,/login,275,200
2025-11-03 00:29:50,notifications,/login,261,200
2025-11-03 00:30:00,orders,/items,173,200
2025-11-03 00:30:10,catalog,/login,417,200
2025-11-03 00:30:20,orders,/login,181,200
2025-11-03 00:30:30,notifications,/login,199,200
2025-11-03 00:30:40,auth,/details,108,200
2025-11-03 00:30:50,auth,/items,336,200
2025-11-03 00:31:00,orders,/send-email,330,200
2025-11-03 00:31:10,notifications,/checkout,386,200
2025-11-03 00:31:20,payments,/login,92,200
2025-11-03 00:31:30,auth,/checkout,248,200
2025-11-03 00:31:40,catalog,/login,282,200
2025-11-03 00:31:50,auth,/details,304,200
2025-11-03 00:32:00,catalog,/checkout,176,200
2025-11-03 00:32:10,catalog,/send-email,190,200
2025-11-03 00:32:20,auth,/login,201,200
2025-11-03 00:32:30,notifications,/send-email,284,200
2025-11-03 00:32:40,notifications,/checkout,162,200
2025-11-03 00:32:50,catalog,/details,218,200
2025-11-03 00:33:00,payments,/send-email,203,200
2025-11-03 00:33:10,payments,/send-email,229,200
2025-11-03 00:33:20,payments,/details,328,200
2025-11-03 00:33:30,auth,/checkout,198,200
2025-11-03 00:33:40,auth,/details,304,500
2025-11-03 00:33:50,auth,/send-email,459,200
2025-11-03 00:34:00,orders,/send-email,205,200
2025-11-03 00:34:10,catalog,/details,189,200
2025-11-03 00:34:20,orders,/items,337,200
2025-11-03 00:34:30,notifications,/details,325,200
2025-11-03 00:34:40,orders,/send-email,264,200
2025-11-03 00:34:50,catalog,/items,276,500
2025-11-03 00:35:00,payments,/items,310,500
2025-11-03 00:35:10,orders,/items,223,200
2025-11-03 00:35:20,catalog,/send-email,338,200
2025-11-03 00:35:30,auth,/send-email,225,200
2025-11-03 00:35:40,notifications,/details,240,200
2025-11-03 00:35:50,catalog,/details,342,200
2025-11-03 00:36:00,notifications,/items,258,200
2025-11-03 00:36:10,payments,/items,1505,200
2025-11-03 00:36:20,orders,/items,102,200
2025-11-03 00:36:30,notifications,/items,200,200
2025-11-03 00:36:40,auth,/items,116,200
2025-11-03 00:36:50,auth,/checkout,266,200
2025-11-03 00:37:00,notifications,/details,328,200
2025-11-03 00:37:10,orders,/details,237,200
2025-11-03 00:37:20,notifications,/items,237,200
2025-11-03 00:37:30,orders,/login,367,200
2025-11-03 00:37:40,notifications,/details,310,200
2025-11-03 00:37:50,payments,/checkout,260,200
2025-11-03 00:38:00,notifications,/login,268,200
2025-11-03 00:38:10,payments,/login,267,200
2025-11-03 00:38:20,notifications,/items,191,200
2025-11-03 00:38:30,payments,/checkout,250,200
2025-11-03 00:38:40,catalog,/login,203,200
2025-11-03 00:38:50,catalog,/send-email,103,200
2025-11-03 00:39:00,notifications,/checkout,268,200
2025-11-03 00:39:10,orders,/details,169,200
2025-11-03 00:39:20,orders,/login,119,200
2025-11-03 00:39:30,auth,/checkout,234,200
2025-11-03 00:39:40,payments,/items,323,200
2025-11-03 00:39:50,catalog,/login,96,200
2025-11-03 00:40:00,notifications,/checkout,183,200
2025-11-03 00:40:10,auth,/details,201,200
2025-11-03 00:40:20,catalog,/checkout,343,200
2025-11-03 00:40:30,orders,/send-email,370,200
2025-11-03 00:40:40,catalog,/items,165,200
2025-11-03 00:40:50,payments,/items,299,200
2025-11-03 00:41:00,auth,/send-email,206,200
2025-11-03 00:41:10,payments,/send-email,236,200
2025-11-03 00:41:20,orders,/items,225,200
2025-11-03 00:41:30,orders,/checkout,272,200
2025-11-03 00:41:40,payments,/login,385,200
2025-11-03 00:41:50,auth,/checkout,77,200
2025-11-03 00:42:00,orders,/checkout,272,200
2025-11-03 00:42:10,notifications,/login,182,200
2025-11-03 00:42:20,orders,/login,195,200
2025-11-03 00:42:30,payments,/send-email,280,200
2025-11-03 00:42:40,auth,/checkout,190,200
2025-11-03 00:42:50,orders,/checkout,150,200
2025-11-03 00:43:00,payments,/checkout,275,200
2025-11-03 00:43:10,payments,/send-email,101,200
2025-11-03 00:43:20,auth,/items,422,200
2025-11-03 00:43:30,catalog,/login,262,200
2025-11-03 00:43:40,catalog,/details,257,200
2025-11-03 00:43:50,catalog,/login,353,200
2025-11-03 00:44:00,payments,/items,265,200
2025-11-03 00:44:10,catalog,/details,363,200
2025-11-03 00:44:20,catalog,/items,275,200
2025-11-03 00:44:30,orders,/login,117,200
2025-11-03 00:44:40,payments,/details,283,200
2025-11-03 00:44:50,orders,/checkout,251,200
2025-11-03 00:45:00,payments,/items,202,200
2025-11-03 00:45:10,payments,/send-email,194,200
2025-11-03 00:45:20,catalog,/send-email,351,200
2025-11-03 00:45:30,auth,/send-email,106,200
2025-11-03 00:45:40,auth,/send-email,235,500
2025-11-03 00:45:50,auth,/details,319,200
2025-11-03 00:46:00,catalog,/send-email,259,200
2025-11-03 00:46:10,notifications,/send-email,173,200
2025-11-03 00:46:20,orders,/send-email,342,200
2025-11-03 00:46:30,payments,/checkout,292,200
2025-11-03 00:46:40,catalog,/details,198,200
2025-11-03 00:46:50,notifications,/login,252,200
2025-11-03 00:47:00,catalog,/details,98,200
2025-11-03 00:47:10,orders,/checkout,328,200
2025-11-03 00:47:20,payments,/checkout,273,200
2025-11-03 00:47:30,orders,/items,315,200
2025-11-03 00:47:40,catalog,/checkout,205,200
2025-11-03 00:47:50,notifications,/details,292,200
2025-11-03 00:48:00,payments,/details,231,200
2025-11-03 00:48:10,auth,/login,278,200
2025-11-03 00:48:20,notifications,/details,394,200
2025-11-03 00:48:30,orders,/checkout,202,200
2025-11-03 00:48:40,auth,/items,256,200
2025-11-03 00:48:50,notifications,/checkout,233,200
2025-11-03 00:49:00,auth,/send-email,228,200
2025-11-03 00:49:10,catalog,/checkout,218,200
2025-11-03 00:49:20,auth,/details,328,200
2025-11-03 00:49:30,auth,/send-email,177,200
2025-11-03 00:49:40,notifications,/send-email,206,200
2025-11-03 00:49:50,orders,/details,251,200
2025-11-03 00:50:00,orders,/details,392,200
2025-11-03 00:50:10,orders,/details,298,200
2025-11-03 00:50:20,catalog,/items,276,200
2025-11-03 00:50:30,notifications,/checkout,283,200
2025-11-03 00:50:40,orders,/send-email,182,200
2025-11-03 00:50:50,payments,/details,207,200
2025-11-03 00:51:00,payments,/details,191,200
2025-11-03 00:51:10,catalog,/login,112,200
2025-11-03 00:51:20,payments,/login,373,200
2025-11-03 00:51:30,payments,/checkout,322,200
2025-11-03 00:51:40,catalog,/items,271,200
2025-11-03 00:51:50,auth,/details,171,200
2025-11-03 00:52:00,notifications,/items,360,200
2025-11-03 00:52:10,orders,/details,260,200
2025-11-03 00:52:20,auth,/items,198,200
2025-11-03 00:52:30,notifications,/send-email,254,200
2025-11-03 00:52:40,notifications,/login,252,200
2025-11-03 00:52:50,orders,/details,231,200
2025-11-03 00:53:00,orders,/checkout,290,200
2025-11-03 00:53:10,payments,/items,226,200
2025-11-03 00:53:20,auth,/items,339,200
2025-11-03 00:53:30,catalog,/checkout,320,200
2025-11-03 00:53:40,payments,/send-email,320,200
2025-11-03 00:53:50,auth,/details,416,200
2025-11-03 00:54:00,payments,/items,165,200
2025-11-03 00:54:10,orders,/items,316,200
2025-11-03 00:54:20,catalog,/checkout,172,200
2025-11-03 00:54:30,notifications,/items,222,200
2025-11-03 00:54:40,orders,/items,274,200
2025-11-03 00:54:50,notifications,/login,333,200
2025-11-03 00:55:00,notifications,/items,277,200
2025-11-03 00:55:10,payments,/items,222,200
2025-11-03 00:55:20,payments,/login,193,200
2025-11-03 00:55:30,notifications,/send-email,204,200
2025-11-03 00:55:40,notifications,/details,451,200
2025-11-03 00:55:50,payments,/checkout,149,200
2025-11-03 00:56:00,auth,/login,201,200
2025-11-03 00:56:10,notifications,/details,242,200
2025-11-03 00:56:20,payments,/details,154,200
2025-11-03 00:56:30,notifications,/login,436,500
2025-11-03 00:56:40,notifications,/details,303,200
2025-11-03 00:56:50,payments,/send-email,265,200
2025-11-03 00:57:00,catalog,/send-email,189,200
2025-11-03 00:57:10,payments,/details,213,200
2025-11-03 00:57:20,notifications,/checkout,370,200
2025-11-03 00:57:30,payments,/checkout,81,200
2025-11-03 00:57:40,catalog,/checkout,231,200
2025-11-03 00:57:50,catalog,/checkout,397,200
2025-11-03 00:58:00,catalog,/send-email,285,200
2025-11-03 00:58:10,payments,/items,284,200
2025-11-03 00:58:20,catalog,/login,191,200
2025-11-03 00:58:30,catalog,/items,198,200
2025-11-03 00:58:40,notifications,/send-email,346,200
2025-11-03 00:58:50,catalog,/checkout,194,200
2025-11-03 00:59:00,catalog,/checkout,185,200
2025-11-03 00:59:10,payments,/send-email,246,200
2025-11-03 00:59:20,orders,/checkout,360,200
2025-11-03 00:59:30,notifications,/details,213,200
2025-11-03 00:59:40,catalog,/login,195,200
2025-11-03 00:59:50,catalog,/send-email,381,200
2025-11-03 01:00:00,notifications,/checkout,237,200
2025-11-03 01:00:10,auth,/login,146,200
2025-11-03 01:00:20,notifications,/login,75,200
2025-11-03 01:00:30,catalog,/details,209,200
2025-11-03 01:00:40,payments,/send-email,268,200
2025-11-03 01:00:50,payments,/details,303,200
2025-11-03 01:01:00,payments,/items,305,200
2025-11-03 01:01:10,notifications,/details,194,200
2025-11-03 01:01:20,payments,/send-email,172,200
2025-11-03 01:01:30,notifications,/checkout,388,200
2025-11-03 01:01:40,orders,/details,341,200
2025-11-03 01:01:50,catalog,/send-email,158,200
2025-11-03 01:02:00,orders,/details,333,200
2025-11-03 01:02:10,orders,/details,299,200
2025-11-03 01:02:20,notifications,/send-email,332,200
2025-11-03 01:02:30,orders,/items,245,200
2025-11-03 01:02:40,notifications,/items,1320,200
2025-11-03 01:02:50,payments,/details,352,200
2025-11-03 01:03:00,notifications,/login,171,200
2025-11-03 01:03:10,notifications,/send-email,279,200
2025-11-03 01:03:20,catalog,/checkout,204,200
2025-11-03 01:03:30,notifications,/details,218,200
2025-11-03 01:03:40,catalog,/items,272,200
2025-11-03 01:03:50,orders,/login,287,200
2025-11-03 01:04:00,notifications,/items,168,200
2025-11-03 01:04:10,catalog,/items,297,200
2025-11-03 01:04:20,orders,/checkout,106,200
2025-11-03 01:04:30,orders,/items,278,200
2025-11-03 01:04:40,orders,/login,190,200
2025-11-03 01:04:50,notifications,/items,345,200
2025-11-03 01:05:00,payments,/items,274,200
2025-11-03 01:05:10,catalog,/details,288,200
2025-11-03 01:05:20,catalog,/login,152,200
2025-11-03 01:05:30,orders,/details,131,200
2025-11-03 01:05:40,payments,/login,331,200
2025-11-03 01:05:50,orders,/login,292,200
2025-11-03 01:06:00,auth,/details,185,200
2025-11-03 01:06:10,orders,/checkout,334,200
2025-11-03 01:06:20,orders,/items,107,200
2025-11-03 01:06:30,notifications,/send-email,365,200
2025-11-03 01:06:40,payments,/items,350,200
2025-11-03 01:06:50,auth,/details,218,200
2025-11-03 01:07:00,catalog,/send-email,135,200
2025-11-03 01:07:10,payments,/items,300,200
2025-11-03 01:07:20,notifications,/login,132,200
2025-11-03 01:07:30,auth,/send-email,309,200
2025-11-03 01:07:40,payments,/checkout,169,200
2025-11-03 01:07:50,notifications,/send-email,258,200
2025-11-03 01:08:00,catalog,/items,339,200
2025-11-03 01:08:10,catalog,/details,309,200
2025-11-03 01:08:20,catalog,/checkout,170,200
2025-11-03 01:08:30,notifications,/details,322,200
2025-11-03 01:08:40,payments,/details,252,200
2025-11-03 01:08:50,auth,/details,323,200
2025-11-03 01:09:00,notifications,/items,281,200
2025-11-03 01:09:10,notifications,/send-email,294,200
2025-11-03 01:09:20,payments,/login,291,200
2025-11-03 01:09:30,payments,/checkout,194,200
2025-11-03 01:09:40,notifications,/details,156,200
2025-11-03 01:09:50,orders,/send-email,236,200
2025-11-03 01:10:00,auth,/details,229,200
2025-11-03 01:10:10,catalog,/checkout,329,200
2025-11-03 01:10:20,catalog,/login,211,200
2025-11-03 01:10:30,orders,/login,237,200
2025-11-03 01:10:40,orders,/send-email,413,200
2025-11-03 01:10:50,payments,/send-email,361,200
2025-11-03 01:11:00,catalog,/send-email,261,200
2025-11-03 01:11:10,notifications,/send-email,217,200
2025-11-03 01:11:20,notifications,/checkout,295,200
2025-11-03 01:11:30,orders,/checkout,317,200
2025-11-03 01:11:40,notifications,/checkout,289,200
2025-11-03 01:11:50,notifications,/details,270,200
2025-11-03 01:12:00,payments,/items,456,200
2025-11-03 01:12:10,orders,/checkout,245,200
2025-11-03 01:12:20,orders,/items,234,200
2025-11-03 01:12:30,catalog,/login,380,200
2025-11-03 01:12:40,auth,/items,165,200
2025-11-03 01:12:50,payments,/send-email,269,200
2025-11-03 01:13:00,payments,/send-email,250,200
2025-11-03 01:13:10,catalog,/items,233,200
2025-11-03 01:13:20,orders,/login,413,200
2025-11-03 01:13:30,notifications,/send-email,317,200
2025-11-03 01:13:40,payments,/items,195,200
2025-11-03 01:13:50,payments,/details,283,200
2025-11-03 01:14:00,payments,/login,274,200
2025-11-03 01:14:10,catalog,/login,246,200
2025-11-03 01:14:20,orders,/send-email,207,200
2025-11-03 01:14:30,orders,/send-email,218,500
2025-11-03 01:14:40,orders,/login,254,200
2025-11-03 01:14:50,payments,/details,140,200
2025-11-03 01:15:00,auth,/login,309,200
2025-11-03 01:15:10,auth,/send-email,127,200
2025-11-03 01:15:20,payments,/checkout,319,200
2025-11-03 01:15:30,auth,/login,311,200
2025-11-03 01:15:40,notifications,/items,162,200
2025-11-03 01:15:50,payments,/send-email,183,200
2025-11-03 01:16:00,orders,/send-email,176,200
2025-11-03 01:16:10,notifications,/checkout,261,200
2025-11-03 01:16:20,auth,/login,246,500
2025-11-03 01:16:30,orders,/checkout,324,200
2025-11-03 01:16:40,payments,/checkout,190,200
2025-11-03 01:16:50,catalog,/login,364,200
2025-11-03 01:17:00,catalog,/checkout,160,200
2025-11-03 01:17:10,catalog,/checkout,169,200
2025-11-03 01:17:20,payments,/login,294,200
2025-11-03 01:17:30,orders,/details,298,200
2025-11-03 01:17:40,payments,/items,240,200
2025-11-03 01:17:50,catalog,/login,330,200
2025-11-03 01:18:00,payments,/checkout,207,200
2025-11-03 01:18:10,notifications,/login,316,200
2025-11-03 01:18:20,payments,/items,246,200
2025-11-03 01:18:30,payments,/details,266,200
2025-11-03 01:18:40,catalog,/login,286,200
2025-11-03 01:18:50,auth,/checkout,162,200
2025-11-03 01:19:00,payments,/send-email,188,200
2025-11-03 01:19:10,payments,/login,352,200
2025-11-03 01:19:20,auth,/login,251,200
2025-11-03 01:19:30,auth,/details,1575,200
2025-11-03 01:19:40,catalog,/login,252,200
2025-11-03 01:19:50,catalog,/items,277,200
2025-11-03 01:20:00,auth,/send-email,190,200
2025-11-03 01:20:10,auth,/login,255,200
2025-11-03 01:20:20,payments,/items,181,200
2025-11-03 01:20:30,payments,/items,272,200
2025-11-03 01:20:40,payments,/send-email,141,200
2025-11-03 01:20:50,orders,/login,118,200
2025-11-03 01:21:00,payments,/send-email,351,200
2025-11-03 01:21:10,payments,/items,197,200
2025-11-03 01:21:20,catalog,/send-email,245,200
2025-11-03 01:21:30,catalog,/checkout,334,200
2025-11-03 01:21:40,payments,/send-email,399,200
2025-11-03 01:21:50,payments,/login,229,200
2025-11-03 01:22:00,catalog,/checkout,187,200
2025-11-03 01:22:10,auth,/checkout,303,200
2025-11-03 01:22:20,orders,/items,188,200
2025-11-03 01:22:30,catalog,/details,299,200
2025-11-03 01:22:40,payments,/details,268,200
2025-11-03 01:22:50,catalog,/details,301,200
2025-11-03 01:23:00,catalog,/checkout,303,200
2025-11-03 01:23:10,orders,/login,186,200
2025-11-03 01:23:20,payments,/details,309,200
2025-11-03 01:23:30,payments,/login,272,200
2025-11-03 01:23:40,catalog,/login,230,200
2025-11-03 01:23:50,catalog,/send-email,1155,200
2025-11-03 01:24:00,catalog,/details,305,200
2025-11-03 01:24:10,catalog,/login,169,200
2025-11-03 01:24:20,payments,/login,244,200
2025-11-03 01:24:30,payments,/details,130,200
2025-11-03 01:24:40,orders,/items,134,200
2025-11-03 01:24:50,notifications,/details,200,200
2025-11-03 01:25:00,auth,/login,301,200
2025-11-03 01:25:10,catalog,/details,270,200
2025-11-03 01:25:20,notifications,/checkout,152,200
2025-11-03 01:25:30,catalog,/details,181,200
2025-11-03 01:25:40,payments,/details,267,200
2025-11-03 01:25:50,auth,/details,339,200
2025-11-03 01:26:00,payments,/login,352,200
2025-11-03 01:26:10,orders,/items,183,200
2025-11-03 01:26:20,notifications,/checkout,368,200
2025-11-03 01:26:30,notifications,/items,375,200
2025-11-03 01:26:40,catalog,/send-email,376,200
2025-11-03 01:26:50,payments,/send-email,175,200
2025-11-03 01:27:00,catalog,/items,387,200
2025-11-03 01:27:10,orders,/items,202,200
2025-11-03 01:27:20,catalog,/checkout,190,200
2025-11-03 01:27:30,payments,/details,177,200
2025-11-03 01:27:40,notifications,/send-email,255,200
2025-11-03 01:27:50,notifications,/checkout,401,200
2025-11-03 01:28:00,notifications,/login,215,200
2025-11-03 01:28:10,notifications,/details,276,200
2025-11-03 01:28:20,notifications,/details,315,200
2025-11-03 01:28:30,payments,/checkout,193,200
2025-11-03 01:28:40,catalog,/details,118,200
2025-11-03 01:28:50,auth,/details,196,200
2025-11-03 01:29:00,payments,/details,304,200
2025-11-03 01:29:10,payments,/checkout,315,200
2025-11-03 01:29:20,payments,/send-email,242,200
2025-11-03 01:29:30,orders,/checkout,208,200
2025-11-03 01:29:40,auth,/details,406,200
2025-11-03 01:29:50,auth,/checkout,250,200
2025-11-03 01:30:00,orders,/send-email,329,200
2025-11-03 01:30:10,notifications,/checkout,386,200
2025-11-03 01:30:20,catalog,/login,251,200
2025-11-03 01:30:30,payments,/send-email,184,200
2025-11-03 01:30:40,catalog,/details,278,200
2025-11-03 01:30:50,orders,/checkout,237,200
2025-11-03 01:31:00,auth,/send-email,266,200
2025-11-03 01:31:10,auth,/checkout,157,200
2025-11-03 01:31:20,orders,/send-email,233,200
2025-11-03 01:31:30,orders,/login,320,200
2025-11-03 01:31:40,auth,/send-email,224,200
2025-11-03 01:31:50,orders,/details,302,200
2025-11-03 01:32:00,payments,/details,360,200
2025-11-03 01:32:10,auth,/items,149,200
2025-11-03 01:32:20,catalog,/items,262,200
2025-11-03 01:32:30,catalog,/send-email,209,200
2025-11-03 01:32:40,auth,/items,370,200
2025-11-03 01:32:50,notifications,/details,155,200
2025-11-03 01:33:00,payments,/details,258,200
2025-11-03 01:33:10,auth,/login,275,200
2025-11-03 01:33:20,notifications,/send-email,309,200
2025-11-03 01:33:30,orders,/items,231,200
2025-11-03 01:33:40,payments,/checkout,182,200
2025-11-03 01:33:50,notifications,/send-email,267,200
2025-11-03 01:34:00,auth,/send-email,176,200
2025-11-03 01:34:10,auth,/checkout,385,200
2025-11-03 01:34:20,catalog,/items,168,200
2025-11-03 01:34:30,notifications,/checkout,91,200
2025-11-03 01:34:40,catalog,/checkout,208,200
2025-11-03 01:34:50,orders,/login,212,500
2025-11-03 01:35:00,auth,/details,363,200
2025-11-03 01:35:10,notifications,/items,317,200
2025-11-03 01:35:20,notifications,/checkout,205,200
2025-11-03 01:35:30,payments,/send-email,336,500
2025-11-03 01:35:40,notifications,/send-email,459,200
2025-11-03 01:35:50,catalog,/checkout,386,200
2025-11-03 01:36:00,notifications,/send-email,259,200
2025-11-03 01:36:10,catalog,/send-email,245,200
2025-11-03 01:36:20,auth,/send-email,292,200
2025-11-03 01:36:30,payments,/login,187,200
2025-11-03 01:36:40,notifications,/checkout,268,200
2025-11-03 01:36:50,orders,/items,255,200
2025-11-03 01:37:00,auth,/send-email,212,200
2025-11-03 01:37:10,orders,/checkout,206,200
2025-11-03 01:37:20,auth,/items,282,200
2025-11-03 01:37:30,auth,/items,293,200
2025-11-03 01:37:40,auth,/checkout,173,200
2025-11-03 01:37:50,orders,/items,1800,200
2025-11-03 01:38:00,catalog,/send-email,182,200
2025-11-03 01:38:10,payments,/items,201,200
2025-11-03 01:38:20,payments,/send-email,167,200
2025-11-03 01:38:30,payments,/send-email,301,200
2025-11-03 01:38:40,notifications,/login,227,500
2025-11-03 01:38:50,catalog,/checkout,273,200
2025-11-03 01:39:00,orders,/login,193,500
2025-11-03 01:39:10,notifications,/send-email,338,200
2025-11-03 01:39:20,orders,/checkout,269,500
2025-11-03 01:39:30,catalog,/items,267,200
2025-11-03 01:39:40,orders,/details,247,200
2025-11-03 01:39:50,catalog,/items,296,200
2025-11-03 01:40:00,auth,/send-email,262,200
2025-11-03 01:40:10,orders,/login,311,200
2025-11-03 01:40:20,payments,/items,235,200
2025-11-03 01:40:30,orders,/details,364,200
2025-11-03 01:40:40,notifications,/login,176,200
2025-11-03 01:40:50,orders,/checkout,206,200
2025-11-03 01:41:00,auth,/checkout,327,200
2025-11-03 01:41:10,auth,/items,293,200
2025-11-03 01:41:20,auth,/details,300,200
2025-11-03 01:41:30,payments,/login,242,200
2025-11-03 01:41:40,auth,/send-email,233,200
2025-11-03 01:41:50,auth,/checkout,156,200
2025-11-03 01:42:00,catalog,/details,393,200
2025-11-03 01:42:10,catalog,/login,220,200
2025-11-03 01:42:20,notifications,/checkout,342,200
2025-11-03 01:42:30,notifications,/checkout,244,200
2025-11-03 01:42:40,payments,/details,259,200
2025-11-03 01:42:50,orders,/login,420,200
2025-11-03 01:43:00,catalog,/details,195,200
2025-11-03 01:43:10,auth,/items,265,200
2025-11-03 01:43:20,orders,/details,186,200
2025-11-03 01:43:30,payments,/details,88,200
2025-11-03 01:43:40,auth,/send-email,140,200
2025-11-03 01:43:50,auth,/send-email,387,200
2025-11-03 01:44:00,auth,/items,182,200
2025-11-03 01:44:10,auth,/checkout,250,200
2025-11-03 01:44:20,auth,/send-email,194,200
2025-11-03 01:44:30,orders,/details,264,200
2025-11-03 01:44:40,auth,/send-email,890,200
2025-11-03 01:44:50,catalog,/details,209,200
2025-11-03 01:45:00,catalog,/login,287,200
2025-11-03 01:45:10,catalog,/send-email,108,200
2025-11-03 01:45:20,auth,/items,93,200
2025-11-03 01:45:30,payments,/send-email,314,200
2025-11-03 01:45:40,notifications,/details,27,200
2025-11-03 01:45:50,orders,/items,346,200
2025-11-03 01:46:00,auth,/send-email,251,200
2025-11-03 01:46:10,payments,/send-email,246,200
2025-11-03 01:46:20,catalog,/details,403,200
2025-11-03 01:46:30,auth,/login,126,200
2025-11-03 01:46:40,payments,/checkout,225,200
2025-11-03 01:46:50,notifications,/checkout,431,200
2025-11-03 01:47:00,catalog,/items,322,200
2025-11-03 01:47:10,orders,/items,266,200
2025-11-03 01:47:20,catalog,/details,296,200
2025-11-03 01:47:30,auth,/items,285,200
2025-11-03 01:47:40,auth,/checkout,276,200
2025-11-03 01:47:50,notifications,/send-email,396,200
2025-11-03 01:48:00,orders,/login,180,200
2025-11-03 01:48:10,catalog,/details,374,200
2025-11-03 01:48:20,orders,/login,217,200
2025-11-03 01:48:30,notifications,/items,221,200
2025-11-03 01:48:40,auth,/details,305,200
2025-11-03 01:48:50,orders,/login,175,200
2025-11-03 01:49:00,orders,/checkout,251,200
2025-11-03 01:49:10,catalog,/login,188,200
2025-11-03 01:49:20,auth,/details,230,200
2025-11-03 01:49:30,notifications,/checkout,296,200
2025-11-03 01:49:40,catalog,/send-email,78,200
2025-11-03 01:49:50,catalog,/checkout,359,200
2025-11-03 01:50:00,orders,/details,357,200
2025-11-03 01:50:10,notifications,/login,474,200
2025-11-03 01:50:20,catalog,/checkout,150,200
2025-11-03 01:50:30,notifications,/details,180,200
2025-11-03 01:50:40,auth,/items,362,200
2025-11-03 01:50:50,notifications,/items,229,200
2025-11-03 01:51:00,notifications,/login,134,200
2025-11-03 01:51:10,notifications,/checkout,221,200
2025-11-03 01:51:20,payments,/login,254,200
2025-11-03 01:51:30,auth,/details,154,200
2025-11-03 01:51:40,payments,/details,210,200
2025-11-03 01:51:50,catalog,/send-email,337,200
2025-11-03 01:52:00,catalog,/send-email,285,200
2025-11-03 01:52:10,payments,/checkout,212,200
2025-11-03 01:52:20,payments,/send-email,228,200
2025-11-03 01:52:30,auth,/send-email,307,200
2025-11-03 01:52:40,payments,/items,252,200
2025-11-03 01:52:50,orders,/checkout,387,200
2025-11-03 01:53:00,orders,/details,329,200
2025-11-03 01:53:10,payments,/login,199,200
2025-11-03 01:53:20,auth,/details,296,200
2025-11-03 01:53:30,payments,/details,300,200
2025-11-03 01:53:40,payments,/checkout,272,200
2025-11-03 01:53:50,auth,/details,258,200
2025-11-03 01:54:00,orders,/send-email,382,200
2025-11-03 01:54:10,notifications,/checkout,166,200
2025-11-03 01:54:20,payments,/login,94,200
2025-11-03 01:54:30,orders,/login,205,200
2025-11-03 01:54:40,orders,/details,315,200
2025-11-03 01:54:50,auth,/send-email,270,200
2025-11-03 01:55:00,auth,/login,246,200
2025-11-03 01:55:10,payments,/send-email,276,200
2025-11-03 01:55:20,orders,/details,379,200
2025-11-03 01:55:30,orders,/checkout,400,200
2025-11-03 01:55:40,catalog,/login,120,200
2025-11-03 01:55:50,notifications,/items,125,200
2025-11-03 01:56:00,auth,/details,276,200
2025-11-03 01:56:10,catalog,/items,251,200
2025-11-03 01:56:20,catalog,/login,286,200
2025-11-03 01:56:30,catalog,/send-email,295,200
2025-11-03 01:56:40,catalog,/checkout,111,200
2025-11-03 01:56:50,notifications,/items,111,200
2025-11-03 01:57:00,auth,/items,146,200
2025-11-03 01:57:10,auth,/checkout,207,200
2025-11-03 01:57:20,catalog,/details,146,200
2025-11-03 01:57:30,orders,/items,2235,200
2025-11-03 01:57:40,orders,/checkout,208,200
2025-11-03 01:57:50,auth,/details,333,200
2025-11-03 01:58:00,catalog,/details,280,200
2025-11-03 01:58:10,auth,/send-email,339,200
2025-11-03 01:58:20,payments,/login,332,200
2025-11-03 01:58:30,notifications,/items,231,200
2025-11-03 01:58:40,catalog,/send-email,200,200
2025-11-03 01:58:50,payments,/checkout,207,200
2025-11-03 01:59:00,notifications,/items,1245,200
2025-11-03 01:59:10,notifications,/items,169,200
2025-11-03 01:59:20,payments,/login,346,200
2025-11-03 01:59:30,payments,/checkout,195,200
2025-11-03 01:59:40,notifications,/checkout,230,200
2025-11-03 01:59:50,auth,/checkout,358,200
2025-11-03 02:00:00,auth,/details,367,200
2025-11-03 02:00:10,orders,/details,300,200
2025-11-03 02:00:20,notifications,/details,295,200
2025-11-03 02:00:30,notifications,/send-email,381,200
2025-11-03 02:00:40,payments,/login,391,200
2025-11-03 02:00:50,notifications,/checkout,224,200
2025-11-03 02:01:00,notifications,/checkout,414,200
2025-11-03 02:01:10,catalog,/checkout,360,200
2025-11-03 02:01:20,catalog,/details,298,200
2025-11-03 02:01:30,notifications,/checkout,285,200
2025-11-03 02:01:40,auth,/items,242,200
2025-11-03 02:01:50,catalog,/details,165,200
2025-11-03 02:02:00,notifications,/details,258,200
2025-11-03 02:02:10,orders,/login,272,200
2025-11-03 02:02:20,auth,/items,101,200
2025-11-03 02:02:30,notifications,/login,263,200
2025-11-03 02:02:40,notifications,/login,193,200
2025-11-03 02:02:50,catalog,/send-email,341,200
2025-11-03 02:03:00,auth,/items,162,200
2025-11-03 02:03:10,notifications,/details,341,200
2025-11-03 02:03:20,orders,/checkout,293,200
2025-11-03 02:03:30,payments,/send-email,109,200
2025-11-03 02:03:40,notifications,/details,288,200
2025-11-03 02:03:50,auth,/details,293,200
2025-11-03 02:04:00,orders,/items,314,200
2025-11-03 02:04:10,orders,/details,324,200
2025-11-03 02:04:20,catalog,/send-email,118,200
2025-11-03 02:04:30,orders,/send-email,219,200
2025-11-03 02:04:40,notifications,/login,313,200
2025-11-03 02:04:50,orders,/items,97,200
2025-11-03 02:05:00,orders,/login,241,200
2025-11-03 02:05:10,notifications,/login,192,200
2025-11-03 02:05:20,notifications,/send-email,288,200
2025-11-03 02:05:30,payments,/checkout,250,200
2025-11-03 02:05:40,orders,/send-email,117,200
2025-11-03 02:05:50,auth,/login,427,200
2025-11-03 02:06:00,orders,/items,241,200
2025-11-03 02:06:10,orders,/details,305,200
2025-11-03 02:06:20,payments,/login,284,200
2025-11-03 02:06:30,payments,/checkout,207,200
2025-11-03 02:06:40,catalog,/checkout,270,200
2025-11-03 02:06:50,auth,/send-email,404,200
2025-11-03 02:07:00,orders,/send-email,291,200
2025-11-03 02:07:10,catalog,/send-email,193,200
2025-11-03 02:07:20,catalog,/items,192,200
2025-11-03 02:07:30,notifications,/checkout,250,200
2025-11-03 02:07:40,catalog,/login,230,200
2025-11-03 02:07:50,payments,/send-email,157,200
2025-11-03 02:08:00,orders,/send-email,219,200
2025-11-03 02:08:10,notifications,/checkout,212,200
2025-11-03 02:08:20,notifications,/send-email,220,200
2025-11-03 02:08:30,notifications,/send-email,259,200
2025-11-03 02:08:40,notifications,/send-email,188,200
2025-11-03 02:08:50,orders,/send-email,131,200
2025-11-03 02:09:00,catalog,/send-email,211,200
2025-11-03 02:09:10,catalog,/items,316,200
2025-11-03 02:09:20,orders,/send-email,244,200
2025-11-03 02:09:30,orders,/send-email,243,200
2025-11-03 02:09:40,payments,/login,227,200
2025-11-03 02:09:50,auth,/checkout,256,200
2025-11-03 02:10:00,catalog,/details,267,200
2025-11-03 02:10:10,payments,/send-email,376,200
2025-11-03 02:10:20,orders,/login,200,200
2025-11-03 02:10:30,auth,/login,357,200
2025-11-03 02:10:40,catalog,/items,275,200
2025-11-03 02:10:50,auth,/details,249,200
2025-11-03 02:11:00,orders,/items,219,200
2025-11-03 02:11:10,auth,/login,222,200
2025-11-03 02:11:20,auth,/details,286,200
2025-11-03 02:11:30,notifications,/send-email,243,200
2025-11-03 02:11:40,auth,/items,202,200
2025-11-03 02:11:50,notifications,/checkout,331,200
2025-11-03 02:12:00,payments,/send-email,280,200
2025-11-03 02:12:10,payments,/checkout,151,200
2025-11-03 02:12:20,payments,/checkout,318,200
2025-11-03 02:12:30,payments,/details,310,200
2025-11-03 02:12:40,catalog,/send-email,92,200
2025-11-03 02:12:50,notifications,/checkout,68,200
2025-11-03 02:13:00,auth,/send-email,338,200
2025-11-03 02:13:10,auth,/login,298,200
2025-11-03 02:13:20,orders,/send-email,210,200
2025-11-03 02:13:30,orders,/send-email,205,200
2025-11-03 02:13:40,notifications,/items,121,200
2025-11-03 02:13:50,orders,/details,406,200
2025-11-03 02:14:00,notifications,/checkout,303,200
2025-11-03 02:14:10,auth,/send-email,280,200
2025-11-03 02:14:20,auth,/login,257,200
2025-11-03 02:14:30,catalog,/login,338,200
2025-11-03 02:14:40,orders,/checkout,200,200
2025-11-03 02:14:50,payments,/items,229,200
2025-11-03 02:15:00,notifications,/checkout,208,200
2025-11-03 02:15:10,auth,/checkout,159,200
2025-11-03 02:15:20,payments,/details,54,200
2025-11-03 02:15:30,orders,/send-email,284,200
2025-11-03 02:15:40,payments,/login,150,200
2025-11-03 02:15:50,auth,/login,139,200
2025-11-03 02:16:00,auth,/details,374,200
2025-11-03 02:16:10,auth,/items,147,200
2025-11-03 02:16:20,payments,/items,177,200
2025-11-03 02:16:30,payments,/details,235,200
2025-11-03 02:16:40,payments,/send-email,231,200
2025-11-03 02:16:50,catalog,/login,235,200
2025-11-03 02:17:00,payments,/send-email,301,200
2025-11-03 02:17:10,payments,/checkout,161,200
2025-11-03 02:17:20,notifications,/checkout,234,200
2025-11-03 02:17:30,orders,/send-email,177,200
2025-11-03 02:17:40,notifications,/details,293,200
2025-11-03 02:17:50,notifications,/items,365,200
2025-11-03 02:18:00,payments,/send-email,330,200
2025-11-03 02:18:10,auth,/send-email,303,200
2025-11-03 02:18:20,notifications,/checkout,267,200
2025-11-03 02:18:30,catalog,/checkout,347,200
2025-11-03 02:18:40,catalog,/checkout,293,200
2025-11-03 02:18:50,notifications,/items,238,200
2025-11-03 02:19:00,payments,/checkout,279,200
2025-11-03 02:19:10,auth,/details,229,200
2025-11-03 02:19:20,catalog,/checkout,23,200
2025-11-03 02:19:30,payments,/checkout,60,200
2025-11-03 02:19:40,catalog,/login,229,200
2025-11-03 02:19:50,auth,/details,204,200
2025-11-03 02:20:00,orders,/details,221,200
2025-11-03 02:20:10,auth,/checkout,276,200
2025-11-03 02:20:20,auth,/send-email,233,200
2025-11-03 02:20:30,payments,/send-email,432,200
2025-11-03 02:20:40,catalog,/details,317,200
2025-11-03 02:20:50,notifications,/details,172,200
2025-11-03 02:21:00,catalog,/send-email,300,200
2025-11-03 02:21:10,payments,/login,193,200
2025-11-03 02:21:20,orders,/send-email,171,200
2025-11-03 02:21:30,orders,/items,270,200
2025-11-03 02:21:40,notifications,/send-email,224,200
2025-11-03 02:21:50,notifications,/checkout,176,200
2025-11-03 02:22:00,auth,/items,327,200
2025-11-03 02:22:10,orders,/items,1230,200
2025-11-03 02:22:20,notifications,/send-email,299,200
2025-11-03 02:22:30,notifications,/checkout,88,200
2025-11-03 02:22:40,notifications,/checkout,304,200
2025-11-03 02:22:50,catalog,/login,227,200
2025-11-03 02:23:00,notifications,/details,281,200
2025-11-03 02:23:10,orders,/items,310,200
2025-11-03 02:23:20,catalog,/details,269,200
2025-11-03 02:23:30,auth,/checkout,302,200
2025-11-03 02:23:40,payments,/send-email,394,200
2025-11-03 02:23:50,payments,/items,247,200
2025-11-03 02:24:00,notifications,/items,151,200
2025-11-03 02:24:10,orders,/details,114,200
2025-11-03 02:24:20,auth,/checkout,201,200
2025-11-03 02:24:30,notifications,/login,230,200
2025-11-03 02:24:40,orders,/details,212,200
2025-11-03 02:24:50,payments,/login,222,200
2025-11-03 02:25:00,catalog,/checkout,190,200
2025-11-03 02:25:10,auth,/login,201,200
2025-11-03 02:25:20,notifications,/items,218,200
2025-11-03 02:25:30,catalog,/checkout,270,200
2025-11-03 02:25:40,orders,/items,245,200
2025-11-03 02:25:50,catalog,/send-email,203,200
2025-11-03 02:26:00,notifications,/items,213,200
2025-11-03 02:26:10,payments,/items,1320,200
2025-11-03 02:26:20,catalog,/details,163,200
2025-11-03 02:26:30,orders,/send-email,345,200
2025-11-03 02:26:40,payments,/checkout,218,200
2025-11-03 02:26:50,orders,/checkout,127,200
2025-11-03 02:27:00,auth,/send-email,234,200
2025-11-03 02:27:10,catalog,/details,257,200
2025-11-03 02:27:20,orders,/login,119,200
2025-11-03 02:27:30,auth,/login,205,200
2025-11-03 02:27:40,orders,/send-email,334,200
2025-11-03 02:27:50,auth,/login,233,200
2025-11-03 02:28:00,payments,/details,313,200
2025-11-03 02:28:10,payments,/login,169,200
2025-11-03 02:28:20,payments,/items,104,200
2025-11-03 02:28:30,auth,/details,333,200
2025-11-03 02:28:40,catalog,/details,289,200
2025-11-03 02:28:50,payments,/send-email,377,200
2025-11-03 02:29:00,payments,/send-email,37,200
2025-11-03 02:29:10,orders,/checkout,257,200
2025-11-03 02:29:20,catalog,/checkout,267,200
2025-11-03 02:29:30,auth,/checkout,397,200
2025-11-03 02:29:40,notifications,/login,358,200
2025-11-03 02:29:50,catalog,/login,233,200
2025-11-03 02:30:00,notifications,/checkout,334,200
2025-11-03 02:30:10,notifications,/send-email,294,200
2025-11-03 02:30:20,notifications,/items,266,200
2025-11-03 02:30:30,auth,/items,255,200
2025-11-03 02:30:40,payments,/send-email,262,200
2025-11-03 02:30:50,notifications,/items,236,200
2025-11-03 02:31:00,payments,/details,199,200
2025-11-03 02:31:10,orders,/items,133,200
2025-11-03 02:31:20,catalog,/login,320,200
2025-11-03 02:31:30,payments,/checkout,256,200
2025-11-03 02:31:40,catalog,/login,368,200
2025-11-03 02:31:50,payments,/login,212,200
2025-11-03 02:32:00,notifications,/details,168,200
2025-11-03 02:32:10,payments,/send-email,199,200
2025-11-03 02:32:20,notifications,/details,232,200
2025-11-03 02:32:30,catalog,/send-email,333,200
2025-11-03 02:32:40,orders,/login,187,200
2025-11-03 02:32:50,payments,/login,167,200
2025-11-03 02:33:00,notifications,/send-email,286,200
2025-11-03 02:33:10,notifications,/login,282,200
2025-11-03 02:33:20,catalog,/items,332,200
2025-11-03 02:33:30,auth,/details,475,200
2025-11-03 02:33:40,catalog,/send-email,151,200
2025-11-03 02:33:50,orders,/send-email,285,200
2025-11-03 02:34:00,catalog,/details,221,200
2025-11-03 02:34:10,catalog,/details,236,200
2025-11-03 02:34:20,catalog,/login,112,200
2025-11-03 02:34:30,catalog,/login,307,200
2025-11-03 02:34:40,notifications,/details,154,200
2025-11-03 02:34:50,notifications,/details,260,200
2025-11-03 02:35:00,auth,/login,246,200
2025-11-03 02:35:10,payments,/items,284,200
2025-11-03 02:35:20,payments,/send-email,247,200
2025-11-03 02:35:30,catalog,/checkout,330,200
2025-11-03 02:35:40,notifications,/checkout,230,200
2025-11-03 02:35:50,orders,/send-email,207,200
2025-11-03 02:36:00,orders,/checkout,336,200
2025-11-03 02:36:10,orders,/items,184,200
2025-11-03 02:36:20,catalog,/send-email,287,200
2025-11-03 02:36:30,notifications,/login,109,200
2025-11-03 02:36:40,orders,/checkout,206,200
2025-11-03 02:36:50,catalog,/details,196,200
2025-11-03 02:37:00,payments,/items,323,200
2025-11-03 02:37:10,catalog,/checkout,90,200
2025-11-03 02:37:20,catalog,/details,153,200
2025-11-03 02:37:30,orders,/checkout,228,200
2025-11-03 02:37:40,orders,/details,208,200
2025-11-03 02:37:50,payments,/checkout,323,200
2025-11-03 02:38:00,auth,/items,287,200
2025-11-03 02:38:10,notifications,/items,229,200
2025-11-03 02:38:20,catalog,/items,260,200
2025-11-03 02:38:30,auth,/send-email,191,200
2025-11-03 02:38:40,auth,/items,1575,200
2025-11-03 02:38:50,catalog,/login,355,200
2025-11-03 02:39:00,auth,/items,176,200
2025-11-03 02:39:10,auth,/details,358,200
2025-11-03 02:39:20,auth,/checkout,319,200
2025-11-03 02:39:30,auth,/details,279,200
2025-11-03 02:39:40,catalog,/items,306,200
2025-11-03 02:39:50,orders,/checkout,166,200
2025-11-03 02:40:00,notifications,/checkout,229,200
2025-11-03 02:40:10,catalog,/send-email,322,200
2025-11-03 02:40:20,orders,/login,172,200
2025-11-03 02:40:30,auth,/checkout,166,200
2025-11-03 02:40:40,payments,/send-email,306,200
2025-11-03 02:40:50,orders,/send-email,365,200
2025-11-03 02:41:00,catalog,/checkout,241,200
2025-11-03 02:41:10,notifications,/details,216,200
2025-11-03 02:41:20,orders,/send-email,297,200
2025-11-03 02:41:30,catalog,/login,292,200
2025-11-03 02:41:40,auth,/login,344,200
2025-11-03 02:41:50,orders,/items,300,200
2025-11-03 02:42:00,catalog,/send-email,256,500
2025-11-03 02:42:10,orders,/items,204,200
2025-11-03 02:42:20,payments,/checkout,149,200
2025-11-03 02:42:30,catalog,/details,315,200
2025-11-03 02:42:40,auth,/details,206,500
2025-11-03 02:42:50,catalog,/login,151,200
2025-11-03 02:43:00,notifications,/checkout,278,200
2025-11-03 02:43:10,catalog,/login,216,200
2025-11-03 02:43:20,orders,/checkout,135,200
2025-11-03 02:43:30,notifications,/login,228,200
2025-11-03 02:43:40,notifications,/items,221,200
2025-11-03 02:43:50,payments,/send-email,327,500
2025-11-03 02:44:00,payments,/login,108,200
2025-11-03 02:44:10,orders,/checkout,318,200
2025-11-03 02:44:20,auth,/login,187,200
2025-11-03 02:44:30,orders,/items,248,200
2025-11-03 02:44:40,notifications,/send-email,329,200
2025-11-03 02:44:50,orders,/login,238,200
2025-11-03 02:45:00,payments,/details,339,200
2025-11-03 02:45:10,auth,/send-email,221,200
2025-11-03 02:45:20,orders,/items,308,200
2025-11-03 02:45:30,payments,/send-email,174,200
2025-11-03 02:45:40,notifications,/login,336,200
2025-11-03 02:45:50,catalog,/checkout,152,200
2025-11-03 02:46:00,auth,/login,312,200
2025-11-03 02:46:10,orders,/checkout,220,500
2025-11-03 02:46:20,payments,/login,206,200
2025-11-03 02:46:30,catalog,/items,322,200
2025-11-03 02:46:40,payments,/checkout,110,200
2025-11-03 02:46:50,catalog,/details,83,200
2025-11-03 02:47:00,orders,/login,265,200
2025-11-03 02:47:10,payments,/items,152,200
2025-11-03 02:47:20,payments,/checkout,197,200
2025-11-03 02:47:30,catalog,/checkout,151,200
2025-11-03 02:47:40,auth,/items,177,200
2025-11-03 02:47:50,orders,/checkout,169,200
2025-11-03 02:48:00,auth,/login,201,200
2025-11-03 02:48:10,notifications,/items,830,200
2025-11-03 02:48:20,payments,/checkout,342,200
2025-11-03 02:48:30,auth,/items,259,200
2025-11-03 02:48:40,orders,/details,145,200
2025-11-03 02:48:50,orders,/details,232,200
2025-11-03 02:49:00,catalog,/details,307,200
2025-11-03 02:49:10,orders,/checkout,318,200
2025-11-03 02:49:20,notifications,/details,280,200
2025-11-03 02:49:30,orders,/send-email,122,200
2025-11-03 02:49:40,orders,/send-email,233,200
2025-11-03 02:49:50,catalog,/details,255,200
2025-11-03 02:50:00,catalog,/details,327,200
2025-11-03 02:50:10,auth,/items,226,200
2025-11-03 02:50:20,orders,/checkout,286,200
2025-11-03 02:50:30,auth,/details,289,200
2025-11-03 02:50:40,notifications,/items,249,200
2025-11-03 02:50:50,notifications,/send-email,202,200
2025-11-03 02:51:00,catalog,/checkout,262,200
2025-11-03 02:51:10,auth,/send-email,341,200
2025-11-03 02:51:20,auth,/send-email,174,200
2025-11-03 02:51:30,orders,/send-email,275,200
2025-11-03 02:51:40,auth,/details,224,200
2025-11-03 02:51:50,orders,/send-email,177,200
2025-11-03 02:52:00,notifications,/items,328,200
2025-11-03 02:52:10,payments,/send-email,181,200
2025-11-03 02:52:20,catalog,/login,153,200
2025-11-03 02:52:30,auth,/send-email,280,500
2025-11-03 02:52:40,auth,/send-email,301,200
2025-11-03 02:52:50,auth,/login,49,200
2025-11-03 02:53:00,orders,/login,244,200
2025-11-03 02:53:10,catalog,/items,244,200
2025-11-03 02:53:20,payments,/details,255,200
2025-11-03 02:53:30,catalog,/login,312,200
2025-11-03 02:53:40,catalog,/checkout,142,200
2025-11-03 02:53:50,payments,/send-email,219,200
2025-11-03 02:54:00,notifications,/details,387,200
2025-11-03 02:54:10,orders,/items,226,200
2025-11-03 02:54:20,orders,/send-email,311,200
2025-11-03 02:54:30,orders,/send-email,216,200
2025-11-03 02:54:40,auth,/details,870,200
2025-11-03 02:54:50,auth,/details,291,200
2025-11-03 02:55:00,payments,/items,300,200
2025-11-03 02:55:10,catalog,/send-email,112,200
2025-11-03 02:55:20,catalog,/login,144,200
2025-11-03 02:55:30,auth,/items,242,200
2025-11-03 02:55:40,payments,/login,220,200
2025-11-03 02:55:50,notifications,/items,280,200
2025-11-03 02:56:00,catalog,/details,281,200
2025-11-03 02:56:10,catalog,/login,272,200
2025-11-03 02:56:20,auth,/login,341,200
2025-11-03 02:56:30,auth,/details,213,200
2025-11-03 02:56:40,payments,/details,89,200
2025-11-03 02:56:50,orders,/send-email,184,200
2025-11-03 02:57:00,auth,/details,340,200
2025-11-03 02:57:10,auth,/items,154,200
2025-11-03 02:57:20,orders,/login,225,200
2025-11-03 02:57:30,payments,/details,398,200
2025-11-03 02:57:40,catalog,/login,139,200
2025-11-03 02:57:50,orders,/checkout,228,200
2025-11-03 02:58:00,orders,/checkout,342,200
2025-11-03 02:58:10,notifications,/details,348,200
2025-11-03 02:58:20,catalog,/login,302,200
2025-11-03 02:58:30,orders,/send-email,342,200
2025-11-03 02:58:40,notifications,/login,1750,200
2025-11-03 02:58:50,payments,/send-email,343,200
2025-11-03 02:59:00,orders,/checkout,447,200
2025-11-03 02:59:10,payments,/details,167,200
2025-11-03 02:59:20,catalog,/details,117,200
2025-11-03 02:59:30,auth,/checkout,267,200
2025-11-03 02:59:40,auth,/login,255,200
2025-11-03 02:59:50,orders,/items,214,200
2025-11-03 03:00:00,catalog,/items,231,200
2025-11-03 03:00:10,payments,/details,206,200
2025-11-03 03:00:20,auth,/login,2315,200
2025-11-03 03:00:30,payments,/items,196,200
2025-11-03 03:00:40,payments,/login,289,200
2025-11-03 03:00:50,notifications,/send-email,386,200
2025-11-03 03:01:00,payments,/items,102,200
2025-11-03 03:01:10,catalog,/details,364,200
2025-11-03 03:01:20,auth,/details,281,200
2025-11-03 03:01:30,payments,/send-email,311,200
2025-11-03 03:01:40,orders,/login,158,200
2025-11-03 03:01:50,catalog,/checkout,160,200
2025-11-03 03:02:00,auth,/login,275,200
2025-11-03 03:02:10,auth,/details,247,200
2025-11-03 03:02:20,payments,/send-email,240,200
2025-11-03 03:02:30,auth,/details,269,200
2025-11-03 03:02:40,orders,/send-email,10,200
2025-11-03 03:02:50,payments,/login,313,200
2025-11-03 03:03:00,auth,/checkout,116,200
2025-11-03 03:03:10,auth,/details,327,200
2025-11-03 03:03:20,auth,/checkout,357,200
2025-11-03 03:03:30,notifications,/login,216,200
2025-11-03 03:03:40,payments,/checkout,234,500
2025-11-03 03:03:50,auth,/login,172,200
2025-11-03 03:04:00,payments,/checkout,247,200
2025-11-03 03:04:10,payments,/details,167,500
2025-11-03 03:04:20,notifications,/login,380,200
2025-11-03 03:04:30,auth,/items,261,200
2025-11-03 03:04:40,payments,/checkout,930,200
2025-11-03 03:04:50,auth,/details,214,200
2025-11-03 03:05:00,payments,/details,253,200
2025-11-03 03:05:10,payments,/details,140,200
2025-11-03 03:05:20,auth,/send-email,314,200
2025-11-03 03:05:30,auth,/send-email,227,200
2025-11-03 03:05:40,orders,/send-email,283,200
2025-11-03 03:05:50,payments,/items,229,200
2025-11-03 03:06:00,auth,/items,346,200
2025-11-03 03:06:10,orders,/checkout,157,200
2025-11-03 03:06:20,payments,/items,282,200
2025-11-03 03:06:30,orders,/items,326,200
2025-11-03 03:06:40,notifications,/login,253,200
2025-11-03 03:06:50,catalog,/checkout,350,200
2025-11-03 03:07:00,catalog,/checkout,316,200
2025-11-03 03:07:10,auth,/login,137,200
2025-11-03 03:07:20,auth,/login,403,200
2025-11-03 03:07:30,notifications,/details,194,200
2025-11-03 03:07:40,orders,/send-email,234,200
2025-11-03 03:07:50,orders,/items,320,200
2025-11-03 03:08:00,notifications,/details,223,500
2025-11-03 03:08:10,orders,/details,161,200
2025-11-03 03:08:20,payments,/checkout,144,200
2025-11-03 03:08:30,auth,/login,199,200
2025-11-03 03:08:40,catalog,/checkout,247,200
2025-11-03 03:08:50,catalog,/login,219,200
2025-11-03 03:09:00,auth,/login,104,200
2025-11-03 03:09:10,orders,/send-email,370,200
2025-11-03 03:09:20,orders,/login,187,200
2025-11-03 03:09:30,auth,/login,233,500
2025-11-03 03:09:40,notifications,/items,267,200
2025-11-03 03:09:50,orders,/details,211,200
2025-11-03 03:10:00,payments,/checkout,215,200
2025-11-03 03:10:10,notifications,/details,235,200
2025-11-03 03:10:20,catalog,/items,155,200
2025-11-03 03:10:30,catalog,/send-email,275,200
2025-11-03 03:10:40,catalog,/login,1370,200
2025-11-03 03:10:50,payments,/details,280,200
2025-11-03 03:11:00,payments,/send-email,338,200
2025-11-03 03:11:10,notifications,/login,247,200
2025-11-03 03:11:20,notifications,/details,176,200
2025-11-03 03:11:30,orders,/checkout,210,200
2025-11-03 03:11:40,auth,/details,318,200
2025-11-03 03:11:50,notifications,/login,226,200
2025-11-03 03:12:00,auth,/send-email,1100,200
2025-11-03 03:12:10,catalog,/items,112,200
2025-11-03 03:12:20,payments,/send-email,148,200
2025-11-03 03:12:30,notifications,/items,137,200
2025-11-03 03:12:40,payments,/items,380,500
2025-11-03 03:12:50,notifications,/details,195,200
2025-11-03 03:13:00,catalog,/login,212,200
2025-11-03 03:13:10,orders,/items,179,200
2025-11-03 03:13:20,notifications,/login,232,200
2025-11-03 03:13:30,orders,/checkout,171,200
2025-11-03 03:13:40,orders,/details,183,200
2025-11-03 03:13:50,auth,/items,276,200
2025-11-03 03:14:00,auth,/send-email,248,200
2025-11-03 03:14:10,catalog,/send-email,400,200
2025-11-03 03:14:20,auth,/items,198,200
2025-11-03 03:14:30,catalog,/send-email,372,200
2025-11-03 03:14:40,catalog,/send-email,209,200
2025-11-03 03:14:50,payments,/login,199,200
2025-11-03 03:15:00,payments,/send-email,260,200
2025-11-03 03:15:10,auth,/details,215,200
2025-11-03 03:15:20,catalog,/send-email,420,200
2025-11-03 03:15:30,auth,/items,1960,200
2025-11-03 03:15:40,notifications,/details,165,200
2025-11-03 03:15:50,payments,/login,262,200
2025-11-03 03:16:00,notifications,/send-email,328,200
2025-11-03 03:16:10,auth,/items,362,200
2025-11-03 03:16:20,orders,/login,220,200
2025-11-03 03:16:30,auth,/items,155,200
2025-11-03 03:16:40,notifications,/checkout,150,200
2025-11-03 03:16:50,auth,/items,141,200
2025-11-03 03:17:00,notifications,/details,232,200
2025-11-03 03:17:10,payments,/items,240,200
2025-11-03 03:17:20,auth,/login,323,500
2025-11-03 03:17:30,catalog,/items,167,200
2025-11-03 03:17:40,orders,/checkout,288,200
2025-11-03 03:17:50,orders,/details,203,200
2025-11-03 03:18:00,payments,/details,115,200
2025-11-03 03:18:10,notifications,/send-email,193,200
2025-11-03 03:18:20,notifications,/items,134,200
2025-11-03 03:18:30,payments,/details,216,200
2025-11-03 03:18:40,notifications,/send-email,103,200
2025-11-03 03:18:50,catalog,/details,375,200
2025-11-03 03:19:00,catalog,/checkout,322,200
2025-11-03 03:19:10,orders,/details,250,200
2025-11-03 03:19:20,notifications,/checkout,256,200
2025-11-03 03:19:30,auth,/send-email,328,200
2025-11-03 03:19:40,notifications,/checkout,267,500
2025-11-03 03:19:50,payments,/details,153,200
2025-11-03 03:20:00,orders,/checkout,255,200
2025-11-03 03:20:10,auth,/send-email,212,200
2025-11-03 03:20:20,notifications,/details,108,200
2025-11-03 03:20:30,orders,/checkout,358,200
2025-11-03 03:20:40,payments,/send-email,331,200
2025-11-03 03:20:50,auth,/items,118,200
2025-11-03 03:21:00,auth,/login,203,200
2025-11-03 03:21:10,payments,/login,320,200
2025-11-03 03:21:20,payments,/send-email,410,200
2025-11-03 03:21:30,notifications,/login,287,200
2025-11-03 03:21:40,auth,/login,303,200
2025-11-03 03:21:50,orders,/login,174,200
2025-11-03 03:22:00,payments,/checkout,249,200
2025-11-03 03:22:10,notifications,/items,1630,200
2025-11-03 03:22:20,catalog,/items,210,200
2025-11-03 03:22:30,payments,/items,186,200
2025-11-03 03:22:40,orders,/checkout,367,200
2025-11-03 03:22:50,orders,/login,263,200
2025-11-03 03:23:00,notifications,/login,187,200
2025-11-03 03:23:10,payments,/items,326,200
2025-11-03 03:23:20,notifications,/details,260,200
2025-11-03 03:23:30,catalog,/login,132,200
2025-11-03 03:23:40,notifications,/login,90,200
2025-11-03 03:23:50,orders,/items,243,200
2025-11-03 03:24:00,payments,/checkout,365,200
2025-11-03 03:24:10,auth,/login,272,200
2025-11-03 03:24:20,auth,/details,335,200
2025-11-03 03:24:30,notifications,/items,394,200
2025-11-03 03:24:40,catalog,/send-email,314,200
2025-11-03 03:24:50,orders,/send-email,210,200
2025-11-03 03:25:00,catalog,/checkout,404,200
2025-11-03 03:25:10,catalog,/login,371,200
2025-11-03 03:25:20,auth,/login,251,200
2025-11-03 03:25:30,auth,/items,290,200
2025-11-03 03:25:40,payments,/send-email,419,200
2025-11-03 03:25:50,orders,/details,255,200
2025-11-03 03:26:00,notifications,/items,148,200
2025-11-03 03:26:10,payments,/send-email,466,200
2025-11-03 03:26:20,catalog,/send-email,185,200
2025-11-03 03:26:30,orders,/send-email,247,200
2025-11-03 03:26:40,notifications,/checkout,206,200
2025-11-03 03:26:50,payments,/details,206,200
2025-11-03 03:27:00,catalog,/items,104,200
2025-11-03 03:27:10,notifications,/checkout,180,200
2025-11-03 03:27:20,auth,/checkout,300,200
2025-11-03 03:27:30,auth,/checkout,228,200
2025-11-03 03:27:40,catalog,/login,212,200
2025-11-03 03:27:50,payments,/checkout,342,200
2025-11-03 03:28:00,notifications,/details,232,200
2025-11-03 03:28:10,catalog,/send-email,189,200
2025-11-03 03:28:20,orders,/checkout,154,200
2025-11-03 03:28:30,orders,/checkout,364,200
2025-11-03 03:28:40,notifications,/login,262,200
2025-11-03 03:28:50,orders,/details,173,200
2025-11-03 03:29:00,auth,/checkout,261,200
2025-11-03 03:29:10,auth,/details,390,200
2025-11-03 03:29:20,auth,/checkout,189,200
2025-11-03 03:29:30,payments,/details,187,200
2025-11-03 03:29:40,orders,/details,242,200
2025-11-03 03:29:50,payments,/details,178,200
2025-11-03 03:30:00,payments,/items,304,200
2025-11-03 03:30:10,catalog,/checkout,320,200
2025-11-03 03:30:20,orders,/checkout,149,200
2025-11-03 03:30:30,notifications,/details,230,200
2025-11-03 03:30:40,payments,/details,438,200
2025-11-03 03:30:50,payments,/details,143,200
2025-11-03 03:31:00,orders,/checkout,300,200
2025-11-03 03:31:10,notifications,/details,220,200
2025-11-03 03:31:20,payments,/items,109,200
2025-11-03 03:31:30,catalog,/items,348,200
2025-11-03 03:31:40,payments,/send-email,344,200
2025-11-03 03:31:50,notifications,/checkout,339,200
2025-11-03 03:32:00,notifications,/details,285,200
2025-11-03 03:32:10,auth,/login,290,200
2025-11-03 03:32:20,catalog,/send-email,266,200
2025-11-03 03:32:30,notifications,/details,245,200
2025-11-03 03:32:40,auth,/checkout,304,200
2025-11-03 03:32:50,notifications,/checkout,336,200
2025-11-03 03:33:00,notifications,/details,375,200
2025-11-03 03:33:10,auth,/login,157,200
2025-11-03 03:33:20,notifications,/send-email,301,200
2025-11-03 03:33:30,payments,/login,308,200
2025-11-03 03:33:40,payments,/send-email,254,200
2025-11-03 03:33:50,payments,/details,345,500
2025-11-03 03:34:00,catalog,/details,114,200
2025-11-03 03:34:10,payments,/login,227,200
2025-11-03 03:34:20,payments,/details,291,200
2025-11-03 03:34:30,payments,/details,265,200
2025-11-03 03:34:40,auth,/checkout,228,200
2025-11-03 03:34:50,notifications,/details,271,200
2025-11-03 03:35:00,catalog,/details,150,200
2025-11-03 03:35:10,payments,/send-email,264,200
2025-11-03 03:35:20,payments,/login,267,200
2025-11-03 03:35:30,orders,/login,272,200
2025-11-03 03:35:40,orders,/details,312,200
2025-11-03 03:35:50,catalog,/checkout,364,200
2025-11-03 03:36:00,orders,/checkout,336,200
2025-11-03 03:36:10,notifications,/items,166,200
2025-11-03 03:36:20,notifications,/login,1495,200
2025-11-03 03:36:30,catalog,/checkout,238,200
2025-11-03 03:36:40,catalog,/items,178,200
2025-11-03 03:36:50,notifications,/details,174,200
2025-11-03 03:37:00,payments,/details,209,500
2025-11-03 03:37:10,notifications,/items,228,200
2025-11-03 03:37:20,auth,/items,233,200
2025-11-03 03:37:30,orders,/items,296,200
2025-11-03 03:37:40,payments,/checkout,371,200
2025-11-03 03:37:50,orders,/checkout,172,200
2025-11-03 03:38:00,payments,/checkout,282,200
2025-11-03 03:38:10,payments,/login,410,200
2025-11-03 03:38:20,auth,/send-email,180,200
2025-11-03 03:38:30,notifications,/details,206,200
2025-11-03 03:38:40,payments,/items,945,200
2025-11-03 03:38:50,payments,/send-email,166,200
2025-11-03 03:39:00,orders,/items,228,200
2025-11-03 03:39:10,catalog,/items,251,200
2025-11-03 03:39:20,notifications,/items,224,200
2025-11-03 03:39:30,orders,/send-email,259,200
2025-11-03 03:39:40,notifications,/checkout,186,200
2025-11-03 03:39:50,catalog,/items,181,200
2025-11-03 03:40:00,auth,/details,234,200
2025-11-03 03:40:10,auth,/items,291,200
2025-11-03 03:40:20,catalog,/login,272,200
2025-11-03 03:40:30,payments,/details,300,200
2025-11-03 03:40:40,catalog,/details,264,200
2025-11-03 03:40:50,orders,/details,157,200
2025-11-03 03:41:00,catalog,/send-email,310,200
2025-11-03 03:41:10,orders,/items,349,200
2025-11-03 03:41:20,payments,/send-email,145,200
2025-11-03 03:41:30,notifications,/checkout,230,200
2025-11-03 03:41:40,auth,/details,354,200
2025-11-03 03:41:50,payments,/checkout,49,200
2025-11-03 03:42:00,auth,/items,299,200
2025-11-03 03:42:10,catalog,/login,274,200
2025-11-03 03:42:20,notifications,/login,173,200
2025-11-03 03:42:30,auth,/send-email,182,200
2025-11-03 03:42:40,catalog,/checkout,212,200
2025-11-03 03:42:50,notifications,/send-email,257,200
2025-11-03 03:43:00,catalog,/login,265,200
2025-11-03 03:43:10,notifications,/items,377,200
2025-11-03 03:43:20,payments,/details,273,200
2025-11-03 03:43:30,payments,/send-email,310,200
2025-11-03 03:43:40,orders,/details,333,200
2025-11-03 03:43:50,orders,/send-email,196,200
2025-11-03 03:44:00,payments,/details,324,200
2025-11-03 03:44:10,auth,/login,186,200
2025-11-03 03:44:20,auth,/checkout,111,200
2025-11-03 03:44:30,auth,/send-email,116,200
2025-11-03 03:44:40,auth,/items,179,200
2025-11-03 03:44:50,catalog,/login,227,200
2025-11-03 03:45:00,auth,/login,256,200
2025-11-03 03:45:10,orders,/login,282,200
2025-11-03 03:45:20,notifications,/send-email,302,200
2025-11-03 03:45:30,notifications,/details,201,200
2025-11-03 03:45:40,payments,/checkout,298,200
2025-11-03 03:45:50,catalog,/details,265,200
2025-11-03 03:46:00,catalog,/send-email,213,200
2025-11-03 03:46:10,notifications,/items,260,200
2025-11-03 03:46:20,auth,/login,270,200
2025-11-03 03:46:30,auth,/login,219,200
2025-11-03 03:46:40,notifications,/send-email,254,200
2025-11-03 03:46:50,payments,/details,263,200
2025-11-03 03:47:00,payments,/details,177,200
2025-11-03 03:47:10,catalog,/details,338,200
2025-11-03 03:47:20,orders,/send-email,1545,200
2025-11-03 03:47:30,auth,/items,150,200
2025-11-03 03:47:40,notifications,/send-email,56,200
2025-11-03 03:47:50,catalog,/items,164,200
2025-11-03 03:48:00,payments,/send-email,257,200
2025-11-03 03:48:10,payments,/items,247,200
2025-11-03 03:48:20,auth,/send-email,366,200
2025-11-03 03:48:30,auth,/items,286,200
2025-11-03 03:48:40,catalog,/items,187,200
2025-11-03 03:48:50,catalog,/items,272,200
2025-11-03 03:49:00,payments,/items,320,200
2025-11-03 03:49:10,notifications,/details,181,200
2025-11-03 03:49:20,orders,/send-email,363,200
2025-11-03 03:49:30,payments,/send-email,248,200
2025-11-03 03:49:40,notifications,/checkout,317,200
2025-11-03 03:49:50,notifications,/checkout,239,200
2025-11-03 03:50:00,orders,/send-email,337,200
2025-11-03 03:50:10,orders,/send-email,246,200
2025-11-03 03:50:20,catalog,/send-email,186,200
2025-11-03 03:50:30,auth,/login,306,200
2025-11-03 03:50:40,auth,/send-email,81,200
2025-11-03 03:50:50,payments,/login,171,200
2025-11-03 03:51:00,orders,/details,320,200
2025-11-03 03:51:10,notifications,/checkout,205,200
2025-11-03 03:51:20,payments,/login,169,200
2025-11-03 03:51:30,catalog,/details,359,200
2025-11-03 03:51:40,auth,/login,210,200
2025-11-03 03:51:50,notifications,/items,257,200
2025-11-03 03:52:00,catalog,/login,313,200
2025-11-03 03:52:10,orders,/details,313,200
2025-11-03 03:52:20,orders,/checkout,228,200
2025-11-03 03:52:30,notifications,/items,191,200
2025-11-03 03:52:40,orders,/send-email,356,200
2025-11-03 03:52:50,orders,/send-email,287,200
2025-11-03 03:53:00,catalog,/login,265,200
2025-11-03 03:53:10,auth,/details,244,200
2025-11-03 03:53:20,orders,/login,439,200
2025-11-03 03:53:30,orders,/items,313,200
2025-11-03 03:53:40,orders,/details,278,200
2025-11-03 03:53:50,notifications,/details,206,200
2025-11-03 03:54:00,payments,/login,80,200
2025-11-03 03:54:10,payments,/items,266,200
2025-11-03 03:54:20,notifications,/details,293,200
2025-11-03 03:54:30,orders,/details,319,200
2025-11-03 03:54:40,auth,/details,117,200
2025-11-03 03:54:50,notifications,/items,197,200
2025-11-03 03:55:00,payments,/login,301,200
2025-11-03 03:55:10,notifications,/items,252,200
2025-11-03 03:55:20,catalog,/checkout,267,200
2025-11-03 03:55:30,payments,/items,319,200
2025-11-03 03:55:40,payments,/checkout,159,200
2025-11-03 03:55:50,notifications,/checkout,122,200
2025-11-03 03:56:00,auth,/send-email,225,200
2025-11-03 03:56:10,orders,/details,221,200
2025-11-03 03:56:20,auth,/login,264,200
2025-11-03 03:56:30,orders,/items,212,500
2025-11-03 03:56:40,auth,/checkout,324,200
2025-11-03 03:56:50,auth,/details,273,200
2025-11-03 03:57:00,catalog,/items,252,200
2025-11-03 03:57:10,auth,/details,295,200
2025-11-03 03:57:20,orders,/login,198,200
2025-11-03 03:57:30,orders,/checkout,340,200
2025-11-03 03:57:40,catalog,/login,232,200
2025-11-03 03:57:50,catalog,/items,304,200
2025-11-03 03:58:00,auth,/checkout,197,200
2025-11-03 03:58:10,orders,/items,272,200
2025-11-03 03:58:20,notifications,/items,237,200
2025-11-03 03:58:30,orders,/checkout,247,200
2025-11-03 03:58:40,orders,/login,206,200
2025-11-03 03:58:50,auth,/items,248,200
2025-11-03 03:59:00,auth,/send-email,183,200
2025-11-03 03:59:10,notifications,/login,176,200
2025-11-03 03:59:20,payments,/checkout,273,200
2025-11-03 03:59:30,payments,/details,236,200
2025-11-03 03:59:40,notifications,/details,212,200
2025-11-03 03:59:50,notifications,/send-email,149,200
2025-11-03 04:00:00,payments,/login,369,200
2025-11-03 04:00:10,auth,/send-email,1890,200
2025-11-03 04:00:20,notifications,/send-email,266,200
2025-11-03 04:00:30,catalog,/send-email,183,200
2025-11-03 04:00:40,catalog,/checkout,182,200
2025-11-03 04:00:50,notifications,/send-email,364,200
2025-11-03 04:01:00,orders,/login,309,200
2025-11-03 04:01:10,payments,/checkout,259,200
2025-11-03 04:01:20,orders,/send-email,145,200
2025-11-03 04:01:30,catalog,/items,284,200
2025-11-03 04:01:40,notifications,/details,466,200
2025-11-03 04:01:50,payments,/checkout,147,200
2025-11-03 04:02:00,payments,/details,379,200
2025-11-03 04:02:10,payments,/login,347,200
2025-11-03 04:02:20,auth,/login,345,200
2025-11-03 04:02:30,notifications,/send-email,206,200
2025-11-03 04:02:40,orders,/items,263,200
2025-11-03 04:02:50,auth,/checkout,223,200
2025-11-03 04:03:00,auth,/details,283,200
2025-11-03 04:03:10,notifications,/details,252,200
2025-11-03 04:03:20,auth,/items,248,200
2025-11-03 04:03:30,catalog,/send-email,332,200
2025-11-03 04:03:40,auth,/checkout,305,200
2025-11-03 04:03:50,catalog,/checkout,239,200
2025-11-03 04:04:00,auth,/login,211,200
2025-11-03 04:04:10,catalog,/checkout,150,200
2025-11-03 04:04:20,auth,/login,359,200
2025-11-03 04:04:30,catalog,/send-email,133,200
2025-11-03 04:04:40,auth,/details,155,200
2025-11-03 04:04:50,orders,/details,78,200
2025-11-03 04:05:00,auth,/items,272,200
2025-11-03 04:05:10,orders,/details,310,200
2025-11-03 04:05:20,notifications,/send-email,107,200
2025-11-03 04:05:30,orders,/checkout,248,200
2025-11-03 04:05:40,orders,/items,146,200
2025-11-03 04:05:50,orders,/login,122,200
2025-11-03 04:06:00,notifications,/checkout,291,200
2025-11-03 04:06:10,catalog,/send-email,176,200
2025-11-03 04:06:20,orders,/send-email,331,200
2025-11-03 04:06:30,orders,/send-email,458,200
2025-11-03 04:06:40,notifications,/send-email,286,200
2025-11-03 04:06:50,catalog,/checkout,240,200
2025-11-03 04:07:00,notifications,/checkout,300,200
2025-11-03 04:07:10,notifications,/checkout,308,200
2025-11-03 04:07:20,payments,/login,315,200
2025-11-03 04:07:30,notifications,/checkout,231,200
2025-11-03 04:07:40,catalog,/items,235,200
2025-11-03 04:07:50,orders,/login,253,200
2025-11-03 04:08:00,notifications,/items,386,200
2025-11-03 04:08:10,auth,/send-email,168,200
2025-11-03 04:08:20,catalog,/send-email,407,200
2025-11-03 04:08:30,notifications,/items,259,500
2025-11-03 04:08:40,notifications,/login,154,200
2025-11-03 04:08:50,catalog,/checkout,368,200
2025-11-03 04:09:00,orders,/login,342,200
2025-11-03 04:09:10,payments,/items,181,200
2025-11-03 04:09:20,notifications,/details,320,200
2025-11-03 04:09:30,payments,/login,1175,200
2025-11-03 04:09:40,catalog,/checkout,306,200
2025-11-03 04:09:50,auth,/items,157,200
2025-11-03 04:10:00,notifications,/checkout,262,200
2025-11-03 04:10:10,catalog,/send-email,226,200
2025-11-03 04:10:20,auth,/login,350,200
2025-11-03 04:10:30,auth,/checkout,334,200
2025-11-03 04:10:40,payments,/send-email,233,200
2025-11-03 04:10:50,notifications,/send-email,232,200
2025-11-03 04:11:00,orders,/checkout,355,200
2025-11-03 04:11:10,payments,/login,325,200
2025-11-03 04:11:20,payments,/details,270,200
2025-11-03 04:11:30,auth,/checkout,146,200
2025-11-03 04:11:40,notifications,/checkout,309,200
2025-11-03 04:11:50,auth,/checkout,1105,200
2025-11-03 04:12:00,auth,/items,10,200
2025-11-03 04:12:10,orders,/items,166,200
2025-11-03 04:12:20,payments,/checkout,264,200
2025-11-03 04:12:30,notifications,/items,350,200
2025-11-03 04:12:40,orders,/login,228,200
2025-11-03 04:12:50,notifications,/send-email,133,200
2025-11-03 04:13:00,payments,/send-email,267,200
2025-11-03 04:13:10,payments,/details,248,200
2025-11-03 04:13:20,notifications,/send-email,186,200
2025-11-03 04:13:30,notifications,/send-email,256,200
2025-11-03 04:13:40,catalog,/checkout,267,200
2025-11-03 04:13:50,auth,/details,328,200
2025-11-03 04:14:00,notifications,/details,205,200
2025-11-03 04:14:10,orders,/checkout,151,200
2025-11-03 04:14:20,orders,/details,311,200
2025-11-03 04:14:30,auth,/details,167,200
2025-11-03 04:14:40,orders,/checkout,328,200
2025-11-03 04:14:50,payments,/checkout,444,200
2025-11-03 04:15:00,notifications,/send-email,246,500
2025-11-03 04:15:10,orders,/details,104,200
2025-11-03 04:15:20,orders,/checkout,312,200
2025-11-03 04:15:30,catalog,/checkout,1080,200
2025-11-03 04:15:40,notifications,/checkout,261,200
2025-11-03 04:15:50,catalog,/items,303,200
2025-11-03 04:16:00,notifications,/send-email,242,200
2025-11-03 04:16:10,auth,/items,247,200
2025-11-03 04:16:20,catalog,/send-email,256,200
2025-11-03 04:16:30,payments,/send-email,217,200
2025-11-03 04:16:40,payments,/items,206,200
2025-11-03 04:16:50,catalog,/checkout,163,200
2025-11-03 04:17:00,auth,/items,277,200
2025-11-03 04:17:10,auth,/login,147,200
2025-11-03 04:17:20,notifications,/checkout,150,200
2025-11-03 04:17:30,catalog,/login,295,200
2025-11-03 04:17:40,notifications,/send-email,258,200
2025-11-03 04:17:50,catalog,/items,232,200
2025-11-03 04:18:00,notifications,/details,67,200
2025-11-03 04:18:10,auth,/details,217,200
2025-11-03 04:18:20,orders,/send-email,175,200
2025-11-03 04:18:30,payments,/items,196,500
2025-11-03 04:18:40,payments,/items,225,200
2025-11-03 04:18:50,orders,/details,78,200
2025-11-03 04:19:00,orders,/details,149,200
2025-11-03 04:19:10,catalog,/items,297,200
2025-11-03 04:19:20,orders,/items,194,200
2025-11-03 04:19:30,catalog,/checkout,1595,200
2025-11-03 04:19:40,auth,/login,394,200
2025-11-03 04:19:50,payments,/items,339,200
2025-11-03 04:20:00,orders,/details,275,200
2025-11-03 04:20:10,auth,/items,306,200
2025-11-03 04:20:20,orders,/items,317,200
2025-11-03 04:20:30,auth,/login,116,200
2025-11-03 04:20:40,auth,/details,317,200
2025-11-03 04:20:50,notifications,/send-email,227,200
2025-11-03 04:21:00,payments,/details,339,200
2025-11-03 04:21:10,auth,/items,326,200
2025-11-03 04:21:20,catalog,/login,186,200
2025-11-03 04:21:30,notifications,/details,228,500
2025-11-03 04:21:40,payments,/login,140,200
2025-11-03 04:21:50,orders,/send-email,209,200
2025-11-03 04:22:00,auth,/send-email,347,200
2025-11-03 04:22:10,notifications,/items,920,200
2025-11-03 04:22:20,payments,/login,166,200
2025-11-03 04:22:30,notifications,/items,273,200
2025-11-03 04:22:40,catalog,/items,289,500
2025-11-03 04:22:50,notifications,/details,243,200
2025-11-03 04:23:00,notifications,/send-email,1720,200
2025-11-03 04:23:10,orders,/login,275,200
2025-11-03 04:23:20,payments,/login,245,200
2025-11-03 04:23:30,auth,/send-email,174,200
2025-11-03 04:23:40,orders,/details,336,200
2025-11-03 04:23:50,orders,/items,296,200
2025-11-03 04:24:00,catalog,/checkout,264,200
2025-11-03 04:24:10,payments,/checkout,216,200
2025-11-03 04:24:20,notifications,/send-email,83,200
2025-11-03 04:24:30,catalog,/details,221,200
2025-11-03 04:24:40,payments,/items,302,200
2025-11-03 04:24:50,payments,/checkout,168,200
2025-11-03 04:25:00,payments,/checkout,146,200
2025-11-03 04:25:10,notifications,/checkout,297,200
2025-11-03 04:25:20,auth,/checkout,325,200
2025-11-03 04:25:30,payments,/send-email,300,200
2025-11-03 04:25:40,orders,/details,313,200
2025-11-03 04:25:50,notifications,/checkout,79,200
2025-11-03 04:26:00,orders,/login,250,200
2025-11-03 04:26:10,catalog,/login,242,200
2025-11-03 04:26:20,orders,/login,277,200
2025-11-03 04:26:30,payments,/login,249,200
2025-11-03 04:26:40,notifications,/send-email,207,200
2025-11-03 04:26:50,payments,/items,290,200
2025-11-03 04:27:00,orders,/checkout,243,200
2025-11-03 04:27:10,notifications,/send-email,312,200
2025-11-03 04:27:20,orders,/login,376,200
2025-11-03 04:27:30,auth,/login,94,200
2025-11-03 04:27:40,catalog,/items,165,200
2025-11-03 04:27:50,catalog,/send-email,300,200
2025-11-03 04:28:00,payments,/send-email,289,200
2025-11-03 04:28:10,auth,/items,259,200
2025-11-03 04:28:20,payments,/details,499,200
2025-11-03 04:28:30,notifications,/login,196,200
2025-11-03 04:28:40,notifications,/checkout,339,200
2025-11-03 04:28:50,payments,/login,283,200
2025-11-03 04:29:00,auth,/checkout,322,200
2025-11-03 04:29:10,catalog,/login,242,200
2025-11-03 04:29:20,notifications,/login,346,200
2025-11-03 04:29:30,catalog,/details,229,200
2025-11-03 04:29:40,catalog,/checkout,218,200
2025-11-03 04:29:50,payments,/checkout,283,200
2025-11-03 04:30:00,notifications,/details,21,200
2025-11-03 04:30:10,notifications,/send-email,358,200
2025-11-03 04:30:20,notifications,/details,211,200
2025-11-03 04:30:30,notifications,/items,128,200
2025-11-03 04:30:40,catalog,/checkout,217,200
2025-11-03 04:30:50,auth,/details,755,200
2025-11-03 04:31:00,payments,/details,159,200
2025-11-03 04:31:10,orders,/checkout,251,200
2025-11-03 04:31:20,auth,/send-email,284,200
2025-11-03 04:31:30,catalog,/login,274,500
2025-11-03 04:31:40,payments,/details,136,200
2025-11-03 04:31:50,catalog,/login,258,200
2025-11-03 04:32:00,catalog,/items,74,200
2025-11-03 04:32:10,notifications,/send-email,223,200
2025-11-03 04:32:20,notifications,/login,231,200
2025-11-03 04:32:30,catalog,/send-email,90,200
2025-11-03 04:32:40,orders,/items,344,200
2025-11-03 04:32:50,auth,/items,180,200
2025-11-03 04:33:00,notifications,/checkout,254,200
2025-11-03 04:33:10,notifications,/login,368,200
2025-11-03 04:33:20,orders,/send-email,318,200
2025-11-03 04:33:30,catalog,/checkout,274,200
2025-11-03 04:33:40,orders,/details,219,200
2025-11-03 04:33:50,notifications,/checkout,305,200
2025-11-03 04:34:00,orders,/items,210,200
2025-11-03 04:34:10,notifications,/checkout,117,200
2025-11-03 04:34:20,catalog,/send-email,262,200
2025-11-03 04:34:30,orders,/details,198,200
2025-11-03 04:34:40,orders,/send-email,230,200
2025-11-03 04:34:50,catalog,/details,119,200
2025-11-03 04:35:00,auth,/items,374,200
2025-11-03 04:35:10,notifications,/checkout,153,200
2025-11-03 04:35:20,auth,/checkout,333,200
2025-11-03 04:35:30,notifications,/checkout,315,200
2025-11-03 04:35:40,catalog,/send-email,212,200
2025-11-03 04:35:50,payments,/login,183,200
2025-11-03 04:36:00,orders,/items,148,200
2025-11-03 04:36:10,notifications,/details,114,200
2025-11-03 04:36:20,payments,/send-email,357,200
2025-11-03 04:36:30,orders,/send-email,327,200
2025-11-03 04:36:40,catalog,/checkout,236,200
2025-11-03 04:36:50,auth,/checkout,288,200
2025-11-03 04:37:00,orders,/details,295,200
2025-11-03 04:37:10,orders,/details,152,200
2025-11-03 04:37:20,auth,/send-email,331,200
2025-11-03 04:37:30,payments,/items,223,200
2025-11-03 04:37:40,payments,/send-email,182,200
2025-11-03 04:37:50,orders,/items,129,200
2025-11-03 04:38:00,catalog,/send-email,227,200
2025-11-03 04:38:10,auth,/checkout,300,200
2025-11-03 04:38:20,auth,/checkout,187,200
2025-11-03 04:38:30,auth,/send-email,270,200
2025-11-03 04:38:40,payments,/items,287,200
2025-11-03 04:38:50,payments,/items,248,200
2025-11-03 04:39:00,catalog,/details,135,200
2025-11-03 04:39:10,auth,/items,437,200
2025-11-03 04:39:20,notifications,/details,208,200
2025-11-03 04:39:30,notifications,/send-email,296,200
2025-11-03 04:39:40,notifications,/items,359,200
2025-11-03 04:39:50,orders,/items,265,200
2025-11-03 04:40:00,orders,/items,211,200
2025-11-03 04:40:10,orders,/send-email,436,200
2025-11-03 04:40:20,auth,/checkout,143,200
2025-11-03 04:40:30,payments,/checkout,256,200
2025-11-03 04:40:40,payments,/login,292,200
2025-11-03 04:40:50,payments,/login,240,200
2025-11-03 04:41:00,payments,/login,177,200
2025-11-03 04:41:10,payments,/send-email,372,200
2025-11-03 04:41:20,auth,/details,346,200
2025-11-03 04:41:30,notifications,/login,214,200
2025-11-03 04:41:40,catalog,/items,254,200
2025-11-03 04:41:50,auth,/items,283,200
2025-11-03 04:42:00,auth,/login,263,200
2025-11-03 04:42:10,notifications,/login,254,200
2025-11-03 04:42:20,orders,/items,202,200
2025-11-03 04:42:30,notifications,/details,336,200
2025-11-03 04:42:40,catalog,/checkout,242,200
2025-11-03 04:42:50,catalog,/login,316,200
2025-11-03 04:43:00,auth,/items,230,200
2025-11-03 04:43:10,notifications,/checkout,225,200
2025-11-03 04:43:20,auth,/items,258,200
2025-11-03 04:43:30,orders,/send-email,208,500
2025-11-03 04:43:40,notifications,/login,310,500
2025-11-03 04:43:50,payments,/items,312,200
2025-11-03 04:44:00,orders,/items,240,200
2025-11-03 04:44:10,catalog,/login,363,200
2025-11-03 04:44:20,catalog,/checkout,150,200
2025-11-03 04:44:30,orders,/items,168,200
2025-11-03 04:44:40,notifications,/items,241,200
2025-11-03 04:44:50,orders,/details,258,200
2025-11-03 04:45:00,auth,/login,116,200
2025-11-03 04:45:10,orders,/login,353,200
2025-11-03 04:45:20,auth,/checkout,399,200
2025-11-03 04:45:30,catalog,/details,178,200
2025-11-03 04:45:40,orders,/login,277,200
2025-11-03 04:45:50,catalog,/checkout,314,200
2025-11-03 04:46:00,payments,/send-email,139,200
2025-11-03 04:46:10,notifications,/send-email,224,200
2025-11-03 04:46:20,catalog,/send-email,293,200
2025-11-03 04:46:30,catalog,/details,110,200
2025-11-03 04:46:40,payments,/send-email,245,200
2025-11-03 04:46:50,catalog,/checkout,246,200
2025-11-03 04:47:00,catalog,/items,312,200
2025-11-03 04:47:10,auth,/send-email,236,200
2025-11-03 04:47:20,payments,/items,320,200
2025-11-03 04:47:30,payments,/send-email,312,200
2025-11-03 04:47:40,notifications,/login,1995,200
2025-11-03 04:47:50,orders,/items,293,200
2025-11-03 04:48:00,auth,/login,268,200
2025-11-03 04:48:10,catalog,/login,113,200
2025-11-03 04:48:20,payments,/checkout,232,200
2025-11-03 04:48:30,notifications,/checkout,278,200
2025-11-03 04:48:40,notifications,/checkout,213,200
2025-11-03 04:48:50,payments,/send-email,167,500
2025-11-03 04:49:00,orders,/send-email,181,200
2025-11-03 04:49:10,notifications,/send-email,280,200
2025-11-03 04:49:20,auth,/checkout,334,200
2025-11-03 04:49:30,orders,/login,418,200
2025-11-03 04:49:40,payments,/send-email,121,200
2025-11-03 04:49:50,notifications,/details,165,200
2025-11-03 04:50:00,catalog,/checkout,257,200
2025-11-03 04:50:10,catalog,/send-email,362,200
2025-11-03 04:50:20,notifications,/checkout,265,200
2025-11-03 04:50:30,auth,/send-email,352,200
2025-11-03 04:50:40,payments,/send-email,337,200
2025-11-03 04:50:50,auth,/items,321,200
2025-11-03 04:51:00,catalog,/send-email,361,500
2025-11-03 04:51:10,orders,/login,86,200
2025-11-03 04:51:20,payments,/login,160,200
2025-11-03 04:51:30,catalog,/details,387,200
2025-11-03 04:51:40,catalog,/send-email,313,200
2025-11-03 04:51:50,auth,/send-email,232,200
2025-11-03 04:52:00,auth,/details,310,200
2025-11-03 04:52:10,catalog,/details,174,200
2025-11-03 04:52:20,auth,/login,268,200
2025-11-03 04:52:30,orders,/items,274,200
2025-11-03 04:52:40,auth,/items,25,200
2025-11-03 04:52:50,auth,/checkout,324,200
2025-11-03 04:53:00,catalog,/send-email,291,200
2025-11-03 04:53:10,auth,/items,219,200
2025-11-03 04:53:20,catalog,/login,417,200
2025-11-03 04:53:30,catalog,/login,188,200
2025-11-03 04:53:40,catalog,/details,241,200
2025-11-03 04:53:50,notifications,/login,132,200
2025-11-03 04:54:00,payments,/checkout,384,200
2025-11-03 04:54:10,orders,/details,168,200
2025-11-03 04:54:20,notifications,/details,163,200
2025-11-03 04:54:30,auth,/send-email,201,200
2025-11-03 04:54:40,payments,/login,329,200
2025-11-03 04:54:50,catalog,/checkout,310,200
2025-11-03 04:55:00,notifications,/items,238,200
2025-11-03 04:55:10,orders,/send-email,337,200
2025-11-03 04:55:20,orders,/send-email,299,200
2025-11-03 04:55:30,payments,/checkout,283,200
2025-11-03 04:55:40,orders,/checkout,155,200
2025-11-03 04:55:50,payments,/send-email,187,200
2025-11-03 04:56:00,auth,/send-email,121,200
2025-11-03 04:56:10,orders,/login,255,200
2025-11-03 04:56:20,catalog,/details,272,200
2025-11-03 04:56:30,payments,/details,60,200
2025-11-03 04:56:40,notifications,/items,258,200
2025-11-03 04:56:50,auth,/send-email,290,200
2025-11-03 04:57:00,notifications,/checkout,1040,200
2025-11-03 04:57:10,payments,/items,365,200
2025-11-03 04:57:20,payments,/send-email,166,200
2025-11-03 04:57:30,catalog,/send-email,299,200
2025-11-03 04:57:40,notifications,/checkout,291,200
2025-11-03 04:57:50,notifications,/login,398,200
2025-11-03 04:58:00,payments,/login,211,200
2025-11-03 04:58:10,orders,/login,283,200
2025-11-03 04:58:20,notifications,/login,264,200
2025-11-03 04:58:30,notifications,/items,242,200
2025-11-03 04:58:40,payments,/send-email,257,200
2025-11-03 04:58:50,payments,/send-email,278,200
2025-11-03 04:59:00,auth,/checkout,221,200
2025-11-03 04:59:10,auth,/login,330,200
2025-11-03 04:59:20,payments,/items,270,200
2025-11-03 04:59:30,payments,/login,268,200
2025-11-03 04:59:40,orders,/send-email,312,200
2025-11-03 04:59:50,auth,/details,282,200
2025-11-03 05:00:00,auth,/items,267,200
2025-11-03 05:00:10,payments,/items,205,200
2025-11-03 05:00:20,orders,/login,158,200
2025-11-03 05:00:30,payments,/items,359,200
2025-11-03 05:00:40,orders,/checkout,323,200
2025-11-03 05:00:50,payments,/details,202,200
2025-11-03 05:01:00,payments,/checkout,279,200
2025-11-03 05:01:10,auth,/checkout,246,200
2025-11-03 05:01:20,payments,/checkout,316,200
2025-11-03 05:01:30,notifications,/send-email,194,200
2025-11-03 05:01:40,orders,/login,272,200
2025-11-03 05:01:50,payments,/details,320,200
2025-11-03 05:02:00,orders,/login,340,200
2025-11-03 05:02:10,notifications,/details,291,200
2025-11-03 05:02:20,payments,/send-email,108,200
2025-11-03 05:02:30,catalog,/login,295,200
2025-11-03 05:02:40,payments,/details,278,200
2025-11-03 05:02:50,auth,/items,424,200
2025-11-03 05:03:00,auth,/items,152,200
2025-11-03 05:03:10,catalog,/checkout,306,200
2025-11-03 05:03:20,orders,/items,246,200
2025-11-03 05:03:30,payments,/details,374,200
2025-11-03 05:03:40,notifications,/details,253,200
2025-11-03 05:03:50,auth,/send-email,237,200
2025-11-03 05:04:00,catalog,/checkout,238,200
2025-11-03 05:04:10,auth,/items,210,200
2025-11-03 05:04:20,notifications,/items,146,200
2025-11-03 05:04:30,auth,/checkout,354,200
2025-11-03 05:04:40,auth,/details,105,200
2025-11-03 05:04:50,payments,/items,264,200
2025-11-03 05:05:00,auth,/send-email,225,200
2025-11-03 05:05:10,orders,/send-email,237,200
2025-11-03 05:05:20,auth,/checkout,252,200
2025-11-03 05:05:30,orders,/checkout,199,200
2025-11-03 05:05:40,auth,/items,361,200
2025-11-03 05:05:50,payments,/items,322,200
2025-11-03 05:06:00,orders,/login,115,200
2025-11-03 05:06:10,auth,/checkout,308,200
2025-11-03 05:06:20,auth,/send-email,201,200
2025-11-03 05:06:30,payments,/send-email,205,200
2025-11-03 05:06:40,notifications,/items,383,200
2025-11-03 05:06:50,catalog,/login,137,200
2025-11-03 05:07:00,catalog,/details,231,200
2025-11-03 05:07:10,catalog,/login,313,200
2025-11-03 05:07:20,orders,/send-email,374,200
2025-11-03 05:07:30,catalog,/send-email,244,200
2025-11-03 05:07:40,catalog,/send-email,350,200
2025-11-03 05:07:50,catalog,/send-email,234,200
2025-11-03 05:08:00,notifications,/items,339,200
2025-11-03 05:08:10,catalog,/items,160,200
2025-11-03 05:08:20,orders,/login,280,200
2025-11-03 05:08:30,auth,/login,296,200
2025-11-03 05:08:40,payments,/send-email,147,200
2025-11-03 05:08:50,catalog,/details,202,200
2025-11-03 05:09:00,notifications,/send-email,185,200
2025-11-03 05:09:10,payments,/items,181,200
2025-11-03 05:09:20,notifications,/send-email,223,200
2025-11-03 05:09:30,auth,/login,367,200
2025-11-03 05:09:40,orders,/login,175,200
2025-11-03 05:09:50,payments,/checkout,206,200
2025-11-03 05:10:00,auth,/details,214,200
2025-11-03 05:10:10,notifications,/items,337,200
2025-11-03 05:10:20,catalog,/items,233,200
2025-11-03 05:10:30,catalog,/details,195,200
2025-11-03 05:10:40,auth,/checkout,300,200
2025-11-03 05:10:50,payments,/items,232,200
2025-11-03 05:11:00,catalog,/send-email,279,200
2025-11-03 05:11:10,catalog,/send-email,214,200
2025-11-03 05:11:20,auth,/checkout,860,200
2025-11-03 05:11:30,payments,/login,152,200
2025-11-03 05:11:40,auth,/login,275,200
2025-11-03 05:11:50,catalog,/details,307,200
2025-11-03 05:12:00,notifications,/login,171,200
2025-11-03 05:12:10,orders,/details,80,200
2025-11-03 05:12:20,notifications,/items,271,200
2025-11-03 05:12:30,auth,/items,175,200
2025-11-03 05:12:40,notifications,/login,381,200
2025-11-03 05:12:50,payments,/send-email,219,200
2025-11-03 05:13:00,catalog,/send-email,211,200
2025-11-03 05:13:10,auth,/items,143,200
2025-11-03 05:13:20,orders,/login,175,200
2025-11-03 05:13:30,orders,/items,169,200
2025-11-03 05:13:40,orders,/checkout,236,200
2025-11-03 05:13:50,payments,/checkout,190,200
2025-11-03 05:14:00,auth,/send-email,289,200
2025-11-03 05:14:10,payments,/login,205,200
2025-11-03 05:14:20,payments,/details,243,200
2025-11-03 05:14:30,payments,/details,156,200
2025-11-03 05:14:40,auth,/login,242,200
2025-11-03 05:14:50,notifications,/details,338,200
2025-11-03 05:15:00,payments,/send-email,232,200
2025-11-03 05:15:10,notifications,/items,292,200
2025-11-03 05:15:20,catalog,/details,282,200
2025-11-03 05:15:30,orders,/items,187,200
2025-11-03 05:15:40,catalog,/send-email,213,200
2025-11-03 05:15:50,notifications,/checkout,120,200
2025-11-03 05:16:00,orders,/login,213,200
2025-11-03 05:16:10,orders,/items,163,200
2025-11-03 05:16:20,catalog,/items,316,200
2025-11-03 05:16:30,orders,/login,156,200
2025-11-03 05:16:40,auth,/items,251,200
2025-11-03 05:16:50,orders,/send-email,309,200
2025-11-03 05:17:00,notifications,/login,152,200
2025-11-03 05:17:10,catalog,/checkout,153,200
2025-11-03 05:17:20,notifications,/login,218,200
2025-11-03 05:17:30,catalog,/login,291,200
2025-11-03 05:17:40,catalog,/details,125,200
2025-11-03 05:17:50,catalog,/login,326,200
2025-11-03 05:18:00,auth,/checkout,229,200
2025-11-03 05:18:10,orders,/items,195,200
2025-11-03 05:18:20,payments,/login,307,200
2025-11-03 05:18:30,payments,/checkout,127,200
2025-11-03 05:18:40,notifications,/login,261,200
2025-11-03 05:18:50,payments,/checkout,435,200
2025-11-03 05:19:00,notifications,/checkout,232,200
2025-11-03 05:19:10,auth,/details,461,200
2025-11-03 05:19:20,orders,/details,227,200
2025-11-03 05:19:30,catalog,/login,147,200
2025-11-03 05:19:40,orders,/send-email,396,200
2025-11-03 05:19:50,payments,/items,102,200
2025-11-03 05:20:00,payments,/send-email,225,200
2025-11-03 05:20:10,payments,/details,339,200
2025-11-03 05:20:20,payments,/checkout,315,200
2025-11-03 05:20:30,payments,/details,350,200
2025-11-03 05:20:40,notifications,/login,288,200
2025-11-03 05:20:50,orders,/login,238,500
2025-11-03 05:21:00,notifications,/send-email,208,200
2025-11-03 05:21:10,auth,/send-email,1445,200
2025-11-03 05:21:20,payments,/details,319,200
2025-11-03 05:21:30,orders,/login,226,200
2025-11-03 05:21:40,orders,/checkout,253,200
2025-11-03 05:21:50,notifications,/send-email,309,200
2025-11-03 05:22:00,catalog,/items,297,500
2025-11-03 05:22:10,notifications,/details,225,200
2025-11-03 05:22:20,catalog,/details,228,200
2025-11-03 05:22:30,auth,/login,210,200
2025-11-03 05:22:40,notifications,/details,334,200
2025-11-03 05:22:50,notifications,/send-email,342,200
2025-11-03 05:23:00,payments,/login,214,200
2025-11-03 05:23:10,auth,/checkout,263,200
2025-11-03 05:23:20,notifications,/send-email,211,200
2025-11-03 05:23:30,notifications,/checkout,240,200
2025-11-03 05:23:40,catalog,/send-email,173,200
2025-11-03 05:23:50,payments,/checkout,265,200
2025-11-03 05:24:00,catalog,/details,202,200
2025-11-03 05:24:10,notifications,/send-email,210,200
2025-11-03 05:24:20,auth,/checkout,369,200
2025-11-03 05:24:30,catalog,/items,196,200
2025-11-03 05:24:40,orders,/send-email,270,200
2025-11-03 05:24:50,catalog,/login,408,200
2025-11-03 05:25:00,payments,/send-email,280,200
2025-11-03 05:25:10,payments,/checkout,235,200
2025-11-03 05:25:20,notifications,/send-email,1640,200
2025-11-03 05:25:30,auth,/login,193,200
2025-11-03 05:25:40,payments,/items,217,200
2025-11-03 05:25:50,auth,/items,177,200
2025-11-03 05:26:00,notifications,/checkout,365,200
2025-11-03 05:26:10,payments,/send-email,357,200
2025-11-03 05:26:20,payments,/items,118,200
2025-11-03 05:26:30,catalog,/login,225,200
2025-11-03 05:26:40,auth,/details,296,500
2025-11-03 05:26:50,orders,/send-email,289,500
2025-11-03 05:27:00,auth,/send-email,263,200
2025-11-03 05:27:10,catalog,/send-email,98,200
2025-11-03 05:27:20,auth,/items,362,200
2025-11-03 05:27:30,auth,/send-email,178,200
2025-11-03 05:27:40,payments,/items,378,200
2025-11-03 05:27:50,payments,/details,250,200
2025-11-03 05:28:00,payments,/send-email,256,200
2025-11-03 05:28:10,payments,/send-email,203,200
2025-11-03 05:28:20,auth,/login,341,200
2025-11-03 05:28:30,orders,/send-email,427,200
2025-11-03 05:28:40,payments,/checkout,203,200
2025-11-03 05:28:50,auth,/details,211,200
2025-11-03 05:29:00,catalog,/items,1260,200
2025-11-03 05:29:10,catalog,/checkout,321,200
2025-11-03 05:29:20,auth,/checkout,240,200
2025-11-03 05:29:30,catalog,/details,151,200
2025-11-03 05:29:40,orders,/details,141,200
2025-11-03 05:29:50,catalog,/login,298,200
2025-11-03 05:30:00,auth,/login,201,200
2025-11-03 05:30:10,catalog,/details,173,200
2025-11-03 05:30:20,payments,/details,341,200
2025-11-03 05:30:30,notifications,/checkout,238,200
2025-11-03 05:30:40,auth,/send-email,385,200
2025-11-03 05:30:50,payments,/login,292,200
2025-11-03 05:31:00,payments,/items,159,200
2025-11-03 05:31:10,catalog,/details,187,200
2025-11-03 05:31:20,orders,/items,287,200
2025-11-03 05:31:30,auth,/send-email,277,200
2025-11-03 05:31:40,payments,/items,434,200
2025-11-03 05:31:50,auth,/checkout,104,200
2025-11-03 05:32:00,catalog,/details,232,200
2025-11-03 05:32:10,catalog,/details,315,200
2025-11-03 05:32:20,orders,/checkout,168,200
2025-11-03 05:32:30,catalog,/login,106,200
2025-11-03 05:32:40,notifications,/items,318,200
2025-11-03 05:32:50,auth,/login,217,200
2025-11-03 05:33:00,auth,/login,1565,200
2025-11-03 05:33:10,payments,/login,269,200
2025-11-03 05:33:20,catalog,/login,307,200
2025-11-03 05:33:30,payments,/login,336,200
2025-11-03 05:33:40,payments,/items,311,200
2025-11-03 05:33:50,orders,/checkout,178,200
2025-11-03 05:34:00,orders,/details,249,200
2025-11-03 05:34:10,payments,/login,298,200
2025-11-03 05:34:20,orders,/checkout,314,200
2025-11-03 05:34:30,catalog,/send-email,181,200
2025-11-03 05:34:40,catalog,/login,1265,200
2025-11-03 05:34:50,catalog,/items,365,200
2025-11-03 05:35:00,orders,/items,348,200
2025-11-03 05:35:10,catalog,/send-email,171,200
2025-11-03 05:35:20,payments,/login,276,200
2025-11-03 05:35:30,orders,/checkout,281,200
2025-11-03 05:35:40,catalog,/checkout,325,200
2025-11-03 05:35:50,orders,/send-email,377,200
2025-11-03 05:36:00,orders,/details,256,200
2025-11-03 05:36:10,notifications,/send-email,264,200
2025-11-03 05:36:20,notifications,/send-email,145,200
2025-11-03 05:36:30,payments,/checkout,241,200
2025-11-03 05:36:40,orders,/send-email,131,200
2025-11-03 05:36:50,notifications,/items,217,200
2025-11-03 05:37:00,payments,/items,169,200
2025-11-03 05:37:10,auth,/details,230,200
2025-11-03 05:37:20,payments,/send-email,427,200
2025-11-03 05:37:30,notifications,/items,251,200
2025-11-03 05:37:40,auth,/items,193,200
2025-11-03 05:37:50,auth,/send-email,193,200
2025-11-03 05:38:00,orders,/send-email,321,200
2025-11-03 05:38:10,payments,/checkout,137,200
2025-11-03 05:38:20,auth,/send-email,239,200
2025-11-03 05:38:30,payments,/items,52,200
2025-11-03 05:38:40,catalog,/send-email,196,200
2025-11-03 05:38:50,orders,/details,219,200
2025-11-03 05:39:00,catalog,/send-email,297,200
2025-11-03 05:39:10,auth,/details,414,200
2025-11-03 05:39:20,payments,/details,349,200
2025-11-03 05:39:30,orders,/login,144,200
2025-11-03 05:39:40,payments,/send-email,147,200
2025-11-03 05:39:50,catalog,/checkout,303,200
2025-11-03 05:40:00,auth,/details,179,500
2025-11-03 05:40:10,payments,/items,895,200
2025-11-03 05:40:20,orders,/items,216,200
2025-11-03 05:40:30,auth,/login,381,200
2025-11-03 05:40:40,orders,/send-email,273,200
2025-11-03 05:40:50,auth,/checkout,203,200
2025-11-03 05:41:00,auth,/checkout,139,200
2025-11-03 05:41:10,auth,/send-email,258,200
2025-11-03 05:41:20,auth,/send-email,123,200
2025-11-03 05:41:30,catalog,/checkout,220,200
2025-11-03 05:41:40,payments,/login,283,200
2025-11-03 05:41:50,notifications,/login,346,200
2025-11-03 05:42:00,notifications,/checkout,318,200
2025-11-03 05:42:10,payments,/items,143,200
2025-11-03 05:42:20,catalog,/login,216,200
2025-11-03 05:42:30,auth,/details,208,200
2025-11-03 05:42:40,auth,/login,224,200
2025-11-03 05:42:50,auth,/send-email,448,200
2025-11-03 05:43:00,catalog,/send-email,162,200
2025-11-03 05:43:10,orders,/items,438,200
2025-11-03 05:43:20,orders,/items,267,200
2025-11-03 05:43:30,orders,/login,261,200
2025-11-03 05:43:40,auth,/items,269,200
2025-11-03 05:43:50,catalog,/checkout,151,200
2025-11-03 05:44:00,payments,/checkout,191,200
2025-11-03 05:44:10,orders,/send-email,231,200
2025-11-03 05:44:20,catalog,/details,269,200
2025-11-03 05:44:30,payments,/login,350,200
2025-11-03 05:44:40,orders,/login,361,200
2025-11-03 05:44:50,auth,/checkout,120,200
2025-11-03 05:45:00,catalog,/checkout,340,200
2025-11-03 05:45:10,notifications,/checkout,311,200
2025-11-03 05:45:20,notifications,/details,210,200
2025-11-03 05:45:30,orders,/send-email,227,200
2025-11-03 05:45:40,auth,/items,94,200
2025-11-03 05:45:50,auth,/details,270,200
2025-11-03 05:46:00,auth,/send-email,1325,200
2025-11-03 05:46:10,orders,/items,302,200
2025-11-03 05:46:20,notifications,/send-email,302,200
2025-11-03 05:46:30,auth,/details,195,200
2025-11-03 05:46:40,notifications,/send-email,277,200
2025-11-03 05:46:50,auth,/details,174,200
2025-11-03 05:47:00,auth,/login,153,200
2025-11-03 05:47:10,notifications,/details,148,200
2025-11-03 05:47:20,notifications,/checkout,303,200
2025-11-03 05:47:30,notifications,/send-email,257,200
2025-11-03 05:47:40,auth,/send-email,194,200
2025-11-03 05:47:50,catalog,/login,346,200
2025-11-03 05:48:00,catalog,/send-email,169,200
2025-11-03 05:48:10,notifications,/send-email,111,200
2025-11-03 05:48:20,payments,/details,320,200
2025-11-03 05:48:30,payments,/send-email,296,200
2025-11-03 05:48:40,notifications,/details,329,200
2025-11-03 05:48:50,notifications,/items,353,200
2025-11-03 05:49:00,notifications,/send-email,157,200
2025-11-03 05:49:10,notifications,/checkout,296,200
2025-11-03 05:49:20,payments,/send-email,760,200
2025-11-03 05:49:30,auth,/items,238,200
2025-11-03 05:49:40,notifications,/details,202,200
2025-11-03 05:49:50,notifications,/login,249,200
2025-11-03 05:50:00,auth,/checkout,272,200
2025-11-03 05:50:10,orders,/items,216,200
2025-11-03 05:50:20,auth,/login,218,200
2025-11-03 05:50:30,payments,/send-email,228,200
2025-11-03 05:50:40,payments,/items,313,200
2025-11-03 05:50:50,payments,/checkout,204,200
2025-11-03 05:51:00,orders,/checkout,293,200
2025-11-03 05:51:10,orders,/checkout,36,200
2025-11-03 05:51:20,notifications,/send-email,280,200
2025-11-03 05:51:30,orders,/checkout,290,200
2025-11-03 05:51:40,orders,/login,242,200
2025-11-03 05:51:50,payments,/login,254,200
2025-11-03 05:52:00,auth,/details,198,200
2025-11-03 05:52:10,auth,/login,210,200
2025-11-03 05:52:20,payments,/checkout,30,200
2025-11-03 05:52:30,orders,/items,258,200
2025-11-03 05:52:40,orders,/send-email,320,200
2025-11-03 05:52:50,notifications,/items,236,200
2025-11-03 05:53:00,catalog,/details,326,200
2025-11-03 05:53:10,notifications,/items,244,200
2025-11-03 05:53:20,payments,/checkout,249,200
2025-11-03 05:53:30,payments,/login,310,200
2025-11-03 05:53:40,orders,/items,172,200
2025-11-03 05:53:50,auth,/details,306,200
2025-11-03 05:54:00,auth,/login,350,200
2025-11-03 05:54:10,auth,/details,184,200
2025-11-03 05:54:20,auth,/login,337,200
2025-11-03 05:54:30,auth,/details,310,200
2025-11-03 05:54:40,notifications,/checkout,88,200
2025-11-03 05:54:50,auth,/checkout,224,200
2025-11-03 05:55:00,auth,/items,10,200
2025-11-03 05:55:10,auth,/details,320,200
2025-11-03 05:55:20,notifications,/login,349,200
2025-11-03 05:55:30,orders,/details,322,200
2025-11-03 05:55:40,notifications,/login,219,200
2025-11-03 05:55:50,auth,/send-email,310,200
2025-11-03 05:56:00,notifications,/details,337,200
2025-11-03 05:56:10,notifications,/checkout,196,200
2025-11-03 05:56:20,payments,/details,164,200
2025-11-03 05:56:30,payments,/checkout,320,200
2025-11-03 05:56:40,auth,/login,292,200
2025-11-03 05:56:50,notifications,/login,299,200
2025-11-03 05:57:00,orders,/items,137,200
2025-11-03 05:57:10,notifications,/checkout,353,200
2025-11-03 05:57:20,notifications,/send-email,209,200
2025-11-03 05:57:30,payments,/items,301,200
2025-11-03 05:57:40,auth,/items,259,500
2025-11-03 05:57:50,catalog,/send-email,216,200
2025-11-03 05:58:00,orders,/login,317,200
2025-11-03 05:58:10,payments,/checkout,300,200
2025-11-03 05:58:20,auth,/checkout,479,200
2025-11-03 05:58:30,notifications,/send-email,33,200
2025-11-03 05:58:40,auth,/items,259,200
2025-11-03 05:58:50,catalog,/details,178,200
2025-11-03 05:59:00,payments,/send-email,73,200
2025-11-03 05:59:10,orders,/details,191,200
2025-11-03 05:59:20,auth,/checkout,262,200
2025-11-03 05:59:30,payments,/items,154,200
2025-11-03 05:59:40,auth,/login,100,200
2025-11-03 05:59:50,orders,/details,309,200
2025-11-03 06:00:00,auth,/checkout,280,500
2025-11-03 06:00:10,payments,/details,131,200
2025-11-03 06:00:20,auth,/send-email,429,200
2025-11-03 06:00:30,catalog,/send-email,170,200
2025-11-03 06:00:40,auth,/send-email,239,200
2025-11-03 06:00:50,auth,/login,154,500
2025-11-03 06:01:00,catalog,/checkout,346,200
2025-11-03 06:01:10,orders,/checkout,290,200
2025-11-03 06:01:20,notifications,/details,149,200
2025-11-03 06:01:30,auth,/login,370,200
2025-11-03 06:01:40,payments,/send-email,262,200
2025-11-03 06:01:50,notifications,/send-email,240,200
2025-11-03 06:02:00,auth,/send-email,322,200
2025-11-03 06:02:10,catalog,/items,170,200
2025-11-03 06:02:20,notifications,/details,216,200
2025-11-03 06:02:30,payments,/login,237,200
2025-11-03 06:02:40,auth,/checkout,173,200
2025-11-03 06:02:50,payments,/checkout,245,200
2025-11-03 06:03:00,catalog,/login,281,200
2025-11-03 06:03:10,auth,/items,276,200
2025-11-03 06:03:20,auth,/details,177,200
2025-11-03 06:03:30,notifications,/checkout,354,200
2025-11-03 06:03:40,auth,/items,665,200
2025-11-03 06:03:50,notifications,/checkout,293,200
2025-11-03 06:04:00,orders,/checkout,213,200
2025-11-03 06:04:10,catalog,/items,108,200
2025-11-03 06:04:20,orders,/items,271,200
2025-11-03 06:04:30,payments,/checkout,264,200
2025-11-03 06:04:40,auth,/login,351,200
2025-11-03 06:04:50,orders,/login,163,200
2025-11-03 06:05:00,catalog,/details,322,200
2025-11-03 06:05:10,payments,/checkout,288,200
2025-11-03 06:05:20,notifications,/send-email,416,200
2025-11-03 06:05:30,catalog,/login,335,200
2025-11-03 06:05:40,orders,/details,388,200
2025-11-03 06:05:50,notifications,/send-email,358,200
2025-11-03 06:06:00,notifications,/details,219,200
2025-11-03 06:06:10,catalog,/items,335,200
2025-11-03 06:06:20,orders,/details,895,200
2025-11-03 06:06:30,auth,/checkout,206,200
2025-11-03 06:06:40,auth,/items,334,200
2025-11-03 06:06:50,catalog,/login,300,200
2025-11-03 06:07:00,payments,/login,329,200
2025-11-03 06:07:10,orders,/checkout,263,200
2025-11-03 06:07:20,payments,/checkout,273,200
2025-11-03 06:07:30,catalog,/login,235,200
2025-11-03 06:07:40,payments,/items,178,200
2025-11-03 06:07:50,orders,/send-email,190,200
2025-11-03 06:08:00,orders,/send-email,53,200
2025-11-03 06:08:10,catalog,/items,298,200
2025-11-03 06:08:20,catalog,/login,233,200
2025-11-03 06:08:30,payments,/items,223,200
2025-11-03 06:08:40,payments,/login,465,200
2025-11-03 06:08:50,catalog,/details,322,200
2025-11-03 06:09:00,catalog,/checkout,333,200
2025-11-03 06:09:10,orders,/items,373,200
2025-11-03 06:09:20,orders,/send-email,241,200
2025-11-03 06:09:30,notifications,/send-email,159,200
2025-11-03 06:09:40,auth,/send-email,317,200
2025-11-03 06:09:50,auth,/login,43,200
2025-11-03 06:10:00,payments,/send-email,292,200
2025-11-03 06:10:10,catalog,/send-email,177,200
2025-11-03 06:10:20,notifications,/login,318,200
2025-11-03 06:10:30,auth,/items,356,200
2025-11-03 06:10:40,orders,/checkout,407,200
2025-11-03 06:10:50,orders,/details,190,200
2025-11-03 06:11:00,orders,/login,287,200
2025-11-03 06:11:10,auth,/login,270,200
2025-11-03 06:11:20,catalog,/login,166,200
2025-11-03 06:11:30,notifications,/checkout,306,200
2025-11-03 06:11:40,auth,/details,239,200
2025-11-03 06:11:50,auth,/checkout,303,200
2025-11-03 06:12:00,payments,/login,274,200
2025-11-03 06:12:10,payments,/details,135,200
2025-11-03 06:12:20,notifications,/checkout,219,200
2025-11-03 06:12:30,catalog,/send-email,128,200
2025-11-03 06:12:40,notifications,/items,275,200
2025-11-03 06:12:50,auth,/items,155,200
2025-11-03 06:13:00,orders,/send-email,195,200
2025-11-03 06:13:10,orders,/items,250,200
2025-11-03 06:13:20,auth,/details,331,200
2025-11-03 06:13:30,notifications,/details,77,200
2025-11-03 06:13:40,auth,/send-email,193,200
2025-11-03 06:13:50,orders,/send-email,236,200
2025-11-03 06:14:00,auth,/details,296,200
2025-11-03 06:14:10,payments,/details,189,200
2025-11-03 06:14:20,orders,/details,233,200
2025-11-03 06:14:30,auth,/details,327,200
2025-11-03 06:14:40,auth,/details,266,200
2025-11-03 06:14:50,payments,/login,229,200
2025-11-03 06:15:00,notifications,/details,330,200
2025-11-03 06:15:10,notifications,/send-email,330,200
2025-11-03 06:15:20,auth,/send-email,189,200
2025-11-03 06:15:30,auth,/checkout,247,200
2025-11-03 06:15:40,catalog,/details,310,200
2025-11-03 06:15:50,catalog,/items,363,200
2025-11-03 06:16:00,catalog,/details,344,200
2025-11-03 06:16:10,auth,/details,185,200
2025-11-03 06:16:20,auth,/send-email,175,200
2025-11-03 06:16:30,orders,/details,227,200
2025-11-03 06:16:40,catalog,/login,117,200
2025-11-03 06:16:50,payments,/send-email,324,200
2025-11-03 06:17:00,catalog,/details,163,200
2025-11-03 06:17:10,orders,/send-email,297,200
2025-11-03 06:17:20,catalog,/items,238,200
2025-11-03 06:17:30,orders,/send-email,260,200
2025-11-03 06:17:40,catalog,/send-email,182,200
2025-11-03 06:17:50,notifications,/checkout,216,200
2025-11-03 06:18:00,auth,/checkout,262,200
2025-11-03 06:18:10,notifications,/details,137,200
2025-11-03 06:18:20,notifications,/checkout,333,200
2025-11-03 06:18:30,catalog,/login,329,200
2025-11-03 06:18:40,payments,/details,320,200
2025-11-03 06:18:50,catalog,/send-email,182,200
2025-11-03 06:19:00,payments,/details,180,200
2025-11-03 06:19:10,auth,/details,227,200
2025-11-03 06:19:20,orders,/items,313,200
2025-11-03 06:19:30,payments,/login,263,200
2025-11-03 06:19:40,notifications,/items,362,200
2025-11-03 06:19:50,auth,/send-email,367,200
2025-11-03 06:20:00,payments,/details,197,200
2025-11-03 06:20:10,catalog,/items,217,200
2025-11-03 06:20:20,auth,/details,163,200
2025-11-03 06:20:30,catalog,/details,258,200
2025-11-03 06:20:40,payments,/items,193,200
2025-11-03 06:20:50,notifications,/details,380,200
2025-11-03 06:21:00,auth,/items,104,200
2025-11-03 06:21:10,notifications,/details,256,200
2025-11-03 06:21:20,catalog,/items,219,200
2025-11-03 06:21:30,orders,/login,293,200
2025-11-03 06:21:40,notifications,/checkout,313,200
2025-11-03 06:21:50,notifications,/items,210,200
2025-11-03 06:22:00,catalog,/checkout,290,200
2025-11-03 06:22:10,notifications,/checkout,216,200
2025-11-03 06:22:20,auth,/details,285,200
2025-11-03 06:22:30,orders,/details,475,200
2025-11-03 06:22:40,catalog,/login,225,200
2025-11-03 06:22:50,catalog,/login,370,200
2025-11-03 06:23:00,catalog,/login,205,200
2025-11-03 06:23:10,notifications,/send-email,283,200
2025-11-03 06:23:20,payments,/send-email,313,200
2025-11-03 06:23:30,orders,/details,238,200
2025-11-03 06:23:40,notifications,/checkout,352,200
2025-11-03 06:23:50,catalog,/items,289,200
2025-11-03 06:24:00,payments,/checkout,288,200
2025-11-03 06:24:10,payments,/details,202,200
2025-11-03 06:24:20,catalog,/details,279,200
2025-11-03 06:24:30,orders,/login,351,200
2025-11-03 06:24:40,orders,/details,105,200
2025-11-03 06:24:50,payments,/checkout,128,200
2025-11-03 06:25:00,orders,/details,302,200
2025-11-03 06:25:10,catalog,/items,306,200
2025-11-03 06:25:20,payments,/login,182,200
2025-11-03 06:25:30,payments,/login,287,200
2025-11-03 06:25:40,payments,/send-email,255,200
2025-11-03 06:25:50,auth,/login,179,200
2025-11-03 06:26:00,auth,/send-email,248,200
2025-11-03 06:26:10,catalog,/login,175,200
2025-11-03 06:26:20,orders,/items,273,200
2025-11-03 06:26:30,payments,/login,433,200
2025-11-03 06:26:40,catalog,/send-email,338,200
2025-11-03 06:26:50,notifications,/items,126,200
2025-11-03 06:27:00,orders,/items,190,200
2025-11-03 06:27:10,orders,/items,344,200
2025-11-03 06:27:20,orders,/details,220,200
2025-11-03 06:27:30,orders,/details,57,200
2025-11-03 06:27:40,notifications,/checkout,242,200
2025-11-03 06:27:50,auth,/login,269,200
2025-11-03 06:28:00,orders,/login,170,200
2025-11-03 06:28:10,payments,/send-email,165,200
2025-11-03 06:28:20,catalog,/checkout,358,200
2025-11-03 06:28:30,payments,/items,313,200
2025-11-03 06:28:40,auth,/checkout,195,200
2025-11-03 06:28:50,notifications,/checkout,393,200
2025-11-03 06:29:00,notifications,/login,172,200
2025-11-03 06:29:10,notifications,/items,269,200
2025-11-03 06:29:20,auth,/send-email,264,200
2025-11-03 06:29:30,orders,/checkout,231,200
2025-11-03 06:29:40,payments,/login,259,200
2025-11-03 06:29:50,payments,/checkout,270,200
2025-11-03 06:30:00,catalog,/send-email,284,200
2025-11-03 06:30:10,orders,/login,259,200
2025-11-03 06:30:20,auth,/checkout,875,200
2025-11-03 06:30:30,payments,/items,315,200
2025-11-03 06:30:40,catalog,/login,318,200
2025-11-03 06:30:50,catalog,/details,234,200
2025-11-03 06:31:00,orders,/send-email,259,200
2025-11-03 06:31:10,orders,/details,323,200
2025-11-03 06:31:20,payments,/details,211,200
2025-11-03 06:31:30,payments,/items,54,200
2025-11-03 06:31:40,payments,/send-email,232,200
2025-11-03 06:31:50,payments,/details,218,200
2025-11-03 06:32:00,auth,/details,193,200
2025-11-03 06:32:10,auth,/login,279,200
2025-11-03 06:32:20,notifications,/send-email,119,200
2025-11-03 06:32:30,auth,/login,119,200
2025-11-03 06:32:40,notifications,/login,312,200
2025-11-03 06:32:50,payments,/login,333,200
2025-11-03 06:33:00,orders,/items,184,200
2025-11-03 06:33:10,payments,/details,464,200
2025-11-03 06:33:20,catalog,/items,126,200
2025-11-03 06:33:30,payments,/login,22,200
2025-11-03 06:33:40,orders,/login,272,200
2025-11-03 06:33:50,catalog,/details,240,200
2025-11-03 06:34:00,auth,/details,246,200
2025-11-03 06:34:10,payments,/items,293,200
2025-11-03 06:34:20,payments,/login,319,200
2025-11-03 06:34:30,orders,/items,207,200
2025-11-03 06:34:40,payments,/details,297,200
2025-11-03 06:34:50,notifications,/send-email,1110,200
2025-11-03 06:35:00,orders,/send-email,225,200
2025-11-03 06:35:10,auth,/send-email,203,200
2025-11-03 06:35:20,payments,/details,246,200
2025-11-03 06:35:30,orders,/details,243,200
2025-11-03 06:35:40,catalog,/send-email,207,200
2025-11-03 06:35:50,catalog,/details,318,200
2025-11-03 06:36:00,orders,/checkout,293,200
2025-11-03 06:36:10,notifications,/send-email,265,200
2025-11-03 06:36:20,auth,/send-email,235,200
2025-11-03 06:36:30,auth,/details,196,200
2025-11-03 06:36:40,catalog,/send-email,239,200
2025-11-03 06:36:50,auth,/login,263,200
2025-11-03 06:37:00,notifications,/login,394,500
2025-11-03 06:37:10,payments,/checkout,219,200
2025-11-03 06:37:20,catalog,/send-email,277,200
2025-11-03 06:37:30,catalog,/send-email,328,200
2025-11-03 06:37:40,payments,/checkout,431,200
2025-11-03 06:37:50,payments,/checkout,302,200
2025-11-03 06:38:00,orders,/items,176,200
2025-11-03 06:38:10,catalog,/details,88,200
2025-11-03 06:38:20,notifications,/details,279,200
2025-11-03 06:38:30,orders,/login,238,200
2025-11-03 06:38:40,notifications,/details,252,200
2025-11-03 06:38:50,auth,/items,297,200
2025-11-03 06:39:00,orders,/details,212,200
2025-11-03 06:39:10,orders,/checkout,328,200
2025-11-03 06:39:20,payments,/login,312,200
2025-11-03 06:39:30,orders,/login,241,200
2025-11-03 06:39:40,notifications,/send-email,247,200
2025-11-03 06:39:50,notifications,/checkout,237,200
2025-11-03 06:40:00,auth,/details,88,200
2025-11-03 06:40:10,auth,/details,277,200
2025-11-03 06:40:20,notifications,/items,226,500
2025-11-03 06:40:30,payments,/items,304,200
2025-11-03 06:40:40,notifications,/login,84,200
2025-11-03 06:40:50,orders,/details,299,200
2025-11-03 06:41:00,notifications,/login,246,200
2025-11-03 06:41:10,payments,/login,290,200
2025-11-03 06:41:20,catalog,/send-email,288,200
2025-11-03 06:41:30,orders,/send-email,228,200
2025-11-03 06:41:40,orders,/login,105,200
2025-11-03 06:41:50,orders,/login,227,200
2025-11-03 06:42:00,auth,/login,367,200
2025-11-03 06:42:10,notifications,/items,227,200
2025-11-03 06:42:20,auth,/login,360,200
2025-11-03 06:42:30,catalog,/items,194,200
2025-11-03 06:42:40,auth,/items,148,200
2025-11-03 06:42:50,payments,/checkout,222,200
2025-11-03 06:43:00,catalog,/checkout,324,200
2025-11-03 06:43:10,catalog,/details,117,200
2025-11-03 06:43:20,payments,/login,254,200
2025-11-03 06:43:30,auth,/details,254,200
2025-11-03 06:43:40,payments,/send-email,267,200
2025-11-03 06:43:50,notifications,/checkout,96,200
2025-11-03 06:44:00,payments,/checkout,323,200
2025-11-03 06:44:10,notifications,/send-email,98,200
2025-11-03 06:44:20,orders,/login,381,200
2025-11-03 06:44:30,orders,/checkout,228,200
2025-11-03 06:44:40,orders,/checkout,259,200
2025-11-03 06:44:50,catalog,/items,165,200
2025-11-03 06:45:00,orders,/items,285,200
2025-11-03 06:45:10,catalog,/items,159,200
2025-11-03 06:45:20,orders,/checkout,227,200
2025-11-03 06:45:30,notifications,/details,285,200
2025-11-03 06:45:40,catalog,/items,380,200
2025-11-03 06:45:50,catalog,/details,178,200
2025-11-03 06:46:00,payments,/details,210,200
2025-11-03 06:46:10,notifications,/send-email,339,200
2025-11-03 06:46:20,payments,/checkout,311,200
2025-11-03 06:46:30,auth,/checkout,317,200
2025-11-03 06:46:40,auth,/details,124,200
2025-11-03 06:46:50,notifications,/send-email,188,200
2025-11-03 06:47:00,orders,/login,266,200
2025-11-03 06:47:10,auth,/details,236,200
2025-11-03 06:47:20,orders,/details,352,200
2025-11-03 06:47:30,orders,/items,248,200
2025-11-03 06:47:40,notifications,/send-email,303,200
2025-11-03 06:47:50,payments,/login,187,200
2025-11-03 06:48:00,catalog,/send-email,129,200
2025-11-03 06:48:10,orders,/items,246,200
2025-11-03 06:48:20,orders,/items,175,500
2025-11-03 06:48:30,notifications,/login,222,200
2025-11-03 06:48:40,catalog,/send-email,366,200
2025-11-03 06:48:50,notifications,/send-email,153,200
2025-11-03 06:49:00,payments,/checkout,334,200
2025-11-03 06:49:10,payments,/send-email,254,200
2025-11-03 06:49:20,auth,/checkout,123,200
2025-11-03 06:49:30,payments,/items,231,200
2025-11-03 06:49:40,payments,/checkout,217,200
2025-11-03 06:49:50,notifications,/checkout,182,200
2025-11-03 06:50:00,payments,/items,266,200
2025-11-03 06:50:10,auth,/checkout,202,200
2025-11-03 06:50:20,notifications,/send-email,163,200
2025-11-03 06:50:30,notifications,/items,248,200
2025-11-03 06:50:40,orders,/login,280,200
2025-11-03 06:50:50,catalog,/checkout,385,200
2025-11-03 06:51:00,payments,/login,382,200
2025-11-03 06:51:10,orders,/checkout,245,200
2025-11-03 06:51:20,notifications,/send-email,199,200
2025-11-03 06:51:30,payments,/items,349,200
2025-11-03 06:51:40,auth,/login,304,200
2025-11-03 06:51:50,auth,/items,321,200
2025-11-03 06:52:00,payments,/checkout,211,200
2025-11-03 06:52:10,catalog,/login,261,200
2025-11-03 06:52:20,catalog,/details,192,200
2025-11-03 06:52:30,catalog,/details,127,200
2025-11-03 06:52:40,auth,/login,264,200
2025-11-03 06:52:50,payments,/send-email,236,200
2025-11-03 06:53:00,payments,/login,337,200
2025-11-03 06:53:10,catalog,/checkout,177,200
2025-11-03 06:53:20,notifications,/checkout,280,200
2025-11-03 06:53:30,catalog,/send-email,317,200
2025-11-03 06:53:40,orders,/login,270,200
2025-11-03 06:53:50,notifications,/items,262,200
2025-11-03 06:54:00,payments,/login,141,200
2025-11-03 06:54:10,payments,/checkout,162,200
2025-11-03 06:54:20,orders,/checkout,237,200
2025-11-03 06:54:30,payments,/send-email,322,200
2025-11-03 06:54:40,catalog,/login,344,200
2025-11-03 06:54:50,payments,/details,328,200
2025-11-03 06:55:00,auth,/details,336,200
2025-11-03 06:55:10,catalog,/send-email,220,200
2025-11-03 06:55:20,notifications,/details,226,200
2025-11-03 06:55:30,notifications,/checkout,210,200
2025-11-03 06:55:40,auth,/checkout,325,200
2025-11-03 06:55:50,catalog,/send-email,138,200
2025-11-03 06:56:00,notifications,/checkout,337,200
2025-11-03 06:56:10,notifications,/login,195,200
2025-11-03 06:56:20,auth,/items,220,200
2025-11-03 06:56:30,catalog,/checkout,162,200
2025-11-03 06:56:40,orders,/login,289,200
2025-11-03 06:56:50,payments,/items,244,200
2025-11-03 06:57:00,payments,/checkout,212,200
2025-11-03 06:57:10,notifications,/login,275,200
2025-11-03 06:57:20,orders,/send-email,179,200
2025-11-03 06:57:30,catalog,/items,189,200
2025-11-03 06:57:40,orders,/send-email,89,200
2025-11-03 06:57:50,catalog,/items,1540,200
2025-11-03 06:58:00,notifications,/checkout,332,200
2025-11-03 06:58:10,orders,/items,102,200
2025-11-03 06:58:20,notifications,/login,363,200
2025-11-03 06:58:30,payments,/items,222,200
2025-11-03 06:58:40,orders,/items,359,200
2025-11-03 06:58:50,notifications,/checkout,318,200
2025-11-03 06:59:00,notifications,/checkout,249,200
2025-11-03 06:59:10,auth,/items,157,200
2025-11-03 06:59:20,orders,/send-email,139,200
2025-11-03 06:59:30,notifications,/checkout,198,200
2025-11-03 06:59:40,orders,/details,235,200
2025-11-03 06:59:50,notifications,/details,303,200
2025-11-03 07:00:00,orders,/send-email,258,200
2025-11-03 07:00:10,orders,/items,250,200
2025-11-03 07:00:20,catalog,/details,67,200
2025-11-03 07:00:30,payments,/items,206,200
2025-11-03 07:00:40,auth,/details,158,200
2025-11-03 07:00:50,catalog,/checkout,336,200
2025-11-03 07:01:00,orders,/login,375,200
2025-11-03 07:01:10,catalog,/login,211,200
2025-11-03 07:01:20,orders,/login,378,200
2025-11-03 07:01:30,auth,/checkout,158,200
2025-11-03 07:01:40,orders,/send-email,239,200
2025-11-03 07:01:50,notifications,/items,398,200
2025-11-03 07:02:00,catalog,/checkout,165,200
2025-11-03 07:02:10,payments,/items,139,200
2025-11-03 07:02:20,orders,/checkout,263,200
2025-11-03 07:02:30,payments,/login,204,200
2025-11-03 07:02:40,catalog,/items,146,200
2025-11-03 07:02:50,payments,/items,89,200
2025-11-03 07:03:00,catalog,/details,173,200
2025-11-03 07:03:10,catalog,/login,188,200
2025-11-03 07:03:20,notifications,/checkout,195,200
2025-11-03 07:03:30,auth,/details,127,200
2025-11-03 07:03:40,payments,/items,290,200
2025-11-03 07:03:50,catalog,/checkout,285,200
2025-11-03 07:04:00,catalog,/checkout,286,200
2025-11-03 07:04:10,orders,/send-email,345,200
2025-11-03 07:04:20,auth,/details,264,200
2025-11-03 07:04:30,orders,/send-email,94,200
2025-11-03 07:04:40,payments,/details,340,200
2025-11-03 07:04:50,payments,/items,238,200
2025-11-03 07:05:00,auth,/send-email,203,200
2025-11-03 07:05:10,orders,/details,218,500
2025-11-03 07:05:20,payments,/items,335,200
2025-11-03 07:05:30,payments,/items,345,200
2025-11-03 07:05:40,auth,/details,328,200
2025-11-03 07:05:50,notifications,/login,201,200
2025-11-03 07:06:00,orders,/items,276,200
2025-11-03 07:06:10,catalog,/details,360,200
2025-11-03 07:06:20,auth,/items,231,200
2025-11-03 07:06:30,auth,/details,261,200
2025-11-03 07:06:40,catalog,/send-email,253,200
2025-11-03 07:06:50,payments,/items,321,200
2025-11-03 07:07:00,orders,/details,168,200
2025-11-03 07:07:10,payments,/items,337,200
2025-11-03 07:07:20,payments,/details,202,200
2025-11-03 07:07:30,orders,/details,286,200
2025-11-03 07:07:40,notifications,/checkout,217,200
2025-11-03 07:07:50,payments,/login,134,200
2025-11-03 07:08:00,auth,/checkout,204,200
2025-11-03 07:08:10,payments,/checkout,419,200
2025-11-03 07:08:20,orders,/details,203,200
2025-11-03 07:08:30,orders,/details,249,200
2025-11-03 07:08:40,notifications,/items,226,200
2025-11-03 07:08:50,notifications,/send-email,171,200
2025-11-03 07:09:00,payments,/send-email,187,200
2025-11-03 07:09:10,catalog,/send-email,200,200
2025-11-03 07:09:20,notifications,/checkout,114,200
2025-11-03 07:09:30,payments,/send-email,125,200
2025-11-03 07:09:40,auth,/login,347,200
2025-11-03 07:09:50,payments,/items,203,200
2025-11-03 07:10:00,catalog,/items,347,200
2025-11-03 07:10:10,catalog,/login,145,200
2025-11-03 07:10:20,payments,/details,356,200
2025-11-03 07:10:30,catalog,/items,234,200
2025-11-03 07:10:40,catalog,/details,169,200
2025-11-03 07:10:50,notifications,/checkout,355,200
2025-11-03 07:11:00,orders,/details,278,200
2025-11-03 07:11:10,orders,/items,249,200
2025-11-03 07:11:20,notifications,/details,236,200
2025-11-03 07:11:30,orders,/login,240,200
2025-11-03 07:11:40,notifications,/send-email,252,200
2025-11-03 07:11:50,auth,/details,495,200
2025-11-03 07:12:00,orders,/checkout,363,200
2025-11-03 07:12:10,notifications,/details,427,200
2025-11-03 07:12:20,auth,/send-email,276,200
2025-11-03 07:12:30,payments,/login,227,200
2025-11-03 07:12:40,catalog,/checkout,414,200
2025-11-03 07:12:50,auth,/checkout,165,200
2025-11-03 07:13:00,notifications,/details,250,200
2025-11-03 07:13:10,payments,/checkout,275,200
2025-11-03 07:13:20,orders,/checkout,141,200
2025-11-03 07:13:30,payments,/items,295,200
2025-11-03 07:13:40,catalog,/checkout,111,200
2025-11-03 07:13:50,notifications,/details,328,200
2025-11-03 07:14:00,notifications,/send-email,142,200
2025-11-03 07:14:10,catalog,/items,362,200
2025-11-03 07:14:20,notifications,/details,345,200
2025-11-03 07:14:30,payments,/checkout,231,200
2025-11-03 07:14:40,auth,/details,153,200
2025-11-03 07:14:50,catalog,/checkout,148,200
2025-11-03 07:15:00,payments,/details,247,200
2025-11-03 07:15:10,payments,/items,262,200
2025-11-03 07:15:20,auth,/login,299,200
2025-11-03 07:15:30,notifications,/checkout,199,200
2025-11-03 07:15:40,auth,/login,288,200
2025-11-03 07:15:50,catalog,/checkout,224,200
2025-11-03 07:16:00,catalog,/details,207,200
2025-11-03 07:16:10,payments,/details,267,200
2025-11-03 07:16:20,orders,/checkout,381,200
2025-11-03 07:16:30,payments,/checkout,188,200
2025-11-03 07:16:40,notifications,/details,418,200
2025-11-03 07:16:50,catalog,/details,482,200
2025-11-03 07:17:00,auth,/checkout,357,200
2025-11-03 07:17:10,auth,/items,183,200
2025-11-03 07:17:20,payments,/details,132,200
2025-11-03 07:17:30,payments,/details,356,200
2025-11-03 07:17:40,auth,/send-email,249,200
2025-11-03 07:17:50,catalog,/details,318,200
2025-11-03 07:18:00,notifications,/checkout,184,200
2025-11-03 07:18:10,catalog,/login,162,200
2025-11-03 07:18:20,notifications,/checkout,297,200
2025-11-03 07:18:30,payments,/send-email,178,200
2025-11-03 07:18:40,catalog,/details,253,200
2025-11-03 07:18:50,catalog,/send-email,248,200
2025-11-03 07:19:00,auth,/checkout,195,200
2025-11-03 07:19:10,auth,/items,254,200
2025-11-03 07:19:20,orders,/send-email,134,200
2025-11-03 07:19:30,orders,/details,245,200
2025-11-03 07:19:40,catalog,/details,297,200
2025-11-03 07:19:50,payments,/details,209,200
2025-11-03 07:20:00,payments,/items,1790,200
2025-11-03 07:20:10,notifications,/items,102,200
2025-11-03 07:20:20,auth,/send-email,248,200
2025-11-03 07:20:30,notifications,/items,149,200
2025-11-03 07:20:40,auth,/login,92,200
2025-11-03 07:20:50,auth,/details,1060,200
2025-11-03 07:21:00,notifications,/items,347,200
2025-11-03 07:21:10,catalog,/send-email,201,200
2025-11-03 07:21:20,notifications,/send-email,245,200
2025-11-03 07:21:30,auth,/send-email,142,200
2025-11-03 07:21:40,catalog,/send-email,378,200
2025-11-03 07:21:50,auth,/items,261,200
2025-11-03 07:22:00,notifications,/login,186,200
2025-11-03 07:22:10,orders,/details,235,200
2025-11-03 07:22:20,catalog,/send-email,187,200
2025-11-03 07:22:30,orders,/items,244,200
2025-11-03 07:22:40,notifications,/send-email,358,200
2025-11-03 07:22:50,payments,/checkout,133,200
2025-11-03 07:23:00,orders,/send-email,316,200
2025-11-03 07:23:10,payments,/send-email,263,200
2025-11-03 07:23:20,payments,/send-email,254,200
2025-11-03 07:23:30,notifications,/login,260,200
2025-11-03 07:23:40,notifications,/checkout,338,200
2025-11-03 07:23:50,notifications,/send-email,225,200
2025-11-03 07:24:00,catalog,/details,235,200
2025-11-03 07:24:10,catalog,/items,27,200
2025-11-03 07:24:20,orders,/send-email,184,200
2025-11-03 07:24:30,notifications,/checkout,325,200
2025-11-03 07:24:40,payments,/items,332,200
2025-11-03 07:24:50,notifications,/items,115,200
2025-11-03 07:25:00,auth,/details,247,200
2025-11-03 07:25:10,notifications,/details,192,200
2025-11-03 07:25:20,payments,/items,298,200
2025-11-03 07:25:30,orders,/details,333,200
2025-11-03 07:25:40,catalog,/details,177,200
2025-11-03 07:25:50,catalog,/checkout,77,200
2025-11-03 07:26:00,notifications,/items,313,200
2025-11-03 07:26:10,payments,/login,229,200
2025-11-03 07:26:20,payments,/details,240,200
2025-11-03 07:26:30,payments,/items,1060,200
2025-11-03 07:26:40,auth,/details,169,200
2025-11-03 07:26:50,catalog,/checkout,323,200
2025-11-03 07:27:00,orders,/items,351,200
2025-11-03 07:27:10,catalog,/login,506,200
2025-11-03 07:27:20,payments,/login,105,200
2025-11-03 07:27:30,catalog,/send-email,274,200
2025-11-03 07:27:40,catalog,/login,232,500
2025-11-03 07:27:50,catalog,/details,267,200
2025-11-03 07:28:00,orders,/send-email,251,200
2025-11-03 07:28:10,notifications,/details,218,500
2025-11-03 07:28:20,orders,/details,262,200
2025-11-03 07:28:30,orders,/login,116,200
2025-11-03 07:28:40,catalog,/details,206,200
2025-11-03 07:28:50,catalog,/login,209,200
2025-11-03 07:29:00,notifications,/send-email,347,200
2025-11-03 07:29:10,notifications,/send-email,355,200
2025-11-03 07:29:20,payments,/details,114,500
2025-11-03 07:29:30,auth,/checkout,261,200
2025-11-03 07:29:40,notifications,/login,170,200
2025-11-03 07:29:50,auth,/details,277,200
2025-11-03 07:30:00,payments,/details,233,200
2025-11-03 07:30:10,notifications,/items,389,200
2025-11-03 07:30:20,notifications,/send-email,278,200
2025-11-03 07:30:30,notifications,/send-email,261,200
2025-11-03 07:30:40,notifications,/login,122,200
2025-11-03 07:30:50,orders,/items,267,200
2025-11-03 07:31:00,payments,/send-email,214,200
2025-11-03 07:31:10,auth,/send-email,230,200
2025-11-03 07:31:20,auth,/details,138,200
2025-11-03 07:31:30,payments,/items,287,200
2025-11-03 07:31:40,notifications,/details,331,200
2025-11-03 07:31:50,auth,/send-email,325,200
2025-11-03 07:32:00,orders,/send-email,196,200
2025-11-03 07:32:10,notifications,/items,226,200
2025-11-03 07:32:20,orders,/send-email,348,200
2025-11-03 07:32:30,notifications,/details,260,200
2025-11-03 07:32:40,catalog,/checkout,205,200
2025-11-03 07:32:50,catalog,/checkout,149,200
2025-11-03 07:33:00,notifications,/details,340,200
2025-11-03 07:33:10,catalog,/checkout,262,200
2025-11-03 07:33:20,orders,/login,203,200
2025-11-03 07:33:30,catalog,/details,170,200
2025-11-03 07:33:40,payments,/login,306,200
2025-11-03 07:33:50,auth,/send-email,402,200
2025-11-03 07:34:00,auth,/items,234,200
2025-11-03 07:34:10,auth,/items,260,200
2025-11-03 07:34:20,payments,/details,394,200
2025-11-03 07:34:30,notifications,/items,265,200
2025-11-03 07:34:40,orders,/items,186,200
2025-11-03 07:34:50,notifications,/details,137,200
2025-11-03 07:35:00,orders,/checkout,246,200
2025-11-03 07:35:10,notifications,/details,161,200
2025-11-03 07:35:20,notifications,/items,285,200
2025-11-03 07:35:30,catalog,/send-email,278,200
2025-11-03 07:35:40,catalog,/checkout,240,200
2025-11-03 07:35:50,orders,/login,216,200
2025-11-03 07:36:00,orders,/login,360,200
2025-11-03 07:36:10,payments,/login,292,200
2025-11-03 07:36:20,orders,/items,266,200
2025-11-03 07:36:30,notifications,/details,241,200
2025-11-03 07:36:40,notifications,/send-email,275,200
2025-11-03 07:36:50,orders,/items,298,200
2025-11-03 07:37:00,orders,/login,239,200
2025-11-03 07:37:10,auth,/details,412,200
2025-11-03 07:37:20,auth,/send-email,116,200
2025-11-03 07:37:30,auth,/login,340,200
2025-11-03 07:37:40,payments,/checkout,236,200
2025-11-03 07:37:50,auth,/send-email,213,200
2025-11-03 07:38:00,orders,/items,328,200
2025-11-03 07:38:10,notifications,/details,222,200
2025-11-03 07:38:20,payments,/items,197,200
2025-11-03 07:38:30,payments,/login,265,200
2025-11-03 07:38:40,payments,/items,212,200
2025-11-03 07:38:50,payments,/checkout,1100,200
2025-11-03 07:39:00,auth,/details,247,200
2025-11-03 07:39:10,notifications,/send-email,217,200
2025-11-03 07:39:20,orders,/items,221,200
2025-11-03 07:39:30,auth,/details,400,200
2025-11-03 07:39:40,catalog,/items,275,200
2025-11-03 07:39:50,orders,/checkout,309,200
2025-11-03 07:40:00,catalog,/items,393,200
2025-11-03 07:40:10,payments,/details,1245,200
2025-11-03 07:40:20,catalog,/checkout,237,200
2025-11-03 07:40:30,notifications,/send-email,257,200
2025-11-03 07:40:40,payments,/send-email,263,200
2025-11-03 07:40:50,orders,/send-email,166,200
2025-11-03 07:41:00,orders,/login,337,200
2025-11-03 07:41:10,notifications,/items,279,200
2025-11-03 07:41:20,auth,/send-email,311,200
2025-11-03 07:41:30,orders,/login,280,200
2025-11-03 07:41:40,payments,/send-email,51,200
2025-11-03 07:41:50,notifications,/login,254,200
2025-11-03 07:42:00,catalog,/send-email,206,200
2025-11-03 07:42:10,auth,/items,225,200
2025-11-03 07:42:20,payments,/items,257,200
2025-11-03 07:42:30,auth,/login,385,200
2025-11-03 07:42:40,notifications,/checkout,230,200
2025-11-03 07:42:50,orders,/login,314,200
2025-11-03 07:43:00,catalog,/send-email,303,200
2025-11-03 07:43:10,orders,/items,318,200
2025-11-03 07:43:20,notifications,/login,262,200
2025-11-03 07:43:30,orders,/checkout,105,200
2025-11-03 07:43:40,auth,/items,190,200
2025-11-03 07:43:50,auth,/login,283,200
2025-11-03 07:44:00,notifications,/checkout,149,200
2025-11-03 07:44:10,catalog,/items,225,200
2025-11-03 07:44:20,payments,/send-email,319,200
2025-11-03 07:44:30,auth,/details,442,200
2025-11-03 07:44:40,notifications,/checkout,251,200
2025-11-03 07:44:50,catalog,/details,107,200
2025-11-03 07:45:00,catalog,/checkout,133,200
2025-11-03 07:45:10,payments,/items,261,200
2025-11-03 07:45:20,notifications,/login,324,200
2025-11-03 07:45:30,orders,/details,184,200
2025-11-03 07:45:40,notifications,/login,215,200
2025-11-03 07:45:50,catalog,/details,233,200
2025-11-03 07:46:00,orders,/login,127,200
2025-11-03 07:46:10,orders,/items,152,200
2025-11-03 07:46:20,payments,/send-email,229,200
2025-11-03 07:46:30,notifications,/items,261,200
2025-11-03 07:46:40,orders,/details,342,200
2025-11-03 07:46:50,catalog,/checkout,259,200
2025-11-03 07:47:00,orders,/items,270,200
2025-11-03 07:47:10,catalog,/details,174,200
2025-11-03 07:47:20,catalog,/details,345,200
2025-11-03 07:47:30,payments,/send-email,220,200
2025-11-03 07:47:40,payments,/login,213,500
2025-11-03 07:47:50,orders,/details,171,200
2025-11-03 07:48:00,orders,/send-email,264,200
2025-11-03 07:48:10,auth,/send-email,289,200
2025-11-03 07:48:20,payments,/checkout,260,200
2025-11-03 07:48:30,notifications,/items,257,200
2025-11-03 07:48:40,orders,/items,88,200
2025-11-03 07:48:50,catalog,/details,224,200
2025-11-03 07:49:00,orders,/login,375,200
2025-11-03 07:49:10,catalog,/checkout,288,200
2025-11-03 07:49:20,auth,/items,282,200
2025-11-03 07:49:30,auth,/items,434,200
2025-11-03 07:49:40,catalog,/checkout,192,200
2025-11-03 07:49:50,notifications,/items,297,200
2025-11-03 07:50:00,catalog,/checkout,340,200
2025-11-03 07:50:10,catalog,/details,324,200
2025-11-03 07:50:20,auth,/send-email,235,200
2025-11-03 07:50:30,orders,/details,189,200
2025-11-03 07:50:40,notifications,/send-email,279,200
2025-11-03 07:50:50,payments,/login,1605,200
2025-11-03 07:51:00,payments,/login,167,200
2025-11-03 07:51:10,orders,/login,160,200
2025-11-03 07:51:20,auth,/send-email,287,200
2025-11-03 07:51:30,payments,/items,202,200
2025-11-03 07:51:40,notifications,/checkout,233,200
2025-11-03 07:51:50,auth,/checkout,250,200
2025-11-03 07:52:00,auth,/checkout,357,200
2025-11-03 07:52:10,notifications,/login,182,200
2025-11-03 07:52:20,payments,/items,216,200
2025-11-03 07:52:30,auth,/send-email,407,200
2025-11-03 07:52:40,auth,/send-email,354,200
2025-11-03 07:52:50,payments,/send-email,295,200
2025-11-03 07:53:00,orders,/details,395,200
2025-11-03 07:53:10,notifications,/items,287,200
2025-11-03 07:53:20,catalog,/details,276,200
2025-11-03 07:53:30,orders,/login,202,200
2025-11-03 07:53:40,notifications,/login,172,200
2025-11-03 07:53:50,auth,/checkout,100,200
2025-11-03 07:54:00,notifications,/items,366,200
2025-11-03 07:54:10,auth,/items,246,200
2025-11-03 07:54:20,payments,/items,173,200
2025-11-03 07:54:30,catalog,/send-email,308,200
2025-11-03 07:54:40,auth,/checkout,336,200
2025-11-03 07:54:50,orders,/details,156,200
2025-11-03 07:55:00,auth,/login,318,200
2025-11-03 07:55:10,auth,/details,188,200
2025-11-03 07:55:20,auth,/login,198,200
2025-11-03 07:55:30,orders,/checkout,202,200
2025-11-03 07:55:40,orders,/checkout,174,200
2025-11-03 07:55:50,orders,/send-email,139,200
2025-11-03 07:56:00,catalog,/items,245,200
2025-11-03 07:56:10,payments,/send-email,283,200
2025-11-03 07:56:20,orders,/checkout,152,200
2025-11-03 07:56:30,catalog,/send-email,227,200
2025-11-03 07:56:40,notifications,/checkout,292,200
2025-11-03 07:56:50,notifications,/checkout,232,200
2025-11-03 07:57:00,catalog,/checkout,179,200
2025-11-03 07:57:10,notifications,/details,414,200
2025-11-03 07:57:20,notifications,/items,393,200
2025-11-03 07:57:30,payments,/send-email,279,200
2025-11-03 07:57:40,auth,/send-email,171,500
2025-11-03 07:57:50,notifications,/items,241,200
2025-11-03 07:58:00,auth,/items,289,200
2025-11-03 07:58:10,notifications,/send-email,364,200
2025-11-03 07:58:20,orders,/send-email,1665,200
2025-11-03 07:58:30,payments,/login,239,200
2025-11-03 07:58:40,orders,/checkout,203,200
2025-11-03 07:58:50,payments,/details,329,200
2025-11-03 07:59:00,payments,/details,217,200
2025-11-03 07:59:10,orders,/checkout,212,200
2025-11-03 07:59:20,orders,/checkout,371,200
2025-11-03 07:59:30,payments,/login,362,200
2025-11-03 07:59:40,auth,/send-email,285,200
2025-11-03 07:59:50,notifications,/details,330,200
2025-11-03 08:00:00,auth,/details,171,200
2025-11-03 08:00:10,orders,/login,318,200
2025-11-03 08:00:20,notifications,/details,181,200
2025-11-03 08:00:30,catalog,/login,178,200
2025-11-03 08:00:40,catalog,/send-email,159,200
2025-11-03 08:00:50,notifications,/items,183,200
2025-11-03 08:01:00,notifications,/send-email,348,200
2025-11-03 08:01:10,orders,/login,176,200
2025-11-03 08:01:20,notifications,/items,261,200
2025-11-03 08:01:30,notifications,/items,289,200
2025-11-03 08:01:40,orders,/items,286,200
2025-11-03 08:01:50,catalog,/items,206,200
2025-11-03 08:02:00,payments,/send-email,75,200
2025-11-03 08:02:10,auth,/checkout,232,200
2025-11-03 08:02:20,payments,/items,143,200
2025-11-03 08:02:30,payments,/login,121,200
2025-11-03 08:02:40,auth,/checkout,266,200
2025-11-03 08:02:50,auth,/items,208,200
2025-11-03 08:03:00,auth,/details,210,200
2025-11-03 08:03:10,notifications,/items,243,200
2025-11-03 08:03:20,orders,/login,236,200
2025-11-03 08:03:30,payments,/items,235,200
2025-11-03 08:03:40,catalog,/details,174,200
2025-11-03 08:03:50,catalog,/details,317,200
2025-11-03 08:04:00,catalog,/checkout,212,200
2025-11-03 08:04:10,auth,/items,270,200
2025-11-03 08:04:20,orders,/login,234,200
2025-11-03 08:04:30,payments,/details,268,500
2025-11-03 08:04:40,catalog,/items,203,200
2025-11-03 08:04:50,catalog,/details,289,200
2025-11-03 08:05:00,auth,/checkout,349,200
2025-11-03 08:05:10,payments,/details,270,200
2025-11-03 08:05:20,payments,/items,266,200
2025-11-03 08:05:30,catalog,/send-email,318,200
2025-11-03 08:05:40,auth,/checkout,155,200
2025-11-03 08:05:50,catalog,/checkout,213,200
2025-11-03 08:06:00,payments,/details,288,200
2025-11-03 08:06:10,catalog,/login,310,200
2025-11-03 08:06:20,payments,/send-email,171,200
2025-11-03 08:06:30,catalog,/items,353,200
2025-11-03 08:06:40,orders,/details,1290,200
2025-11-03 08:06:50,notifications,/checkout,336,200
2025-11-03 08:07:00,payments,/details,177,200
2025-11-03 08:07:10,orders,/checkout,299,200
2025-11-03 08:07:20,catalog,/login,172,200
2025-11-03 08:07:30,notifications,/send-email,118,200
2025-11-03 08:07:40,payments,/send-email,114,200
2025-11-03 08:07:50,catalog,/checkout,237,200
2025-11-03 08:08:00,auth,/items,221,200
2025-11-03 08:08:10,orders,/send-email,199,200
2025-11-03 08:08:20,auth,/items,392,200
2025-11-03 08:08:30,orders,/details,267,200
2025-11-03 08:08:40,auth,/checkout,325,200
2025-11-03 08:08:50,orders,/send-email,269,200
2025-11-03 08:09:00,catalog,/checkout,284,200
2025-11-03 08:09:10,auth,/login,226,200
2025-11-03 08:09:20,catalog,/checkout,192,200
2025-11-03 08:09:30,orders,/send-email,262,200
2025-11-03 08:09:40,auth,/send-email,320,200
2025-11-03 08:09:50,catalog,/checkout,215,200
2025-11-03 08:10:00,catalog,/send-email,291,200
2025-11-03 08:10:10,orders,/checkout,1295,200
2025-11-03 08:10:20,notifications,/items,311,200
2025-11-03 08:10:30,notifications,/login,92,200
2025-11-03 08:10:40,orders,/send-email,122,200
2025-11-03 08:10:50,catalog,/details,323,200
2025-11-03 08:11:00,notifications,/send-email,1615,200
2025-11-03 08:11:10,notifications,/login,295,200
2025-11-03 08:11:20,payments,/login,291,200
2025-11-03 08:11:30,payments,/items,298,200
2025-11-03 08:11:40,orders,/details,317,200
2025-11-03 08:11:50,payments,/login,79,200
2025-11-03 08:12:00,payments,/send-email,249,200
2025-11-03 08:12:10,auth,/checkout,293,200
2025-11-03 08:12:20,auth,/login,159,200
2025-11-03 08:12:30,orders,/items,313,200
2025-11-03 08:12:40,auth,/login,360,200
2025-11-03 08:12:50,orders,/checkout,216,200
2025-11-03 08:13:00,orders,/checkout,320,200
2025-11-03 08:13:10,catalog,/checkout,268,200
2025-11-03 08:13:20,auth,/items,192,200
2025-11-03 08:13:30,payments,/send-email,1130,200
2025-11-03 08:13:40,catalog,/send-email,338,200
2025-11-03 08:13:50,orders,/send-email,199,200
2025-11-03 08:14:00,auth,/send-email,247,200
2025-11-03 08:14:10,payments,/items,172,200
2025-11-03 08:14:20,orders,/items,348,200
2025-11-03 08:14:30,auth,/login,409,200
2025-11-03 08:14:40,payments,/send-email,206,200
2025-11-03 08:14:50,payments,/checkout,214,200
2025-11-03 08:15:00,orders,/login,330,200
2025-11-03 08:15:10,catalog,/send-email,331,200
2025-11-03 08:15:20,auth,/checkout,186,200
2025-11-03 08:15:30,auth,/login,243,200
2025-11-03 08:15:40,auth,/checkout,202,200
2025-11-03 08:15:50,auth,/send-email,204,200
2025-11-03 08:16:00,catalog,/items,265,200
2025-11-03 08:16:10,catalog,/login,249,200
2025-11-03 08:16:20,auth,/items,72,200
2025-11-03 08:16:30,payments,/items,348,200
2025-11-03 08:16:40,catalog,/details,238,200
2025-11-03 08:16:50,payments,/send-email,199,200
2025-11-03 08:17:00,catalog,/login,302,200
2025-11-03 08:17:10,orders,/details,135,200
2025-11-03 08:17:20,auth,/send-email,308,200
2025-11-03 08:17:30,payments,/login,258,200
2025-11-03 08:17:40,catalog,/login,253,200
2025-11-03 08:17:50,payments,/details,213,200
2025-11-03 08:18:00,catalog,/login,50,200
2025-11-03 08:18:10,payments,/items,227,200
2025-11-03 08:18:20,notifications,/details,288,200
2025-11-03 08:18:30,payments,/login,238,200
2025-11-03 08:18:40,catalog,/details,258,200
2025-11-03 08:18:50,catalog,/items,342,200
2025-11-03 08:19:00,payments,/login,173,200
2025-11-03 08:19:10,orders,/login,289,200
2025-11-03 08:19:20,catalog,/send-email,267,200
2025-11-03 08:19:30,payments,/checkout,131,200
2025-11-03 08:19:40,notifications,/send-email,276,200
2025-11-03 08:19:50,auth,/send-email,139,200
