timestamp,service,endpoint,response_time_ms,status_code
2025-11-02 00:00:00,payments,/login,172,200
2025-11-02 00:00:10,catalog,/items,209,200
2025-11-02 00:00:20,payments,/checkout,366,200
2025-11-02 00:00:30,payments,/items,190,200
2025-11-02 00:00:40,catalog,/details,290,200
2025-11-02 00:00:50,payments,/details,277,200
2025-11-02 00:01:00,auth,/checkout,204,200
2025-11-02 00:01:10,notifications,/checkout,296,200
2025-11-02 00:01:20,orders,/send-email,181,200
2025-11-02 00:01:30,auth,/login,264,200
2025-11-02 00:01:40,notifications,/send-email,1360,200
2025-11-02 00:01:50,payments,/items,185,200
2025-11-02 00:02:00,notifications,/send-email,250,200
2025-11-02 00:02:10,payments,/details,222,200
2025-11-02 00:02:20,catalog,/send-email,338,200
2025-11-02 00:02:30,notifications,/details,1145,200
2025-11-02 00:02:40,orders,/items,225,200
2025-11-02 00:02:50,notifications,/send-email,165,200
2025-11-02 00:03:00,orders,/checkout,209,200
2025-11-02 00:03:10,notifications,/details,400,200
2025-11-02 00:03:20,orders,/checkout,230,200
2025-11-02 00:03:30,payments,/checkout,60,200
2025-11-02 00:03:40,orders,/send-email,257,200
2025-11-02 00:03:50,notifications,/items,185,200
2025-11-02 00:04:00,notifications,/send-email,278,200
2025-11-02 00:04:10,catalog,/items,330,200
2025-11-02 00:04:20,notifications,/items,1130,200
2025-11-02 00:04:30,auth,/checkout,186,200
2025-11-02 00:04:40,auth,/send-email,129,200
2025-11-02 00:04:50,catalog,/details,1315,200
2025-11-02 00:05:00,auth,/login,263,200
2025-11-02 00:05:10,payments,/send-email,428,200
2025-11-02 00:05:20,orders,/items,297,200
2025-11-02 00:05:30,catalog,/checkout,126,200
2025-11-02 00:05:40,notifications,/details,1225,200
2025-11-02 00:05:50,auth,/login,235,200
2025-11-02 00:06:00,notifications,/details,313,200
2025-11-02 00:06:10,payments,/checkout,189,200
2025-11-02 00:06:20,notifications,/details,388,200
2025-11-02 00:06:30,payments,/details,192,200
2025-11-02 00:06:40,notifications,/login,234,200
2025-11-02 00:06:50,auth,/login,260,200
2025-11-02 00:07:00,auth,/checkout,251,200
2025-11-02 00:07:10,notifications,/details,253,200
2025-11-02 00:07:20,notifications,/checkout,269,200
2025-11-02 00:07:30,auth,/details,373,200
2025-11-02 00:07:40,catalog,/items,339,200
2025-11-02 00:07:50,catalog,/send-email,316,200
2025-11-02 00:08:00,orders,/send-email,218,200
2025-11-02 00:08:10,orders,/details,34,200
2025-11-02 00:08:20,notifications,/login,336,200
2025-11-02 00:08:30,payments,/checkout,180,200
2025-11-02 00:08:40,payments,/login,212,200
2025-11-02 00:08:50,orders,/checkout,240,200
2025-11-02 00:09:00,notifications,/items,341,200
2025-11-02 00:09:10,catalog,/checkout,409,200
2025-11-02 00:09:20,orders,/details,191,200
2025-11-02 00:09:30,payments,/items,322,200
2025-11-02 00:09:40,notifications,/login,184,200
2025-11-02 00:09:50,orders,/items,268,200
2025-11-02 00:10:00,payments,/checkout,243,200
2025-11-02 00:10:10,catalog,/items,354,200
2025-11-02 00:10:20,catalog,/checkout,341,200
2025-11-02 00:10:30,catalog,/details,398,200
2025-11-02 00:10:40,catalog,/items,184,200
2025-11-02 00:10:50,catalog,/send-email,250,200
2025-11-02 00:11:00,orders,/details,229,200
2025-11-02 00:11:10,catalog,/items,191,200
2025-11-02 00:11:20,auth,/send-email,344,200
2025-11-02 00:11:30,payments,/items,232,200
2025-11-02 00:11:40,payments,/send-email,124,200
2025-11-02 00:11:50,payments,/checkout,201,200
2025-11-02 00:12:00,auth,/items,197,200
2025-11-02 00:12:10,orders,/checkout,155,200
2025-11-02 00:12:20,notifications,/items,106,200
2025-11-02 00:12:30,notifications,/checkout,471,200
2025-11-02 00:12:40,notifications,/details,189,200
2025-11-02 00:12:50,auth,/send-email,122,200
2025-11-02 00:13:00,payments,/send-email,323,200
2025-11-02 00:13:10,orders,/details,259,200
2025-11-02 00:13:20,auth,/checkout,262,200
2025-11-02 00:13:30,catalog,/details,164,200
2025-11-02 00:13:40,catalog,/checkout,65,200
2025-11-02 00:13:50,notifications,/checkout,194,200
2025-11-02 00:14:00,payments,/details,324,200
2025-11-02 00:14:10,auth,/send-email,173,200
2025-11-02 00:14:20,catalog,/items,161,200
2025-11-02 00:14:30,auth,/items,261,200
2025-11-02 00:14:40,notifications,/login,236,200
2025-11-02 00:14:50,catalog,/details,177,200
2025-11-02 00:15:00,orders,/login,302,200
2025-11-02 00:15:10,payments,/items,82,200
2025-11-02 00:15:20,auth,/login,231,200
2025-11-02 00:15:30,payments,/details,264,200
2025-11-02 00:15:40,catalog,/login,277,200
2025-11-02 00:15:50,payments,/details,201,200
2025-11-02 00:16:00,auth,/details,160,200
2025-11-02 00:16:10,payments,/login,225,200
2025-11-02 00:16:20,notifications,/details,220,200
2025-11-02 00:16:30,notifications,/login,175,200
2025-11-02 00:16:40,notifications,/checkout,241,200
2025-11-02 00:16:50,auth,/send-email,348,200
2025-11-02 00:17:00,payments,/details,143,200
2025-11-02 00:17:10,catalog,/items,264,200
2025-11-02 00:17:20,payments,/items,171,200
2025-11-02 00:17:30,auth,/details,1510,200
2025-11-02 00:17:40,notifications,/items,128,200
2025-11-02 00:17:50,auth,/send-email,187,200
2025-11-02 00:18:00,payments,/items,351,200
2025-11-02 00:18:10,notifications,/details,442,200
2025-11-02 00:18:20,orders,/send-email,320,200
2025-11-02 00:18:30,orders,/send-email,300,200
2025-11-02 00:18:40,auth,/login,140,200
2025-11-02 00:18:50,orders,/send-email,252,200
2025-11-02 00:19:00,orders,/login,335,200
2025-11-02 00:19:10,catalog,/send-email,266,200
2025-11-02 00:19:20,catalog,/items,176,200
2025-11-02 00:19:30,notifications,/items,279,200
2025-11-02 00:19:40,payments,/checkout,277,200
2025-11-02 00:19:50,catalog,/items,176,200
2025-11-02 00:20:00,notifications,/details,80,200
2025-11-02 00:20:10,orders,/checkout,239,200
2025-11-02 00:20:20,catalog,/details,267,200
2025-11-02 00:20:30,auth,/details,50,200
2025-11-02 00:20:40,auth,/send-email,399,200
2025-11-02 00:20:50,orders,/checkout,245,200
2025-11-02 00:21:00,notifications,/details,332,200
2025-11-02 00:21:10,catalog,/login,211,500
2025-11-02 00:21:20,notifications,/checkout,298,200
2025-11-02 00:21:30,payments,/items,228,200
2025-11-02 00:21:40,catalog,/send-email,399,200
2025-11-02 00:21:50,notifications,/send-email,328,200
2025-11-02 00:22:00,notifications,/send-email,284,200
2025-11-02 00:22:10,orders,/send-email,186,200
2025-11-02 00:22:20,payments,/details,245,200
2025-11-02 00:22:30,notifications,/items,126,200
2025-11-02 00:22:40,payments,/items,193,200
2025-11-02 00:22:50,auth,/checkout,239,200
2025-11-02 00:23:00,payments,/send-email,149,200
2025-11-02 00:23:10,catalog,/details,450,200
2025-11-02 00:23:20,catalog,/send-email,252,200
2025-11-02 00:23:30,auth,/checkout,286,200
2025-11-02 00:23:40,notifications,/items,49,200
2025-11-02 00:23:50,orders,/items,112,200
2025-11-02 00:24:00,catalog,/items,301,200
2025-11-02 00:24:10,auth,/login,185,200
2025-11-02 00:24:20,payments,/checkout,144,200
2025-11-02 00:24:30,auth,/login,189,200
2025-11-02 00:24:40,catalog,/login,305,200
2025-11-02 00:24:50,payments,/items,206,200
2025-11-02 00:25:00,payments,/checkout,254,200
2025-11-02 00:25:10,catalog,/send-email,129,200
2025-11-02 00:25:20,payments,/details,241,200
2025-11-02 00:25:30,catalog,/send-email,298,200
2025-11-02 00:25:40,catalog,/items,280,200
2025-11-02 00:25:50,payments,/checkout,328,200
2025-11-02 00:26:00,payments,/login,291,200
2025-11-02 00:26:10,catalog,/items,251,200
2025-11-02 00:26:20,orders,/login,158,200
2025-11-02 00:26:30,auth,/checkout,207,200
2025-11-02 00:26:40,notifications,/checkout,239,200
2025-11-02 00:26:50,payments,/send-email,314,500
2025-11-02 00:27:00,orders,/details,284,200
2025-11-02 00:27:10,payments,/details,300,200
2025-11-02 00:27:20,auth,/login,265,200
2025-11-02 00:27:30,payments,/details,359,200
2025-11-02 00:27:40,catalog,/send-email,192,200
2025-11-02 00:27:50,notifications,/send-email,169,200
2025-11-02 00:28:00,auth,/details,221,200
2025-11-02 00:28:10,notifications,/items,308,500
2025-11-02 00:28:20,payments,/details,395,200
2025-11-02 00:28:30,catalog,/login,309,200
2025-11-02 00:28:40,orders,/items,309,200
2025-11-02 00:28:50,auth,/items,229,200
2025-11-02 00:29:00,notifications,/send-email,129,200
2025-11-02 00:29:10,orders,/items,168,200
2025-11-02 00:29:20,catalog,/send-email,278,200
2025-11-02 00:29:30,orders,/checkout,318,200
2025-11-02 00:29:40,orders,/items,336,200
2025-11-02 00:29:50,auth,/login,249,200
2025-11-02 00:30:00,payments,/send-email,280,200
2025-11-02 00:30:10,catalog,/checkout,256,200
2025-11-02 00:30:20,catalog,/send-email,280,200
2025-11-02 00:30:30,auth,/details,126,200
2025-11-02 00:30:40,catalog,/checkout,393,200
2025-11-02 00:30:50,auth,/send-email,73,200
2025-11-02 00:31:00,orders,/details,220,200
2025-11-02 00:31:10,orders,/send-email,297,200
2025-11-02 00:31:20,catalog,/checkout,224,200
2025-11-02 00:31:30,auth,/items,201,200
2025-11-02 00:31:40,orders,/details,273,200
2025-11-02 00:31:50,auth,/send-email,150,200
2025-11-02 00:32:00,auth,/details,320,200
2025-11-02 00:32:10,catalog,/items,165,200
2025-11-02 00:32:20,orders,/items,306,200
2025-11-02 00:32:30,notifications,/send-email,269,200
2025-11-02 00:32:40,orders,/checkout,212,500
2025-11-02 00:32:50,catalog,/details,144,200
2025-11-02 00:33:00,auth,/checkout,410,200
2025-11-02 00:33:10,payments,/send-email,264,200
2025-11-02 00:33:20,notifications,/send-email,234,200
2025-11-02 00:33:30,payments,/details,275,200
2025-11-02 00:33:40,payments,/details,335,200
2025-11-02 00:33:50,catalog,/send-email,296,200
2025-11-02 00:34:00,payments,/items,234,200
2025-11-02 00:34:10,payments,/items,320,200
2025-11-02 00:34:20,catalog,/items,249,200
2025-11-02 00:34:30,catalog,/details,103,200
2025-11-02 00:34:40,auth,/send-email,336,200
2025-11-02 00:34:50,catalog,/login,236,200
2025-11-02 00:35:00,orders,/send-email,179,200
2025-11-02 00:35:10,auth,/login,127,200
2025-11-02 00:35:20,notifications,/login,213,200
2025-11-02 00:35:30,payments,/send-email,247,200
2025-11-02 00:35:40,notifications,/send-email,323,200
2025-11-02 00:35:50,auth,/login,333,200
2025-11-02 00:36:00,auth,/checkout,313,200
2025-11-02 00:36:10,notifications,/checkout,196,200
2025-11-02 00:36:20,payments,/login,123,200
2025-11-02 00:36:30,catalog,/checkout,302,200
2025-11-02 00:36:40,notifications,/items,261,200
2025-11-02 00:36:50,payments,/items,172,500
2025-11-02 00:37:00,notifications,/details,208,200
2025-11-02 00:37:10,catalog,/checkout,233,200
2025-11-02 00:37:20,payments,/details,342,200
2025-11-02 00:37:30,catalog,/send-email,243,200
2025-11-02 00:37:40,payments,/checkout,225,200
2025-11-02 00:37:50,auth,/login,270,200
2025-11-02 00:38:00,orders,/items,290,200
2025-11-02 00:38:10,auth,/checkout,65,200
2025-11-02 00:38:20,payments,/items,253,200
2025-11-02 00:38:30,notifications,/login,250,200
2025-11-02 00:38:40,auth,/items,1465,200
2025-11-02 00:38:50,catalog,/details,236,200
2025-11-02 00:39:00,notifications,/checkout,247,200
2025-11-02 00:39:10,catalog,/details,312,200
2025-11-02 00:39:20,payments,/details,206,200
2025-11-02 00:39:30,auth,/checkout,346,200
2025-11-02 00:39:40,auth,/items,293,500
2025-11-02 00:39:50,payments,/items,186,200
2025-11-02 00:40:00,auth,/checkout,246,200
2025-11-02 00:40:10,auth,/items,310,200
2025-11-02 00:40:20,auth,/items,264,200
2025-11-02 00:40:30,catalog,/login,212,200
2025-11-02 00:40:40,auth,/send-email,303,200
2025-11-02 00:40:50,orders,/items,216,200
2025-11-02 00:41:00,catalog,/details,143,200
2025-11-02 00:41:10,payments,/login,423,200
2025-11-02 00:41:20,notifications,/checkout,340,200
2025-11-02 00:41:30,auth,/items,401,200
2025-11-02 00:41:40,catalog,/items,245,200
2025-11-02 00:41:50,payments,/send-email,373,200
2025-11-02 00:42:00,auth,/items,193,200
2025-11-02 00:42:10,orders,/checkout,496,200
2025-11-02 00:42:20,payments,/login,382,200
2025-11-02 00:42:30,orders,/checkout,198,200
2025-11-02 00:42:40,payments,/send-email,191,200
2025-11-02 00:42:50,payments,/details,317,200
2025-11-02 00:43:00,auth,/details,400,200
2025-11-02 00:43:10,auth,/details,376,200
2025-11-02 00:43:20,notifications,/details,163,200
2025-11-02 00:43:30,auth,/send-email,357,200
2025-11-02 00:43:40,catalog,/details,245,200
2025-11-02 00:43:50,notifications,/checkout,113,200
2025-11-02 00:44:00,orders,/details,399,200
2025-11-02 00:44:10,catalog,/checkout,407,200
2025-11-02 00:44:20,auth,/send-email,327,200
2025-11-02 00:44:30,payments,/send-email,240,500
2025-11-02 00:44:40,catalog,/details,310,200
2025-11-02 00:44:50,payments,/checkout,297,200
2025-11-02 00:45:00,notifications,/details,173,200
2025-11-02 00:45:10,notifications,/items,71,200
2025-11-02 00:45:20,auth,/checkout,276,200
2025-11-02 00:45:30,catalog,/checkout,253,200
2025-11-02 00:45:40,auth,/items,237,200
2025-11-02 00:45:50,catalog,/items,351,200
2025-11-02 00:46:00,auth,/checkout,161,200
2025-11-02 00:46:10,orders,/details,332,200
2025-11-02 00:46:20,auth,/items,165,200
2025-11-02 00:46:30,payments,/send-email,187,200
2025-11-02 00:46:40,catalog,/checkout,271,200
2025-11-02 00:46:50,notifications,/checkout,317,200
2025-11-02 00:47:00,auth,/login,269,200
2025-11-02 00:47:10,orders,/login,200,200
2025-11-02 00:47:20,auth,/checkout,259,200
2025-11-02 00:47:30,notifications,/items,79,200
2025-11-02 00:47:40,notifications,/items,179,200
2025-11-02 00:47:50,payments,/checkout,91,200
2025-11-02 00:48:00,catalog,/send-email,269,200
2025-11-02 00:48:10,auth,/send-email,263,200
2025-11-02 00:48:20,orders,/checkout,311,200
2025-11-02 00:48:30,payments,/checkout,345,200
2025-11-02 00:48:40,auth,/details,217,200
2025-11-02 00:48:50,orders,/details,348,200
2025-11-02 00:49:00,orders,/checkout,339,200
2025-11-02 00:49:10,auth,/send-email,246,200
2025-11-02 00:49:20,notifications,/send-email,203,200
2025-11-02 00:49:30,auth,/send-email,205,200
2025-11-02 00:49:40,payments,/login,257,200
2025-11-02 00:49:50,orders,/login,279,200
2025-11-02 00:50:00,catalog,/checkout,206,200
2025-11-02 00:50:10,payments,/send-email,338,200
2025-11-02 00:50:20,orders,/send-email,382,200
2025-11-02 00:50:30,orders,/login,287,200
2025-11-02 00:50:40,orders,/login,287,200
2025-11-02 00:50:50,payments,/checkout,251,500
2025-11-02 00:51:00,notifications,/send-email,239,200
2025-11-02 00:51:10,notifications,/checkout,295,200
2025-11-02 00:51:20,notifications,/details,379,200
2025-11-02 00:51:30,catalog,/checkout,186,200
2025-11-02 00:51:40,notifications,/details,211,200
2025-11-02 00:51:50,catalog,/login,279,200
2025-11-02 00:52:00,auth,/items,340,200
2025-11-02 00:52:10,catalog,/details,690,200
2025-11-02 00:52:20,orders,/details,332,200
2025-11-02 00:52:30,orders,/details,255,500
2025-11-02 00:52:40,notifications,/items,190,200
2025-11-02 00:52:50,orders,/items,146,200
2025-11-02 00:53:00,catalog,/items,275,200
2025-11-02 00:53:10,orders,/items,208,200
2025-11-02 00:53:20,orders,/send-email,307,200
2025-11-02 00:53:30,auth,/send-email,140,200
2025-11-02 00:53:40,payments,/details,203,200
2025-11-02 00:53:50,orders,/send-email,356,200
2025-11-02 00:54:00,catalog,/send-email,240,200
2025-11-02 00:54:10,payments,/send-email,183,200
2025-11-02 00:54:20,auth,/send-email,235,200
2025-11-02 00:54:30,catalog,/send-email,291,200
2025-11-02 00:54:40,catalog,/send-email,211,200
2025-11-02 00:54:50,orders,/checkout,203,200
2025-11-02 00:55:00,notifications,/details,241,200
2025-11-02 00:55:10,notifications,/checkout,51,200
2025-11-02 00:55:20,auth,/details,317,200
2025-11-02 00:55:30,orders,/send-email,285,200
2025-11-02 00:55:40,orders,/send-email,372,200
2025-11-02 00:55:50,orders,/details,258,200
2025-11-02 00:56:00,orders,/checkout,186,200
2025-11-02 00:56:10,catalog,/login,148,200
2025-11-02 00:56:20,notifications,/details,304,200
2025-11-02 00:56:30,payments,/checkout,349,200
2025-11-02 00:56:40,notifications,/checkout,210,200
2025-11-02 00:56:50,catalog,/items,1310,200
2025-11-02 00:57:00,payments,/details,189,200
2025-11-02 00:57:10,orders,/items,224,200
2025-11-02 00:57:20,payments,/send-email,201,200
2025-11-02 00:57:30,catalog,/checkout,249,200
2025-11-02 00:57:40,payments,/items,382,200
2025-11-02 00:57:50,payments,/send-email,185,200
2025-11-02 00:58:00,auth,/send-email,214,200
2025-11-02 00:58:10,auth,/checkout,233,200
2025-11-02 00:58:20,catalog,/items,150,200
2025-11-02 00:58:30,payments,/details,175,200
2025-11-02 00:58:40,catalog,/checkout,144,200
2025-11-02 00:58:50,orders,/send-email,173,200
2025-11-02 00:59:00,orders,/checkout,240,200
2025-11-02 00:59:10,notifications,/send-email,224,200
2025-11-02 00:59:20,orders,/login,290,200
2025-11-02 00:59:30,orders,/items,342,200
2025-11-02 00:59:40,catalog,/send-email,333,200
2025-11-02 00:59:50,auth,/checkout,225,200
2025-11-02 01:00:00,payments,/checkout,318,200
2025-11-02 01:00:10,payments,/send-email,860,200
2025-11-02 01:00:20,payments,/checkout,231,200
2025-11-02 01:00:30,payments,/login,289,200
2025-11-02 01:00:40,notifications,/checkout,354,200
2025-11-02 01:00:50,catalog,/details,190,200
2025-11-02 01:01:00,payments,/send-email,266,200
2025-11-02 01:01:10,orders,/send-email,249,200
2025-11-02 01:01:20,orders,/send-email,352,200
2025-11-02 01:01:30,auth,/checkout,449,200
2025-11-02 01:01:40,payments,/items,263,200
2025-11-02 01:01:50,payments,/details,404,200
2025-11-02 01:02:00,auth,/details,448,200
2025-11-02 01:02:10,payments,/checkout,336,200
2025-11-02 01:02:20,notifications,/send-email,442,200
2025-11-02 01:02:30,catalog,/details,276,200
2025-11-02 01:02:40,catalog,/details,233,200
2025-11-02 01:02:50,catalog,/details,239,200
2025-11-02 01:03:00,payments,/checkout,312,200
2025-11-02 01:03:10,payments,/checkout,254,200
2025-11-02 01:03:20,payments,/details,290,200
2025-11-02 01:03:30,notifications,/details,310,200
2025-11-02 01:03:40,notifications,/details,268,200
2025-11-02 01:03:50,orders,/details,262,200
2025-11-02 01:04:00,payments,/items,110,200
2025-11-02 01:04:10,notifications,/send-email,160,200
2025-11-02 01:04:20,auth,/login,217,200
2025-11-02 01:04:30,auth,/details,267,200
2025-11-02 01:04:40,payments,/checkout,250,200
2025-11-02 01:04:50,catalog,/items,145,200
2025-11-02 01:05:00,orders,/login,145,200
2025-11-02 01:05:10,notifications,/send-email,400,200
2025-11-02 01:05:20,catalog,/login,231,200
2025-11-02 01:05:30,payments,/items,356,200
2025-11-02 01:05:40,payments,/details,88,200
2025-11-02 01:05:50,payments,/details,273,200
2025-11-02 01:06:00,catalog,/login,283,200
2025-11-02 01:06:10,payments,/send-email,147,200
2025-11-02 01:06:20,payments,/send-email,183,200
2025-11-02 01:06:30,notifications,/checkout,1385,200
2025-11-02 01:06:40,payments,/checkout,346,200
2025-11-02 01:06:50,payments,/checkout,10,200
2025-11-02 01:07:00,orders,/items,173,200
2025-11-02 01:07:10,orders,/checkout,373,200
2025-11-02 01:07:20,catalog,/checkout,67,200
2025-11-02 01:07:30,payments,/details,202,200
2025-11-02 01:07:40,orders,/items,349,200
2025-11-02 01:07:50,notifications,/login,286,200
2025-11-02 01:08:00,payments,/details,138,200
2025-11-02 01:08:10,notifications,/login,299,200
2025-11-02 01:08:20,notifications,/details,241,200
2025-11-02 01:08:30,orders,/checkout,343,200
2025-11-02 01:08:40,auth,/details,277,200
2025-11-02 01:08:50,orders,/details,254,200
2025-11-02 01:09:00,notifications,/checkout,250,200
2025-11-02 01:09:10,catalog,/details,199,200
2025-11-02 01:09:20,notifications,/checkout,269,200
2025-11-02 01:09:30,payments,/checkout,175,200
2025-11-02 01:09:40,auth,/items,293,200
2025-11-02 01:09:50,catalog,/send-email,346,200
2025-11-02 01:10:00,catalog,/send-email,122,200
2025-11-02 01:10:10,auth,/items,231,200
2025-11-02 01:10:20,catalog,/items,249,200
2025-11-02 01:10:30,notifications,/login,297,200
2025-11-02 01:10:40,notifications,/checkout,221,200
2025-11-02 01:10:50,auth,/login,196,200
2025-11-02 01:11:00,notifications,/items,234,200
2025-11-02 01:11:10,catalog,/details,182,200
2025-11-02 01:11:20,notifications,/send-email,221,200
2025-11-02 01:11:30,auth,/checkout,1435,200
2025-11-02 01:11:40,orders,/send-email,256,200
2025-11-02 01:11:50,auth,/login,178,200
2025-11-02 01:12:00,payments,/checkout,192,200
2025-11-02 01:12:10,payments,/login,273,200
2025-11-02 01:12:20,payments,/items,281,200
2025-11-02 01:12:30,catalog,/checkout,350,200
2025-11-02 01:12:40,orders,/items,206,200
2025-11-02 01:12:50,payments,/checkout,234,200
2025-11-02 01:13:00,payments,/details,385,200
2025-11-02 01:13:10,notifications,/items,217,500
2025-11-02 01:13:20,notifications,/login,345,200
2025-11-02 01:13:30,auth,/send-email,218,200
2025-11-02 01:13:40,orders,/details,205,200
2025-11-02 01:13:50,notifications,/items,390,200
2025-11-02 01:14:00,payments,/send-email,250,200
2025-11-02 01:14:10,auth,/checkout,296,200
2025-11-02 01:14:20,payments,/login,186,200
2025-11-02 01:14:30,orders,/send-email,259,200
2025-11-02 01:14:40,catalog,/send-email,236,200
2025-11-02 01:14:50,auth,/send-email,240,200
2025-11-02 01:15:00,notifications,/send-email,252,200
2025-11-02 01:15:10,catalog,/details,94,500
2025-11-02 01:15:20,notifications,/send-email,463,200
2025-11-02 01:15:30,notifications,/send-email,299,200
2025-11-02 01:15:40,orders,/details,170,200
2025-11-02 01:15:50,notifications,/send-email,115,200
2025-11-02 01:16:00,notifications,/items,249,200
2025-11-02 01:16:10,catalog,/details,229,200
2025-11-02 01:16:20,payments,/login,156,200
2025-11-02 01:16:30,payments,/details,256,200
2025-11-02 01:16:40,notifications,/login,174,200
2025-11-02 01:16:50,catalog,/details,260,200
2025-11-02 01:17:00,orders,/items,253,200
2025-11-02 01:17:10,catalog,/items,248,200
2025-11-02 01:17:20,payments,/login,283,200
2025-11-02 01:17:30,payments,/details,900,200
2025-11-02 01:17:40,payments,/send-email,220,200
2025-11-02 01:17:50,catalog,/checkout,272,200
2025-11-02 01:18:00,payments,/login,1355,200
2025-11-02 01:18:10,notifications,/checkout,152,200
2025-11-02 01:18:20,notifications,/send-email,172,200
2025-11-02 01:18:30,auth,/send-email,240,200
2025-11-02 01:18:40,auth,/send-email,137,200
2025-11-02 01:18:50,orders,/login,285,200
2025-11-02 01:19:00,catalog,/items,122,200
2025-11-02 01:19:10,auth,/items,298,200
2025-11-02 01:19:20,orders,/login,165,200
2025-11-02 01:19:30,auth,/checkout,243,200
2025-11-02 01:19:40,catalog,/checkout,91,200
2025-11-02 01:19:50,catalog,/login,419,200
2025-11-02 01:20:00,catalog,/details,382,200
2025-11-02 01:20:10,payments,/details,309,200
2025-11-02 01:20:20,auth,/items,135,200
2025-11-02 01:20:30,payments,/items,270,200
2025-11-02 01:20:40,auth,/items,228,200
2025-11-02 01:20:50,notifications,/details,277,200
2025-11-02 01:21:00,payments,/details,273,200
2025-11-02 01:21:10,notifications,/details,41,200
2025-11-02 01:21:20,orders,/items,339,200
2025-11-02 01:21:30,payments,/send-email,238,200
2025-11-02 01:21:40,orders,/items,248,200
2025-11-02 01:21:50,catalog,/details,155,200
2025-11-02 01:22:00,auth,/login,155,200
2025-11-02 01:22:10,auth,/checkout,229,200
2025-11-02 01:22:20,payments,/checkout,281,200
2025-11-02 01:22:30,catalog,/items,205,200
2025-11-02 01:22:40,orders,/login,246,200
2025-11-02 01:22:50,auth,/checkout,266,200
2025-11-02 01:23:00,orders,/items,306,200
2025-11-02 01:23:10,orders,/details,328,200
2025-11-02 01:23:20,orders,/send-email,195,200
2025-11-02 01:23:30,catalog,/login,329,200
2025-11-02 01:23:40,payments,/checkout,154,200
2025-11-02 01:23:50,notifications,/details,200,200
2025-11-02 01:24:00,catalog,/login,336,200
2025-11-02 01:24:10,payments,/items,309,200
2025-11-02 01:24:20,notifications,/checkout,206,200
2025-11-02 01:24:30,orders,/send-email,309,200
2025-11-02 01:24:40,notifications,/checkout,308,200
2025-11-02 01:24:50,catalog,/send-email,182,200
2025-11-02 01:25:00,auth,/items,245,200
2025-11-02 01:25:10,auth,/login,373,200
2025-11-02 01:25:20,payments,/checkout,96,200
2025-11-02 01:25:30,catalog,/checkout,211,200
2025-11-02 01:25:40,auth,/send-email,324,200
2025-11-02 01:25:50,notifications,/send-email,250,200
2025-11-02 01:26:00,auth,/details,165,200
2025-11-02 01:26:10,payments,/items,216,200
2025-11-02 01:26:20,catalog,/details,336,200
2025-11-02 01:26:30,payments,/send-email,456,200
2025-11-02 01:26:40,notifications,/items,254,200
2025-11-02 01:26:50,payments,/items,227,200
2025-11-02 01:27:00,payments,/login,217,200
2025-11-02 01:27:10,payments,/login,237,200
2025-11-02 01:27:20,catalog,/login,195,200
2025-11-02 01:27:30,auth,/checkout,244,200
2025-11-02 01:27:40,auth,/details,258,200
2025-11-02 01:27:50,catalog,/checkout,260,200
2025-11-02 01:28:00,auth,/items,330,200
2025-11-02 01:28:10,payments,/checkout,302,200
2025-11-02 01:28:20,catalog,/send-email,144,200
2025-11-02 01:28:30,auth,/send-email,352,500
2025-11-02 01:28:40,payments,/send-email,154,200
2025-11-02 01:28:50,orders,/checkout,265,200
2025-11-02 01:29:00,notifications,/checkout,199,200
2025-11-02 01:29:10,orders,/details,231,200
2025-11-02 01:29:20,orders,/login,271,200
2025-11-02 01:29:30,payments,/details,155,200
2025-11-02 01:29:40,orders,/items,193,200
2025-11-02 01:29:50,catalog,/checkout,310,200
2025-11-02 01:30:00,orders,/login,284,200
2025-11-02 01:30:10,catalog,/login,207,200
2025-11-02 01:30:20,catalog,/login,346,200
2025-11-02 01:30:30,orders,/checkout,354,200
2025-11-02 01:30:40,catalog,/checkout,850,200
2025-11-02 01:30:50,catalog,/send-email,126,200
2025-11-02 01:31:00,orders,/login,289,200
2025-11-02 01:31:10,auth,/details,165,200
2025-11-02 01:31:20,notifications,/details,146,200
2025-11-02 01:31:30,orders,/items,204,200
2025-11-02 01:31:40,orders,/checkout,149,200
2025-11-02 01:31:50,payments,/items,317,200
2025-11-02 01:32:00,notifications,/items,241,200
2025-11-02 01:32:10,catalog,/login,138,200
2025-11-02 01:32:20,catalog,/checkout,299,200
2025-11-02 01:32:30,catalog,/checkout,274,200
2025-11-02 01:32:40,catalog,/items,187,200
2025-11-02 01:32:50,orders,/login,1370,200
2025-11-02 01:33:00,auth,/send-email,243,200
2025-11-02 01:33:10,notifications,/send-email,194,200
2025-11-02 01:33:20,notifications,/details,33,200
2025-11-02 01:33:30,payments,/checkout,194,200
2025-11-02 01:33:40,auth,/details,261,200
2025-11-02 01:33:50,catalog,/details,388,200
2025-11-02 01:34:00,notifications,/items,259,200
2025-11-02 01:34:10,payments,/send-email,332,200
2025-11-02 01:34:20,orders,/checkout,300,200
2025-11-02 01:34:30,payments,/send-email,179,200
2025-11-02 01:34:40,auth,/send-email,203,200
2025-11-02 01:34:50,auth,/items,317,200
2025-11-02 01:35:00,orders,/details,356,200
2025-11-02 01:35:10,payments,/details,129,200
2025-11-02 01:35:20,payments,/checkout,136,500
2025-11-02 01:35:30,auth,/items,182,200
2025-11-02 01:35:40,catalog,/send-email,320,200
2025-11-02 01:35:50,payments,/send-email,399,200
2025-11-02 01:36:00,notifications,/items,414,200
2025-11-02 01:36:10,notifications,/send-email,356,200
2025-11-02 01:36:20,notifications,/details,403,200
2025-11-02 01:36:30,auth,/login,273,200
2025-11-02 01:36:40,payments,/checkout,358,200
2025-11-02 01:36:50,catalog,/details,151,200
2025-11-02 01:37:00,orders,/details,317,200
2025-11-02 01:37:10,orders,/send-email,378,200
2025-11-02 01:37:20,notifications,/send-email,196,200
2025-11-02 01:37:30,catalog,/details,148,200
2025-11-02 01:37:40,orders,/items,201,200
2025-11-02 01:37:50,catalog,/login,102,500
2025-11-02 01:38:00,notifications,/login,309,200
2025-11-02 01:38:10,payments,/details,136,200
2025-11-02 01:38:20,orders,/items,208,200
2025-11-02 01:38:30,catalog,/details,272,200
2025-11-02 01:38:40,catalog,/checkout,167,200
2025-11-02 01:38:50,catalog,/items,242,200
2025-11-02 01:39:00,auth,/items,238,200
2025-11-02 01:39:10,auth,/login,156,200
2025-11-02 01:39:20,catalog,/checkout,17,200
2025-11-02 01:39:30,orders,/checkout,275,200
2025-11-02 01:39:40,catalog,/send-email,456,200
2025-11-02 01:39:50,auth,/checkout,415,200
2025-11-02 01:40:00,payments,/details,285,200
2025-11-02 01:40:10,catalog,/send-email,121,200
2025-11-02 01:40:20,auth,/send-email,172,200
2025-11-02 01:40:30,catalog,/details,370,200
2025-11-02 01:40:40,auth,/send-email,374,200
2025-11-02 01:40:50,payments,/login,371,200
2025-11-02 01:41:00,auth,/details,142,200
2025-11-02 01:41:10,auth,/login,173,200
2025-11-02 01:41:20,auth,/details,426,200
2025-11-02 01:41:30,orders,/details,200,500
2025-11-02 01:41:40,payments,/items,362,200
2025-11-02 01:41:50,auth,/send-email,319,200
2025-11-02 01:42:00,orders,/send-email,230,200
2025-11-02 01:42:10,catalog,/items,293,200
2025-11-02 01:42:20,auth,/login,319,200
2025-11-02 01:42:30,notifications,/items,163,200
2025-11-02 01:42:40,orders,/send-email,195,200
2025-11-02 01:42:50,orders,/items,266,200
2025-11-02 01:43:00,auth,/details,146,200
2025-11-02 01:43:10,auth,/checkout,233,200
2025-11-02 01:43:20,payments,/items,127,200
2025-11-02 01:43:30,catalog,/checkout,124,200
2025-11-02 01:43:40,catalog,/details,130,200
2025-11-02 01:43:50,payments,/items,231,200
2025-11-02 01:44:00,auth,/checkout,1055,200
2025-11-02 01:44:10,notifications,/login,281,200
2025-11-02 01:44:20,catalog,/send-email,162,200
2025-11-02 01:44:30,orders,/items,275,200
2025-11-02 01:44:40,auth,/checkout,257,500
2025-11-02 01:44:50,auth,/items,127,200
2025-11-02 01:45:00,auth,/checkout,252,200
2025-11-02 01:45:10,auth,/send-email,181,200
2025-11-02 01:45:20,catalog,/send-email,293,200
2025-11-02 01:45:30,auth,/login,461,200
2025-11-02 01:45:40,payments,/details,194,200
2025-11-02 01:45:50,auth,/checkout,344,200
2025-11-02 01:46:00,orders,/login,395,200
2025-11-02 01:46:10,notifications,/checkout,164,200
2025-11-02 01:46:20,payments,/send-email,134,200
2025-11-02 01:46:30,catalog,/items,157,200
2025-11-02 01:46:40,auth,/checkout,218,200
2025-11-02 01:46:50,notifications,/details,290,200
2025-11-02 01:47:00,payments,/items,309,200
2025-11-02 01:47:10,notifications,/send-email,343,200
2025-11-02 01:47:20,auth,/details,333,200
2025-11-02 01:47:30,notifications,/details,110,200
2025-11-02 01:47:40,notifications,/send-email,266,200
2025-11-02 01:47:50,catalog,/checkout,156,200
2025-11-02 01:48:00,catalog,/checkout,102,500
2025-11-02 01:48:10,auth,/login,311,200
2025-11-02 01:48:20,auth,/details,331,200
2025-11-02 01:48:30,notifications,/checkout,291,200
2025-11-02 01:48:40,catalog,/items,322,200
2025-11-02 01:48:50,payments,/send-email,391,200
2025-11-02 01:49:00,notifications,/send-email,281,200
2025-11-02 01:49:10,catalog,/checkout,231,200
2025-11-02 01:49:20,auth,/items,360,200
2025-11-02 01:49:30,auth,/checkout,230,200
2025-11-02 01:49:40,catalog,/login,140,200
2025-11-02 01:49:50,catalog,/login,227,200
2025-11-02 01:50:00,orders,/send-email,207,200
2025-11-02 01:50:10,auth,/send-email,163,200
2025-11-02 01:50:20,auth,/details,116,200
2025-11-02 01:50:30,payments,/details,341,500
2025-11-02 01:50:40,auth,/login,138,200
2025-11-02 01:50:50,payments,/checkout,201,200
2025-11-02 01:51:00,orders,/checkout,163,200
2025-11-02 01:51:10,catalog,/items,342,200
2025-11-02 01:51:20,payments,/send-email,66,200
2025-11-02 01:51:30,catalog,/login,279,200
2025-11-02 01:51:40,notifications,/checkout,255,200
2025-11-02 01:51:50,notifications,/details,214,200
2025-11-02 01:52:00,auth,/details,167,200
2025-11-02 01:52:10,auth,/items,299,200
2025-11-02 01:52:20,catalog,/details,260,200
2025-11-02 01:52:30,orders,/details,242,200
2025-11-02 01:52:40,orders,/details,310,500
2025-11-02 01:52:50,orders,/send-email,178,200
2025-11-02 01:53:00,notifications,/checkout,272,200
2025-11-02 01:53:10,auth,/details,232,200
2025-11-02 01:53:20,auth,/send-email,290,200
2025-11-02 01:53:30,payments,/items,256,200
2025-11-02 01:53:40,payments,/send-email,94,200
2025-11-02 01:53:50,auth,/login,262,200
2025-11-02 01:54:00,notifications,/login,257,200
2025-11-02 01:54:10,payments,/login,262,200
2025-11-02 01:54:20,auth,/send-email,405,200
2025-11-02 01:54:30,catalog,/checkout,266,200
2025-11-02 01:54:40,auth,/details,250,200
2025-11-02 01:54:50,catalog,/send-email,95,200
2025-11-02 01:55:00,catalog,/login,357,200
2025-11-02 01:55:10,notifications,/checkout,234,200
2025-11-02 01:55:20,payments,/details,174,200
2025-11-02 01:55:30,notifications,/details,262,200
2025-11-02 01:55:40,orders,/login,279,200
2025-11-02 01:55:50,payments,/checkout,316,200
2025-11-02 01:56:00,notifications,/details,206,200
2025-11-02 01:56:10,catalog,/checkout,325,200
2025-11-02 01:56:20,payments,/checkout,395,200
2025-11-02 01:56:30,payments,/login,251,200
2025-11-02 01:56:40,payments,/details,292,200
2025-11-02 01:56:50,catalog,/items,220,200
2025-11-02 01:57:00,orders,/details,273,500
2025-11-02 01:57:10,orders,/details,340,200
2025-11-02 01:57:20,auth,/login,350,200
2025-11-02 01:57:30,catalog,/checkout,228,200
2025-11-02 01:57:40,notifications,/checkout,226,200
2025-11-02 01:57:50,auth,/items,246,200
2025-11-02 01:58:00,notifications,/send-email,294,200
2025-11-02 01:58:10,notifications,/items,194,200
2025-11-02 01:58:20,payments,/details,345,200
2025-11-02 01:58:30,auth,/login,192,200
2025-11-02 01:58:40,payments,/checkout,259,200
2025-11-02 01:58:50,auth,/details,141,200
2025-11-02 01:59:00,payments,/details,163,200
2025-11-02 01:59:10,auth,/items,262,200
2025-11-02 01:59:20,catalog,/send-email,336,200
2025-11-02 01:59:30,orders,/items,156,200
2025-11-02 01:59:40,catalog,/login,245,200
2025-11-02 01:59:50,catalog,/items,205,200
2025-11-02 02:00:00,notifications,/items,336,200
2025-11-02 02:00:10,auth,/login,200,200
2025-11-02 02:00:20,catalog,/send-email,194,200
2025-11-02 02:00:30,orders,/send-email,219,200
2025-11-02 02:00:40,notifications,/details,269,200
2025-11-02 02:00:50,payments,/send-email,355,200
2025-11-02 02:01:00,payments,/items,290,200
2025-11-02 02:01:10,orders,/checkout,248,200
2025-11-02 02:01:20,notifications,/login,202,200
2025-11-02 02:01:30,payments,/login,277,200
2025-11-02 02:01:40,orders,/send-email,570,200
2025-11-02 02:01:50,payments,/checkout,113,200
2025-11-02 02:02:00,payments,/items,286,200
2025-11-02 02:02:10,notifications,/details,248,200
2025-11-02 02:02:20,notifications,/send-email,105,200
2025-11-02 02:02:30,auth,/login,261,200
2025-11-02 02:02:40,notifications,/login,351,200
2025-11-02 02:02:50,payments,/send-email,206,200
2025-11-02 02:03:00,orders,/send-email,458,200
2025-11-02 02:03:10,payments,/send-email,213,200
2025-11-02 02:03:20,orders,/send-email,194,200
2025-11-02 02:03:30,payments,/send-email,254,200
2025-11-02 02:03:40,auth,/login,240,200
2025-11-02 02:03:50,payments,/login,138,200
2025-11-02 02:04:00,orders,/send-email,173,200
2025-11-02 02:04:10,catalog,/send-email,269,200
2025-11-02 02:04:20,catalog,/login,113,200
2025-11-02 02:04:30,auth,/send-email,311,200
2025-11-02 02:04:40,payments,/details,368,200
2025-11-02 02:04:50,notifications,/send-email,178,200
2025-11-02 02:05:00,payments,/login,685,200
2025-11-02 02:05:10,payments,/checkout,279,200
2025-11-02 02:05:20,orders,/checkout,252,200
2025-11-02 02:05:30,catalog,/send-email,256,200
2025-11-02 02:05:40,auth,/send-email,147,200
2025-11-02 02:05:50,auth,/items,200,200
2025-11-02 02:06:00,notifications,/details,301,200
2025-11-02 02:06:10,auth,/checkout,443,200
2025-11-02 02:06:20,orders,/details,995,500
2025-11-02 02:06:30,payments,/items,171,200
2025-11-02 02:06:40,payments,/details,271,200
2025-11-02 02:06:50,notifications,/details,176,200
2025-11-02 02:07:00,notifications,/login,360,200
2025-11-02 02:07:10,orders,/details,1170,200
2025-11-02 02:07:20,notifications,/items,251,200
2025-11-02 02:07:30,auth,/login,321,200
2025-11-02 02:07:40,auth,/login,146,200
2025-11-02 02:07:50,notifications,/details,125,200
2025-11-02 02:08:00,orders,/details,212,200
2025-11-02 02:08:10,auth,/checkout,352,200
2025-11-02 02:08:20,catalog,/login,319,200
2025-11-02 02:08:30,catalog,/login,168,200
2025-11-02 02:08:40,notifications,/login,216,200
2025-11-02 02:08:50,catalog,/items,267,200
2025-11-02 02:09:00,auth,/login,248,200
2025-11-02 02:09:10,catalog,/details,100,200
2025-11-02 02:09:20,notifications,/login,267,200
2025-11-02 02:09:30,auth,/checkout,299,200
2025-11-02 02:09:40,orders,/login,434,200
2025-11-02 02:09:50,notifications,/send-email,240,200
2025-11-02 02:10:00,catalog,/details,228,200
2025-11-02 02:10:10,notifications,/login,140,200
2025-11-02 02:10:20,payments,/details,275,200
2025-11-02 02:10:30,catalog,/details,282,200
2025-11-02 02:10:40,payments,/items,189,200
2025-11-02 02:10:50,payments,/login,283,200
2025-11-02 02:11:00,payments,/send-email,350,200
2025-11-02 02:11:10,notifications,/items,288,200
2025-11-02 02:11:20,orders,/login,134,200
2025-11-02 02:11:30,payments,/login,344,200
2025-11-02 02:11:40,catalog,/details,385,200
2025-11-02 02:11:50,payments,/items,312,200
2025-11-02 02:12:00,catalog,/items,195,200
2025-11-02 02:12:10,auth,/send-email,128,200
2025-11-02 02:12:20,payments,/details,341,200
2025-11-02 02:12:30,auth,/checkout,368,200
2025-11-02 02:12:40,catalog,/items,178,200
2025-11-02 02:12:50,auth,/details,217,200
2025-11-02 02:13:00,orders,/details,128,200
2025-11-02 02:13:10,payments,/send-email,163,200
2025-11-02 02:13:20,catalog,/login,163,200
2025-11-02 02:13:30,payments,/login,302,500
2025-11-02 02:13:40,auth,/login,201,200
2025-11-02 02:13:50,catalog,/checkout,153,200
2025-11-02 02:14:00,auth,/items,359,200
2025-11-02 02:14:10,orders,/checkout,283,200
2025-11-02 02:14:20,catalog,/login,129,200
2025-11-02 02:14:30,catalog,/items,308,200
2025-11-02 02:14:40,orders,/details,315,200
2025-11-02 02:14:50,catalog,/login,230,200
2025-11-02 02:15:00,payments,/send-email,218,200
2025-11-02 02:15:10,payments,/items,262,200
2025-11-02 02:15:20,payments,/items,227,200
2025-11-02 02:15:30,payments,/details,248,200
2025-11-02 02:15:40,orders,/details,279,200
2025-11-02 02:15:50,notifications,/send-email,145,200
2025-11-02 02:16:00,auth,/checkout,105,200
2025-11-02 02:16:10,orders,/items,247,200
2025-11-02 02:16:20,notifications,/login,391,200
2025-11-02 02:16:30,auth,/checkout,27,200
2025-11-02 02:16:40,payments,/details,310,500
2025-11-02 02:16:50,orders,/checkout,192,200
2025-11-02 02:17:00,auth,/checkout,336,200
2025-11-02 02:17:10,notifications,/checkout,200,200
2025-11-02 02:17:20,notifications,/checkout,193,200
2025-11-02 02:17:30,payments,/login,162,200
2025-11-02 02:17:40,catalog,/details,60,200
2025-11-02 02:17:50,catalog,/send-email,256,200
2025-11-02 02:18:00,payments,/items,213,200
2025-11-02 02:18:10,catalog,/items,338,200
2025-11-02 02:18:20,payments,/details,320,200
2025-11-02 02:18:30,auth,/send-email,248,200
2025-11-02 02:18:40,payments,/details,305,200
2025-11-02 02:18:50,catalog,/details,304,200
2025-11-02 02:19:00,orders,/details,235,200
2025-11-02 02:19:10,orders,/details,209,200
2025-11-02 02:19:20,orders,/login,252,200
2025-11-02 02:19:30,orders,/send-email,293,200
2025-11-02 02:19:40,notifications,/send-email,227,200
2025-11-02 02:19:50,notifications,/send-email,341,200
2025-11-02 02:20:00,auth,/checkout,160,200
2025-11-02 02:20:10,orders,/login,281,200
2025-11-02 02:20:20,catalog,/checkout,249,200
2025-11-02 02:20:30,auth,/checkout,291,200
2025-11-02 02:20:40,auth,/login,175,200
2025-11-02 02:20:50,auth,/items,880,200
2025-11-02 02:21:00,notifications,/checkout,295,200
2025-11-02 02:21:10,orders,/send-email,417,200
2025-11-02 02:21:20,catalog,/send-email,285,200
2025-11-02 02:21:30,payments,/send-email,139,200
2025-11-02 02:21:40,payments,/checkout,312,200
2025-11-02 02:21:50,payments,/items,136,200
2025-11-02 02:22:00,orders,/details,91,200
2025-11-02 02:22:10,notifications,/items,281,200
2025-11-02 02:22:20,catalog,/checkout,215,200
2025-11-02 02:22:30,orders,/items,198,200
2025-11-02 02:22:40,catalog,/login,215,200
2025-11-02 02:22:50,notifications,/login,396,200
2025-11-02 02:23:00,orders,/checkout,389,200
2025-11-02 02:23:10,notifications,/send-email,211,200
2025-11-02 02:23:20,catalog,/send-email,226,200
2025-11-02 02:23:30,auth,/checkout,193,200
2025-11-02 02:23:40,auth,/items,448,200
2025-11-02 02:23:50,auth,/items,196,200
2025-11-02 02:24:00,auth,/checkout,645,200
2025-11-02 02:24:10,orders,/checkout,325,200
2025-11-02 02:24:20,catalog,/login,296,200
2025-11-02 02:24:30,catalog,/details,261,200
2025-11-02 02:24:40,orders,/checkout,257,200
2025-11-02 02:24:50,notifications,/login,366,200
2025-11-02 02:25:00,orders,/details,329,200
2025-11-02 02:25:10,auth,/send-email,296,200
2025-11-02 02:25:20,orders,/items,273,200
2025-11-02 02:25:30,payments,/send-email,180,200
2025-11-02 02:25:40,catalog,/items,177,200
2025-11-02 02:25:50,notifications,/details,314,200
2025-11-02 02:26:00,payments,/login,392,200
2025-11-02 02:26:10,orders,/checkout,176,200
2025-11-02 02:26:20,orders,/checkout,271,200
2025-11-02 02:26:30,orders,/send-email,293,200
2025-11-02 02:26:40,payments,/login,150,200
2025-11-02 02:26:50,auth,/send-email,223,200
2025-11-02 02:27:00,payments,/login,189,200
2025-11-02 02:27:10,payments,/send-email,175,200
2025-11-02 02:27:20,orders,/details,125,200
2025-11-02 02:27:30,notifications,/items,209,200
2025-11-02 02:27:40,notifications,/items,279,200
2025-11-02 02:27:50,catalog,/items,231,200
2025-11-02 02:28:00,orders,/details,307,200
2025-11-02 02:28:10,payments,/items,292,200
2025-11-02 02:28:20,orders,/login,307,200
2025-11-02 02:28:30,payments,/details,288,200
2025-11-02 02:28:40,orders,/details,217,200
2025-11-02 02:28:50,auth,/login,318,200
2025-11-02 02:29:00,catalog,/checkout,164,200
2025-11-02 02:29:10,payments,/details,571,200
2025-11-02 02:29:20,auth,/send-email,289,200
2025-11-02 02:29:30,auth,/items,219,200
2025-11-02 02:29:40,catalog,/checkout,281,200
2025-11-02 02:29:50,notifications,/login,282,200
2025-11-02 02:30:00,catalog,/details,307,200
2025-11-02 02:30:10,payments,/send-email,407,200
2025-11-02 02:30:20,auth,/login,234,200
2025-11-02 02:30:30,orders,/login,99,200
2025-11-02 02:30:40,payments,/send-email,96,200
2025-11-02 02:30:50,catalog,/checkout,231,200
2025-11-02 02:31:00,auth,/send-email,301,200
2025-11-02 02:31:10,payments,/checkout,337,200
2025-11-02 02:31:20,auth,/items,328,200
2025-11-02 02:31:30,orders,/send-email,322,200
2025-11-02 02:31:40,payments,/checkout,410,200
2025-11-02 02:31:50,catalog,/send-email,364,200
2025-11-02 02:32:00,orders,/items,243,200
2025-11-02 02:32:10,payments,/details,286,200
2025-11-02 02:32:20,catalog,/details,224,200
2025-11-02 02:32:30,payments,/items,144,200
2025-11-02 02:32:40,catalog,/send-email,113,200
2025-11-02 02:32:50,catalog,/checkout,261,200
2025-11-02 02:33:00,payments,/send-email,1105,200
2025-11-02 02:33:10,orders,/send-email,391,200
2025-11-02 02:33:20,notifications,/login,336,200
2025-11-02 02:33:30,orders,/items,190,200
2025-11-02 02:33:40,auth,/items,247,200
2025-11-02 02:33:50,catalog,/send-email,107,200
2025-11-02 02:34:00,catalog,/items,177,200
2025-11-02 02:34:10,catalog,/checkout,332,200
2025-11-02 02:34:20,catalog,/login,303,500
2025-11-02 02:34:30,payments,/checkout,233,200
2025-11-02 02:34:40,notifications,/login,291,200
2025-11-02 02:34:50,notifications,/login,400,200
2025-11-02 02:35:00,notifications,/login,236,200
2025-11-02 02:35:10,catalog,/send-email,166,200
2025-11-02 02:35:20,payments,/login,257,200
2025-11-02 02:35:30,payments,/login,217,200
2025-11-02 02:35:40,orders,/items,231,200
2025-11-02 02:35:50,auth,/checkout,235,200
2025-11-02 02:36:00,payments,/items,322,200
2025-11-02 02:36:10,payments,/details,225,200
2025-11-02 02:36:20,auth,/items,259,200
2025-11-02 02:36:30,auth,/send-email,208,200
2025-11-02 02:36:40,payments,/login,245,200
2025-11-02 02:36:50,orders,/details,319,200
2025-11-02 02:37:00,orders,/details,310,200
2025-11-02 02:37:10,notifications,/items,240,200
2025-11-02 02:37:20,auth,/send-email,151,200
2025-11-02 02:37:30,notifications,/send-email,203,200
2025-11-02 02:37:40,orders,/login,181,200
2025-11-02 02:37:50,notifications,/send-email,292,200
2025-11-02 02:38:00,payments,/items,269,200
2025-11-02 02:38:10,notifications,/checkout,220,200
2025-11-02 02:38:20,notifications,/checkout,252,200
2025-11-02 02:38:30,payments,/send-email,338,200
2025-11-02 02:38:40,notifications,/checkout,250,200
2025-11-02 02:38:50,catalog,/checkout,173,200
2025-11-02 02:39:00,auth,/items,237,200
2025-11-02 02:39:10,notifications,/login,326,200
2025-11-02 02:39:20,catalog,/checkout,289,200
2025-11-02 02:39:30,notifications,/send-email,102,200
2025-11-02 02:39:40,catalog,/items,201,200
2025-11-02 02:39:50,auth,/items,207,200
2025-11-02 02:40:00,payments,/login,152,200
2025-11-02 02:40:10,orders,/items,161,200
2025-11-02 02:40:20,catalog,/login,211,200
2025-11-02 02:40:30,payments,/details,123,200
2025-11-02 02:40:40,catalog,/items,356,200
2025-11-02 02:40:50,notifications,/details,227,200
2025-11-02 02:41:00,notifications,/send-email,193,200
2025-11-02 02:41:10,notifications,/checkout,322,200
2025-11-02 02:41:20,auth,/checkout,150,200
2025-11-02 02:41:30,notifications,/login,333,200
2025-11-02 02:41:40,catalog,/details,300,200
2025-11-02 02:41:50,orders,/send-email,304,200
2025-11-02 02:42:00,auth,/details,184,200
2025-11-02 02:42:10,notifications,/items,214,200
2025-11-02 02:42:20,payments,/login,235,200
2025-11-02 02:42:30,notifications,/login,411,200
2025-11-02 02:42:40,auth,/checkout,137,200
2025-11-02 02:42:50,payments,/checkout,152,200
2025-11-02 02:43:00,payments,/items,181,200
2025-11-02 02:43:10,auth,/items,381,200
2025-11-02 02:43:20,orders,/login,326,200
2025-11-02 02:43:30,auth,/send-email,382,200
2025-11-02 02:43:40,orders,/send-email,274,200
2025-11-02 02:43:50,auth,/details,321,200
2025-11-02 02:44:00,notifications,/details,203,200
2025-11-02 02:44:10,auth,/login,327,500
2025-11-02 02:44:20,auth,/send-email,246,200
2025-11-02 02:44:30,catalog,/login,198,200
2025-11-02 02:44:40,auth,/login,411,200
2025-11-02 02:44:50,payments,/checkout,294,200
2025-11-02 02:45:00,payments,/checkout,211,200
2025-11-02 02:45:10,catalog,/details,250,200
2025-11-02 02:45:20,notifications,/items,323,200
2025-11-02 02:45:30,auth,/details,183,200
2025-11-02 02:45:40,payments,/send-email,330,200
2025-11-02 02:45:50,payments,/send-email,257,200
2025-11-02 02:46:00,notifications,/login,354,200
2025-11-02 02:46:10,catalog,/checkout,323,200
2025-11-02 02:46:20,auth,/send-email,198,200
2025-11-02 02:46:30,auth,/checkout,208,200
2025-11-02 02:46:40,catalog,/details,212,200
2025-11-02 02:46:50,orders,/send-email,120,200
2025-11-02 02:47:00,orders,/details,221,200
2025-11-02 02:47:10,catalog,/checkout,248,200
2025-11-02 02:47:20,payments,/send-email,318,200
2025-11-02 02:47:30,notifications,/checkout,300,200
2025-11-02 02:47:40,payments,/login,129,200
2025-11-02 02:47:50,catalog,/login,293,200
2025-11-02 02:48:00,auth,/details,252,200
2025-11-02 02:48:10,auth,/send-email,340,200
2025-11-02 02:48:20,auth,/items,237,200
2025-11-02 02:48:30,orders,/checkout,384,200
2025-11-02 02:48:40,orders,/checkout,226,200
2025-11-02 02:48:50,notifications,/details,328,200
2025-11-02 02:49:00,auth,/details,278,200
2025-11-02 02:49:10,catalog,/checkout,171,200
2025-11-02 02:49:20,auth,/send-email,333,200
2025-11-02 02:49:30,notifications,/login,32,200
2025-11-02 02:49:40,notifications,/details,216,200
2025-11-02 02:49:50,notifications,/checkout,2055,200
2025-11-02 02:50:00,catalog,/login,198,200
2025-11-02 02:50:10,catalog,/items,361,500
2025-11-02 02:50:20,notifications,/login,352,200
2025-11-02 02:50:30,payments,/login,235,200
2025-11-02 02:50:40,catalog,/login,238,500
2025-11-02 02:50:50,auth,/items,189,200
2025-11-02 02:51:00,notifications,/items,196,200
2025-11-02 02:51:10,orders,/items,153,200
2025-11-02 02:51:20,auth,/send-email,117,200
2025-11-02 02:51:30,notifications,/checkout,174,200
2025-11-02 02:51:40,catalog,/send-email,329,200
2025-11-02 02:51:50,payments,/login,280,200
2025-11-02 02:52:00,catalog,/items,260,200
2025-11-02 02:52:10,auth,/send-email,242,200
2025-11-02 02:52:20,orders,/details,278,200
2025-11-02 02:52:30,auth,/send-email,221,200
2025-11-02 02:52:40,payments,/checkout,162,200
2025-11-02 02:52:50,notifications,/checkout,238,200
2025-11-02 02:53:00,notifications,/details,276,200
2025-11-02 02:53:10,catalog,/send-email,370,200
2025-11-02 02:53:20,catalog,/checkout,233,200
2025-11-02 02:53:30,orders,/login,221,200
2025-11-02 02:53:40,orders,/send-email,308,200
2025-11-02 02:53:50,payments,/items,319,200
2025-11-02 02:54:00,catalog,/send-email,163,200
2025-11-02 02:54:10,catalog,/details,368,200
2025-11-02 02:54:20,payments,/send-email,359,500
2025-11-02 02:54:30,payments,/login,227,200
2025-11-02 02:54:40,auth,/send-email,125,200
2025-11-02 02:54:50,auth,/items,128,200
2025-11-02 02:55:00,notifications,/details,214,200
2025-11-02 02:55:10,notifications,/checkout,223,200
2025-11-02 02:55:20,catalog,/checkout,174,200
2025-11-02 02:55:30,orders,/send-email,2005,200
2025-11-02 02:55:40,payments,/send-email,415,200
2025-11-02 02:55:50,auth,/send-email,185,200
2025-11-02 02:56:00,notifications,/login,371,200
2025-11-02 02:56:10,payments,/send-email,252,200
2025-11-02 02:56:20,catalog,/items,302,200
2025-11-02 02:56:30,auth,/items,255,200
2025-11-02 02:56:40,payments,/login,250,200
2025-11-02 02:56:50,catalog,/login,37,200
2025-11-02 02:57:00,payments,/items,306,200
2025-11-02 02:57:10,notifications,/send-email,220,200
2025-11-02 02:57:20,auth,/items,121,200
2025-11-02 02:57:30,catalog,/login,229,200
2025-11-02 02:57:40,orders,/login,360,200
2025-11-02 02:57:50,notifications,/send-email,348,200
2025-11-02 02:58:00,auth,/send-email,320,200
2025-11-02 02:58:10,catalog,/details,399,200
2025-11-02 02:58:20,payments,/items,136,200
2025-11-02 02:58:30,auth,/checkout,204,200
2025-11-02 02:58:40,payments,/send-email,397,200
2025-11-02 02:58:50,catalog,/items,226,200
2025-11-02 02:59:00,notifications,/checkout,278,200
2025-11-02 02:59:10,notifications,/send-email,287,200
2025-11-02 02:59:20,auth,/checkout,249,200
2025-11-02 02:59:30,payments,/details,423,200
2025-11-02 02:59:40,catalog,/items,183,200
2025-11-02 02:59:50,catalog,/details,346,200
2025-11-02 03:00:00,notifications,/items,290,200
2025-11-02 03:00:10,auth,/items,299,200
2025-11-02 03:00:20,catalog,/details,231,200
2025-11-02 03:00:30,payments,/checkout,238,200
2025-11-02 03:00:40,catalog,/items,210,200
2025-11-02 03:00:50,orders,/login,323,200
2025-11-02 03:01:00,auth,/send-email,202,200
2025-11-02 03:01:10,payments,/details,230,200
2025-11-02 03:01:20,notifications,/details,383,200
2025-11-02 03:01:30,auth,/details,376,200
2025-11-02 03:01:40,orders,/checkout,341,200
2025-11-02 03:01:50,auth,/login,163,200
2025-11-02 03:02:00,auth,/checkout,271,200
2025-11-02 03:02:10,auth,/send-email,165,200
2025-11-02 03:02:20,catalog,/checkout,293,200
2025-11-02 03:02:30,payments,/items,262,200
2025-11-02 03:02:40,payments,/details,154,200
2025-11-02 03:02:50,payments,/details,236,200
2025-11-02 03:03:00,catalog,/details,307,200
2025-11-02 03:03:10,orders,/login,261,200
2025-11-02 03:03:20,payments,/send-email,187,200
2025-11-02 03:03:30,orders,/send-email,126,200
2025-11-02 03:03:40,orders,/checkout,318,200
2025-11-02 03:03:50,orders,/items,251,200
2025-11-02 03:04:00,auth,/checkout,265,200
2025-11-02 03:04:10,catalog,/send-email,269,200
2025-11-02 03:04:20,payments,/items,258,200
2025-11-02 03:04:30,notifications,/login,221,200
2025-11-02 03:04:40,notifications,/items,200,200
2025-11-02 03:04:50,orders,/send-email,151,200
2025-11-02 03:05:00,catalog,/details,332,200
2025-11-02 03:05:10,orders,/details,404,200
2025-11-02 03:05:20,payments,/items,210,200
2025-11-02 03:05:30,auth,/items,274,200
2025-11-02 03:05:40,payments,/checkout,260,200
2025-11-02 03:05:50,payments,/checkout,266,200
2025-11-02 03:06:00,notifications,/items,174,200
2025-11-02 03:06:10,notifications,/login,327,200
2025-11-02 03:06:20,payments,/login,338,200
2025-11-02 03:06:30,orders,/checkout,240,200
2025-11-02 03:06:40,payments,/items,149,200
2025-11-02 03:06:50,orders,/details,350,200
2025-11-02 03:07:00,payments,/checkout,256,200
2025-11-02 03:07:10,catalog,/send-email,177,200
2025-11-02 03:07:20,notifications,/checkout,254,200
2025-11-02 03:07:30,auth,/details,223,200
2025-11-02 03:07:40,payments,/checkout,220,200
2025-11-02 03:07:50,auth,/send-email,325,200
2025-11-02 03:08:00,catalog,/items,333,200
2025-11-02 03:08:10,auth,/items,248,200
2025-11-02 03:08:20,catalog,/checkout,119,200
2025-11-02 03:08:30,catalog,/login,1445,200
2025-11-02 03:08:40,catalog,/details,237,200
2025-11-02 03:08:50,auth,/details,346,200
2025-11-02 03:09:00,notifications,/checkout,252,200
2025-11-02 03:09:10,auth,/send-email,290,200
2025-11-02 03:09:20,notifications,/checkout,342,200
2025-11-02 03:09:30,notifications,/details,304,200
2025-11-02 03:09:40,catalog,/checkout,278,200
2025-11-02 03:09:50,auth,/checkout,180,200
2025-11-02 03:10:00,catalog,/login,264,200
2025-11-02 03:10:10,payments,/details,257,200
2025-11-02 03:10:20,orders,/send-email,335,200
2025-11-02 03:10:30,catalog,/send-email,228,200
2025-11-02 03:10:40,catalog,/login,249,200
2025-11-02 03:10:50,orders,/details,260,200
2025-11-02 03:11:00,orders,/items,119,200
2025-11-02 03:11:10,payments,/login,270,200
2025-11-02 03:11:20,auth,/login,191,200
2025-11-02 03:11:30,payments,/details,331,200
2025-11-02 03:11:40,auth,/details,136,200
2025-11-02 03:11:50,catalog,/send-email,240,200
2025-11-02 03:12:00,catalog,/items,219,500
2025-11-02 03:12:10,payments,/details,134,200
2025-11-02 03:12:20,notifications,/login,295,200
2025-11-02 03:12:30,orders,/items,332,200
2025-11-02 03:12:40,auth,/items,321,200
2025-11-02 03:12:50,payments,/details,298,200
2025-11-02 03:13:00,catalog,/details,1445,200
2025-11-02 03:13:10,notifications,/items,445,200
2025-11-02 03:13:20,orders,/send-email,291,500
2025-11-02 03:13:30,catalog,/items,254,200
2025-11-02 03:13:40,auth,/details,322,200
2025-11-02 03:13:50,orders,/items,220,200
2025-11-02 03:14:00,auth,/items,220,200
2025-11-02 03:14:10,auth,/login,339,200
2025-11-02 03:14:20,auth,/items,203,200
2025-11-02 03:14:30,catalog,/send-email,238,200
2025-11-02 03:14:40,orders,/checkout,204,200
2025-11-02 03:14:50,catalog,/details,197,200
2025-11-02 03:15:00,orders,/items,223,200
2025-11-02 03:15:10,catalog,/checkout,279,200
2025-11-02 03:15:20,notifications,/details,309,200
2025-11-02 03:15:30,notifications,/details,126,200
2025-11-02 03:15:40,catalog,/checkout,269,200
2025-11-02 03:15:50,orders,/send-email,305,500
2025-11-02 03:16:00,auth,/login,180,200
2025-11-02 03:16:10,orders,/login,219,200
2025-11-02 03:16:20,auth,/send-email,314,200
2025-11-02 03:16:30,orders,/items,206,200
2025-11-02 03:16:40,payments,/details,317,200
2025-11-02 03:16:50,notifications,/items,281,200
2025-11-02 03:17:00,catalog,/items,408,200
2025-11-02 03:17:10,orders,/login,232,200
2025-11-02 03:17:20,orders,/login,251,200
2025-11-02 03:17:30,orders,/items,180,200
2025-11-02 03:17:40,auth,/items,272,200
2025-11-02 03:17:50,notifications,/details,215,200
2025-11-02 03:18:00,payments,/items,199,200
2025-11-02 03:18:10,orders,/login,155,200
2025-11-02 03:18:20,catalog,/send-email,280,200
2025-11-02 03:18:30,catalog,/details,259,200
2025-11-02 03:18:40,orders,/items,346,200
2025-11-02 03:18:50,orders,/send-email,312,200
2025-11-02 03:19:00,catalog,/checkout,363,200
2025-11-02 03:19:10,notifications,/items,153,200
2025-11-02 03:19:20,orders,/items,154,200
2025-11-02 03:19:30,auth,/login,253,200
2025-11-02 03:19:40,catalog,/details,208,200
2025-11-02 03:19:50,notifications,/items,298,200
2025-11-02 03:20:00,notifications,/checkout,243,200
2025-11-02 03:20:10,payments,/items,257,200
2025-11-02 03:20:20,payments,/send-email,248,200
2025-11-02 03:20:30,payments,/send-email,172,200
2025-11-02 03:20:40,orders,/send-email,177,200
2025-11-02 03:20:50,auth,/login,1400,200
2025-11-02 03:21:00,auth,/checkout,137,200
2025-11-02 03:21:10,catalog,/details,284,200
2025-11-02 03:21:20,orders,/items,207,200
2025-11-02 03:21:30,catalog,/login,250,200
2025-11-02 03:21:40,orders,/login,205,200
2025-11-02 03:21:50,orders,/checkout,237,200
2025-11-02 03:22:00,payments,/checkout,117,200
2025-11-02 03:22:10,notifications,/login,269,200
2025-11-02 03:22:20,catalog,/checkout,289,200
2025-11-02 03:22:30,orders,/details,273,200
2025-11-02 03:22:40,auth,/details,263,200
2025-11-02 03:22:50,notifications,/send-email,63,200
2025-11-02 03:23:00,payments,/login,129,200
2025-11-02 03:23:10,notifications,/items,235,200
2025-11-02 03:23:20,catalog,/details,134,200
2025-11-02 03:23:30,payments,/checkout,388,200
2025-11-02 03:23:40,notifications,/checkout,532,200
2025-11-02 03:23:50,orders,/details,149,200
2025-11-02 03:24:00,payments,/details,268,200
2025-11-02 03:24:10,catalog,/items,193,200
2025-11-02 03:24:20,orders,/login,300,200
2025-11-02 03:24:30,payments,/checkout,289,200
2025-11-02 03:24:40,orders,/login,118,200
2025-11-02 03:24:50,orders,/checkout,297,200
2025-11-02 03:25:00,auth,/details,354,200
2025-11-02 03:25:10,orders,/send-email,207,200
2025-11-02 03:25:20,orders,/details,130,200
2025-11-02 03:25:30,orders,/checkout,161,200
2025-11-02 03:25:40,payments,/details,45,200
2025-11-02 03:25:50,notifications,/send-email,457,200
2025-11-02 03:26:00,auth,/send-email,200,200
2025-11-02 03:26:10,auth,/details,234,200
2025-11-02 03:26:20,notifications,/checkout,327,200
2025-11-02 03:26:30,notifications,/login,246,200
2025-11-02 03:26:40,auth,/details,202,200
2025-11-02 03:26:50,auth,/details,214,200
2025-11-02 03:27:00,auth,/login,368,200
2025-11-02 03:27:10,catalog,/details,264,200
2025-11-02 03:27:20,catalog,/details,161,200
2025-11-02 03:27:30,payments,/details,209,200
2025-11-02 03:27:40,orders,/send-email,294,200
2025-11-02 03:27:50,payments,/login,307,200
2025-11-02 03:28:00,orders,/send-email,171,200
2025-11-02 03:28:10,catalog,/send-email,192,200
2025-11-02 03:28:20,catalog,/login,1260,200
2025-11-02 03:28:30,auth,/login,278,200
2025-11-02 03:28:40,catalog,/details,299,200
2025-11-02 03:28:50,auth,/items,267,200
2025-11-02 03:29:00,catalog,/login,249,200
2025-11-02 03:29:10,orders,/login,243,200
2025-11-02 03:29:20,notifications,/checkout,221,200
2025-11-02 03:29:30,notifications,/login,299,200
2025-11-02 03:29:40,auth,/send-email,170,200
2025-11-02 03:29:50,payments,/login,248,200
2025-11-02 03:30:00,orders,/checkout,186,200
2025-11-02 03:30:10,notifications,/items,306,200
2025-11-02 03:30:20,auth,/login,1525,200
2025-11-02 03:30:30,notifications,/details,229,200
2025-11-02 03:30:40,notifications,/details,238,200
2025-11-02 03:30:50,orders,/details,366,200
2025-11-02 03:31:00,auth,/details,349,200
2025-11-02 03:31:10,catalog,/login,238,200
2025-11-02 03:31:20,orders,/details,220,200
2025-11-02 03:31:30,notifications,/login,254,200
2025-11-02 03:31:40,orders,/items,167,200
2025-11-02 03:31:50,notifications,/send-email,275,200
2025-11-02 03:32:00,auth,/send-email,229,200
2025-11-02 03:32:10,payments,/login,142,200
2025-11-02 03:32:20,catalog,/send-email,170,200
2025-11-02 03:32:30,orders,/checkout,237,200
2025-11-02 03:32:40,payments,/checkout,117,200
2025-11-02 03:32:50,payments,/send-email,419,200
2025-11-02 03:33:00,catalog,/items,180,200
2025-11-02 03:33:10,payments,/checkout,395,200
2025-11-02 03:33:20,orders,/login,201,200
2025-11-02 03:33:30,orders,/checkout,268,200
2025-11-02 03:33:40,orders,/details,318,200
2025-11-02 03:33:50,auth,/checkout,277,200
2025-11-02 03:34:00,notifications,/login,290,200
2025-11-02 03:34:10,orders,/checkout,232,200
2025-11-02 03:34:20,payments,/checkout,133,200
2025-11-02 03:34:30,notifications,/login,290,200
2025-11-02 03:34:40,orders,/items,354,200
2025-11-02 03:34:50,orders,/login,135,200
2025-11-02 03:35:00,orders,/details,176,200
2025-11-02 03:35:10,notifications,/login,261,200
2025-11-02 03:35:20,orders,/details,234,200
2025-11-02 03:35:30,payments,/details,310,200
2025-11-02 03:35:40,orders,/details,233,200
2025-11-02 03:35:50,orders,/items,293,200
2025-11-02 03:36:00,auth,/send-email,190,200
2025-11-02 03:36:10,orders,/checkout,168,200
2025-11-02 03:36:20,orders,/send-email,304,200
2025-11-02 03:36:30,orders,/checkout,285,200
2025-11-02 03:36:40,auth,/checkout,222,200
2025-11-02 03:36:50,payments,/items,212,200
2025-11-02 03:37:00,notifications,/items,245,200
2025-11-02 03:37:10,auth,/details,190,200
2025-11-02 03:37:20,catalog,/login,304,200
2025-11-02 03:37:30,orders,/send-email,170,200
2025-11-02 03:37:40,catalog,/details,284,200
2025-11-02 03:37:50,orders,/details,376,200
2025-11-02 03:38:00,catalog,/checkout,321,200
2025-11-02 03:38:10,notifications,/items,306,200
2025-11-02 03:38:20,auth,/items,1170,200
2025-11-02 03:38:30,catalog,/items,271,500
2025-11-02 03:38:40,auth,/send-email,298,200
2025-11-02 03:38:50,notifications,/details,212,200
2025-11-02 03:39:00,catalog,/items,252,200
2025-11-02 03:39:10,catalog,/login,320,200
2025-11-02 03:39:20,auth,/checkout,326,200
2025-11-02 03:39:30,auth,/send-email,282,200
2025-11-02 03:39:40,orders,/send-email,269,200
2025-11-02 03:39:50,auth,/login,274,200
2025-11-02 03:40:00,orders,/send-email,78,200
2025-11-02 03:40:10,orders,/details,284,200
2025-11-02 03:40:20,notifications,/items,190,200
2025-11-02 03:40:30,notifications,/details,1925,200
2025-11-02 03:40:40,auth,/items,412,200
2025-11-02 03:40:50,notifications,/login,304,200
2025-11-02 03:41:00,auth,/details,278,200
2025-11-02 03:41:10,catalog,/login,99,200
2025-11-02 03:41:20,payments,/login,230,200
2025-11-02 03:41:30,notifications,/send-email,147,200
2025-11-02 03:41:40,catalog,/login,196,200
2025-11-02 03:41:50,catalog,/details,189,200
2025-11-02 03:42:00,catalog,/checkout,309,200
2025-11-02 03:42:10,catalog,/items,232,200
2025-11-02 03:42:20,catalog,/login,184,200
2025-11-02 03:42:30,payments,/checkout,298,200
2025-11-02 03:42:40,notifications,/send-email,206,200
2025-11-02 03:42:50,orders,/send-email,283,200
2025-11-02 03:43:00,auth,/login,457,200
2025-11-02 03:43:10,payments,/send-email,139,200
2025-11-02 03:43:20,notifications,/items,268,200
2025-11-02 03:43:30,notifications,/items,288,200
2025-11-02 03:43:40,notifications,/login,201,200
2025-11-02 03:43:50,auth,/items,276,200
2025-11-02 03:44:00,payments,/details,279,200
2025-11-02 03:44:10,orders,/items,97,200
2025-11-02 03:44:20,auth,/checkout,290,200
2025-11-02 03:44:30,notifications,/items,239,200
2025-11-02 03:44:40,orders,/checkout,365,200
2025-11-02 03:44:50,notifications,/checkout,149,200
2025-11-02 03:45:00,catalog,/items,289,200
2025-11-02 03:45:10,payments,/details,152,200
2025-11-02 03:45:20,auth,/details,518,200
2025-11-02 03:45:30,payments,/login,316,200
2025-11-02 03:45:40,auth,/send-email,146,200
2025-11-02 03:45:50,notifications,/checkout,282,200
2025-11-02 03:46:00,catalog,/items,201,200
2025-11-02 03:46:10,notifications,/details,231,200
2025-11-02 03:46:20,payments,/checkout,183,200
2025-11-02 03:46:30,catalog,/checkout,169,200
2025-11-02 03:46:40,payments,/checkout,236,200
2025-11-02 03:46:50,auth,/checkout,209,200
2025-11-02 03:47:00,auth,/checkout,193,200
2025-11-02 03:47:10,orders,/checkout,289,200
2025-11-02 03:47:20,notifications,/send-email,81,200
2025-11-02 03:47:30,orders,/send-email,359,200
2025-11-02 03:47:40,notifications,/login,243,200
2025-11-02 03:47:50,auth,/send-email,148,200
2025-11-02 03:48:00,orders,/send-email,275,200
2025-11-02 03:48:10,auth,/send-email,209,200
2025-11-02 03:48:20,payments,/send-email,257,200
2025-11-02 03:48:30,auth,/items,375,200
2025-11-02 03:48:40,orders,/send-email,250,200
2025-11-02 03:48:50,notifications,/items,162,200
2025-11-02 03:49:00,catalog,/items,403,200
2025-11-02 03:49:10,orders,/login,332,200
2025-11-02 03:49:20,catalog,/send-email,121,200
2025-11-02 03:49:30,auth,/checkout,217,200
2025-11-02 03:49:40,payments,/send-email,266,200
2025-11-02 03:49:50,catalog,/items,284,200
2025-11-02 03:50:00,catalog,/details,356,200
2025-11-02 03:50:10,catalog,/checkout,386,200
2025-11-02 03:50:20,payments,/items,220,200
2025-11-02 03:50:30,catalog,/items,331,200
2025-11-02 03:50:40,orders,/items,242,200
2025-11-02 03:50:50,catalog,/items,254,200
2025-11-02 03:51:00,auth,/login,202,200
2025-11-02 03:51:10,auth,/details,124,200
2025-11-02 03:51:20,catalog,/details,238,200
2025-11-02 03:51:30,notifications,/login,298,200
2025-11-02 03:51:40,orders,/login,332,200
2025-11-02 03:51:50,orders,/checkout,198,200
2025-11-02 03:52:00,catalog,/items,257,200
2025-11-02 03:52:10,payments,/checkout,293,200
2025-11-02 03:52:20,payments,/checkout,189,200
2025-11-02 03:52:30,auth,/login,170,200
2025-11-02 03:52:40,auth,/login,236,200
2025-11-02 03:52:50,orders,/items,221,200
2025-11-02 03:53:00,payments,/details,288,200
2025-11-02 03:53:10,orders,/send-email,188,200
2025-11-02 03:53:20,notifications,/items,215,200
2025-11-02 03:53:30,orders,/details,191,200
2025-11-02 03:53:40,auth,/items,328,200
2025-11-02 03:53:50,auth,/send-email,278,200
2025-11-02 03:54:00,catalog,/details,230,200
2025-11-02 03:54:10,auth,/checkout,239,200
2025-11-02 03:54:20,orders,/checkout,145,200
2025-11-02 03:54:30,payments,/items,223,200
2025-11-02 03:54:40,notifications,/details,246,200
2025-11-02 03:54:50,orders,/checkout,381,200
2025-11-02 03:55:00,catalog,/items,306,200
2025-11-02 03:55:10,payments,/items,204,200
2025-11-02 03:55:20,orders,/items,217,200
2025-11-02 03:55:30,auth,/details,332,200
2025-11-02 03:55:40,catalog,/items,253,200
2025-11-02 03:55:50,orders,/login,183,200
2025-11-02 03:56:00,auth,/checkout,177,500
2025-11-02 03:56:10,auth,/checkout,189,200
2025-11-02 03:56:20,catalog,/items,286,200
2025-11-02 03:56:30,catalog,/items,259,200
2025-11-02 03:56:40,orders,/details,343,200
2025-11-02 03:56:50,notifications,/login,255,200
2025-11-02 03:57:00,catalog,/send-email,189,200
2025-11-02 03:57:10,orders,/items,208,200
2025-11-02 03:57:20,auth,/login,327,200
2025-11-02 03:57:30,notifications,/checkout,1315,200
2025-11-02 03:57:40,auth,/items,1235,200
2025-11-02 03:57:50,orders,/login,181,200
2025-11-02 03:58:00,auth,/send-email,229,200
2025-11-02 03:58:10,notifications,/items,282,200
2025-11-02 03:58:20,auth,/details,277,200
2025-11-02 03:58:30,auth,/checkout,345,200
2025-11-02 03:58:40,catalog,/details,253,200
2025-11-02 03:58:50,catalog,/details,231,200
2025-11-02 03:59:00,catalog,/checkout,189,200
2025-11-02 03:59:10,auth,/login,313,200
2025-11-02 03:59:20,payments,/checkout,393,200
2025-11-02 03:59:30,auth,/send-email,339,200
2025-11-02 03:59:40,orders,/items,107,200
2025-11-02 03:59:50,auth,/checkout,381,200
2025-11-02 04:00:00,orders,/login,262,200
2025-11-02 04:00:10,orders,/details,129,200
2025-11-02 04:00:20,auth,/checkout,218,200
2025-11-02 04:00:30,notifications,/details,253,200
2025-11-02 04:00:40,auth,/send-email,368,200
2025-11-02 04:00:50,notifications,/details,212,200
2025-11-02 04:01:00,payments,/login,281,200
2025-11-02 04:01:10,auth,/login,364,200
2025-11-02 04:01:20,notifications,/login,391,200
2025-11-02 04:01:30,payments,/items,221,200
2025-11-02 04:01:40,orders,/checkout,308,200
2025-11-02 04:01:50,catalog,/details,385,200
2025-11-02 04:02:00,orders,/details,191,200
2025-11-02 04:02:10,notifications,/details,270,200
2025-11-02 04:02:20,notifications,/checkout,251,500
2025-11-02 04:02:30,payments,/items,375,200
2025-11-02 04:02:40,auth,/items,460,200
2025-11-02 04:02:50,orders,/checkout,300,200
2025-11-02 04:03:00,payments,/details,259,200
2025-11-02 04:03:10,catalog,/checkout,202,200
2025-11-02 04:03:20,payments,/details,246,200
2025-11-02 04:03:30,payments,/checkout,292,200
2025-11-02 04:03:40,catalog,/login,118,200
2025-11-02 04:03:50,catalog,/send-email,197,200
2025-11-02 04:04:00,auth,/items,220,200
2025-11-02 04:04:10,catalog,/items,140,200
2025-11-02 04:04:20,orders,/send-email,359,200
2025-11-02 04:04:30,payments,/details,137,200
2025-11-02 04:04:40,orders,/details,227,200
2025-11-02 04:04:50,notifications,/checkout,338,200
2025-11-02 04:05:00,catalog,/send-email,252,200
2025-11-02 04:05:10,catalog,/login,248,200
2025-11-02 04:05:20,payments,/items,141,200
2025-11-02 04:05:30,payments,/items,217,200
2025-11-02 04:05:40,auth,/checkout,220,200
2025-11-02 04:05:50,catalog,/send-email,153,200
2025-11-02 04:06:00,catalog,/items,208,200
2025-11-02 04:06:10,auth,/send-email,268,200
2025-11-02 04:06:20,payments,/details,370,200
2025-11-02 04:06:30,catalog,/send-email,193,200
2025-11-02 04:06:40,orders,/items,261,200
2025-11-02 04:06:50,orders,/login,174,200
2025-11-02 04:07:00,auth,/login,310,200
2025-11-02 04:07:10,catalog,/login,138,200
2025-11-02 04:07:20,notifications,/login,201,200
2025-11-02 04:07:30,notifications,/checkout,250,200
2025-11-02 04:07:40,catalog,/items,216,200
2025-11-02 04:07:50,orders,/items,257,200
2025-11-02 04:08:00,orders,/login,152,200
2025-11-02 04:08:10,notifications,/items,407,200
2025-11-02 04:08:20,orders,/items,341,200
2025-11-02 04:08:30,catalog,/items,164,200
2025-11-02 04:08:40,orders,/login,168,200
2025-11-02 04:08:50,catalog,/details,195,200
2025-11-02 04:09:00,catalog,/details,192,200
2025-11-02 04:09:10,catalog,/send-email,182,200
2025-11-02 04:09:20,notifications,/items,213,200
2025-11-02 04:09:30,auth,/send-email,292,200
2025-11-02 04:09:40,orders,/send-email,329,200
2025-11-02 04:09:50,notifications,/items,295,200
2025-11-02 04:10:00,catalog,/details,246,200
2025-11-02 04:10:10,catalog,/login,234,200
2025-11-02 04:10:20,orders,/login,238,200
2025-11-02 04:10:30,catalog,/checkout,151,200
2025-11-02 04:10:40,notifications,/items,199,200
2025-11-02 04:10:50,orders,/details,294,200
2025-11-02 04:11:00,auth,/login,169,200
2025-11-02 04:11:10,catalog,/login,256,200
2025-11-02 04:11:20,notifications,/checkout,193,200
2025-11-02 04:11:30,notifications,/checkout,276,200
2025-11-02 04:11:40,auth,/items,359,200
2025-11-02 04:11:50,orders,/login,176,200
2025-11-02 04:12:00,catalog,/details,229,200
2025-11-02 04:12:10,payments,/send-email,254,200
2025-11-02 04:12:20,notifications,/items,127,200
2025-11-02 04:12:30,payments,/login,152,200
2025-11-02 04:12:40,orders,/checkout,279,200
2025-11-02 04:12:50,auth,/send-email,434,200
2025-11-02 04:13:00,catalog,/login,223,200
2025-11-02 04:13:10,auth,/send-email,220,200
2025-11-02 04:13:20,notifications,/details,229,200
2025-11-02 04:13:30,auth,/items,173,200
2025-11-02 04:13:40,payments,/send-email,269,200
2025-11-02 04:13:50,orders,/checkout,147,200
2025-11-02 04:14:00,orders,/items,229,200
2025-11-02 04:14:10,auth,/items,244,200
2025-11-02 04:14:20,catalog,/details,151,200
2025-11-02 04:14:30,catalog,/checkout,208,200
2025-11-02 04:14:40,orders,/login,326,200
2025-11-02 04:14:50,payments,/details,258,200
2025-11-02 04:15:00,orders,/login,378,200
2025-11-02 04:15:10,orders,/send-email,327,200
2025-11-02 04:15:20,notifications,/items,221,200
2025-11-02 04:15:30,orders,/send-email,371,200
2025-11-02 04:15:40,payments,/details,253,500
2025-11-02 04:15:50,orders,/details,1345,200
2025-11-02 04:16:00,notifications,/checkout,297,200
2025-11-02 04:16:10,notifications,/details,302,200
2025-11-02 04:16:20,orders,/details,146,200
2025-11-02 04:16:30,orders,/details,1380,200
2025-11-02 04:16:40,notifications,/details,146,200
2025-11-02 04:16:50,auth,/details,208,200
2025-11-02 04:17:00,notifications,/checkout,310,200
2025-11-02 04:17:10,orders,/checkout,275,200
2025-11-02 04:17:20,notifications,/details,220,200
2025-11-02 04:17:30,orders,/checkout,307,200
2025-11-02 04:17:40,auth,/checkout,273,200
2025-11-02 04:17:50,payments,/checkout,265,200
2025-11-02 04:18:00,orders,/details,401,200
2025-11-02 04:18:10,catalog,/send-email,239,200
2025-11-02 04:18:20,payments,/checkout,190,200
2025-11-02 04:18:30,orders,/details,186,500
2025-11-02 04:18:40,payments,/login,216,500
2025-11-02 04:18:50,notifications,/items,139,200
2025-11-02 04:19:00,payments,/details,231,200
2025-11-02 04:19:10,catalog,/login,314,200
2025-11-02 04:19:20,orders,/login,143,200
2025-11-02 04:19:30,notifications,/send-email,229,200
2025-11-02 04:19:40,orders,/checkout,321,200
2025-11-02 04:19:50,payments,/items,235,200
2025-11-02 04:20:00,auth,/items,222,200
2025-11-02 04:20:10,orders,/checkout,316,200
2025-11-02 04:20:20,orders,/send-email,239,200
2025-11-02 04:20:30,notifications,/checkout,141,200
2025-11-02 04:20:40,notifications,/checkout,86,200
2025-11-02 04:20:50,catalog,/send-email,349,200
2025-11-02 04:21:00,auth,/checkout,137,200
2025-11-02 04:21:10,catalog,/checkout,1160,200
2025-11-02 04:21:20,payments,/login,205,200
2025-11-02 04:21:30,catalog,/checkout,252,200
2025-11-02 04:21:40,auth,/details,222,200
2025-11-02 04:21:50,auth,/login,324,200
2025-11-02 04:22:00,catalog,/details,331,200
2025-11-02 04:22:10,orders,/send-email,367,200
2025-11-02 04:22:20,payments,/items,235,200
2025-11-02 04:22:30,auth,/items,280,200
2025-11-02 04:22:40,notifications,/checkout,323,200
2025-11-02 04:22:50,catalog,/items,32,200
2025-11-02 04:23:00,orders,/login,258,200
2025-11-02 04:23:10,auth,/login,169,200
2025-11-02 04:23:20,auth,/send-email,293,200
2025-11-02 04:23:30,payments,/checkout,309,200
2025-11-02 04:23:40,auth,/checkout,166,200
2025-11-02 04:23:50,notifications,/login,310,200
2025-11-02 04:24:00,orders,/details,234,200
2025-11-02 04:24:10,payments,/items,130,200
2025-11-02 04:24:20,auth,/send-email,187,200
2025-11-02 04:24:30,notifications,/details,334,200
2025-11-02 04:24:40,catalog,/login,121,200
2025-11-02 04:24:50,orders,/checkout,249,200
2025-11-02 04:25:00,auth,/items,159,200
2025-11-02 04:25:10,auth,/checkout,199,200
2025-11-02 04:25:20,notifications,/login,190,200
2025-11-02 04:25:30,auth,/login,200,200
2025-11-02 04:25:40,notifications,/checkout,244,200
2025-11-02 04:25:50,notifications,/checkout,244,200
2025-11-02 04:26:00,orders,/details,186,200
2025-11-02 04:26:10,orders,/items,191,200
2025-11-02 04:26:20,auth,/details,311,200
2025-11-02 04:26:30,auth,/checkout,359,200
2025-11-02 04:26:40,auth,/items,240,200
2025-11-02 04:26:50,orders,/login,221,200
2025-11-02 04:27:00,orders,/details,142,200
2025-11-02 04:27:10,notifications,/checkout,363,200
2025-11-02 04:27:20,auth,/items,158,200
2025-11-02 04:27:30,auth,/items,158,200
2025-11-02 04:27:40,auth,/details,223,200
2025-11-02 04:27:50,catalog,/send-email,241,200
2025-11-02 04:28:00,catalog,/send-email,296,200
2025-11-02 04:28:10,catalog,/checkout,331,200
2025-11-02 04:28:20,orders,/checkout,183,200
2025-11-02 04:28:30,auth,/checkout,333,200
2025-11-02 04:28:40,auth,/details,237,200
2025-11-02 04:28:50,payments,/items,245,200
2025-11-02 04:29:00,notifications,/items,204,200
2025-11-02 04:29:10,notifications,/send-email,432,200
2025-11-02 04:29:20,auth,/items,250,200
2025-11-02 04:29:30,payments,/items,125,200
2025-11-02 04:29:40,auth,/send-email,260,200
2025-11-02 04:29:50,catalog,/checkout,210,200
2025-11-02 04:30:00,catalog,/items,241,200
2025-11-02 04:30:10,orders,/items,231,200
2025-11-02 04:30:20,orders,/login,172,200
2025-11-02 04:30:30,notifications,/details,203,200
2025-11-02 04:30:40,payments,/login,343,200
2025-11-02 04:30:50,auth,/details,300,200
2025-11-02 04:31:00,orders,/checkout,234,200
2025-11-02 04:31:10,catalog,/send-email,213,200
2025-11-02 04:31:20,notifications,/details,334,200
2025-11-02 04:31:30,catalog,/send-email,259,200
2025-11-02 04:31:40,orders,/items,147,200
2025-11-02 04:31:50,notifications,/send-email,268,200
2025-11-02 04:32:00,payments,/login,226,200
2025-11-02 04:32:10,auth,/send-email,80,200
2025-11-02 04:32:20,notifications,/checkout,284,200
2025-11-02 04:32:30,payments,/details,473,200
2025-11-02 04:32:40,orders,/checkout,204,200
2025-11-02 04:32:50,notifications,/items,400,200
2025-11-02 04:33:00,orders,/items,174,200
2025-11-02 04:33:10,orders,/items,174,200
2025-11-02 04:33:20,orders,/details,329,200
2025-11-02 04:33:30,notifications,/checkout,257,200
2025-11-02 04:33:40,auth,/details,260,200
2025-11-02 04:33:50,payments,/checkout,293,200
2025-11-02 04:34:00,payments,/items,315,200
2025-11-02 04:34:10,catalog,/details,236,200
2025-11-02 04:34:20,auth,/send-email,239,200
2025-11-02 04:34:30,notifications,/details,191,200
2025-11-02 04:34:40,catalog,/details,302,200
2025-11-02 04:34:50,orders,/send-email,168,200
2025-11-02 04:35:00,orders,/checkout,122,200
2025-11-02 04:35:10,auth,/login,125,200
2025-11-02 04:35:20,auth,/send-email,216,500
2025-11-02 04:35:30,notifications,/details,134,200
2025-11-02 04:35:40,orders,/login,225,200
2025-11-02 04:35:50,catalog,/details,282,200
2025-11-02 04:36:00,notifications,/send-email,141,200
2025-11-02 04:36:10,notifications,/send-email,278,200
2025-11-02 04:36:20,payments,/checkout,325,200
2025-11-02 04:36:30,notifications,/details,307,200
2025-11-02 04:36:40,orders,/login,240,200
2025-11-02 04:36:50,orders,/details,164,200
2025-11-02 04:37:00,notifications,/checkout,392,200
2025-11-02 04:37:10,notifications,/items,232,200
2025-11-02 04:37:20,payments,/send-email,162,200
2025-11-02 04:37:30,payments,/login,900,200
2025-11-02 04:37:40,notifications,/details,239,200
2025-11-02 04:37:50,orders,/checkout,245,200
2025-11-02 04:38:00,orders,/checkout,178,200
2025-11-02 04:38:10,notifications,/login,300,200
2025-11-02 04:38:20,payments,/items,283,200
2025-11-02 04:38:30,notifications,/checkout,275,200
2025-11-02 04:38:40,notifications,/details,275,200
2025-11-02 04:38:50,orders,/items,269,200
2025-11-02 04:39:00,orders,/details,353,200
2025-11-02 04:39:10,notifications,/send-email,369,200
2025-11-02 04:39:20,auth,/login,249,200
2025-11-02 04:39:30,catalog,/details,333,200
2025-11-02 04:39:40,auth,/login,204,200
2025-11-02 04:39:50,payments,/checkout,158,200
2025-11-02 04:40:00,orders,/items,230,200
2025-11-02 04:40:10,notifications,/send-email,230,200
2025-11-02 04:40:20,notifications,/details,235,200
2025-11-02 04:40:30,payments,/items,375,200
2025-11-02 04:40:40,auth,/checkout,217,200
2025-11-02 04:40:50,auth,/details,285,200
2025-11-02 04:41:00,orders,/login,253,200
2025-11-02 04:41:10,notifications,/send-email,420,200
2025-11-02 04:41:20,catalog,/send-email,314,200
2025-11-02 04:41:30,orders,/send-email,65,200
2025-11-02 04:41:40,catalog,/checkout,265,200
2025-11-02 04:41:50,orders,/login,235,200
2025-11-02 04:42:00,payments,/items,280,200
2025-11-02 04:42:10,notifications,/items,176,200
2025-11-02 04:42:20,catalog,/login,107,200
2025-11-02 04:42:30,auth,/details,291,200
2025-11-02 04:42:40,catalog,/send-email,238,200
2025-11-02 04:42:50,notifications,/checkout,338,200
2025-11-02 04:43:00,auth,/details,316,500
2025-11-02 04:43:10,payments,/checkout,248,200
2025-11-02 04:43:20,orders,/send-email,383,200
2025-11-02 04:43:30,auth,/items,265,200
2025-11-02 04:43:40,payments,/items,129,200
2025-11-02 04:43:50,notifications,/login,133,200
2025-11-02 04:44:00,payments,/details,397,200
2025-11-02 04:44:10,auth,/details,160,200
2025-11-02 04:44:20,catalog,/login,298,200
2025-11-02 04:44:30,catalog,/login,285,200
2025-11-02 04:44:40,auth,/items,154,200
2025-11-02 04:44:50,notifications,/send-email,1075,200
2025-11-02 04:45:00,payments,/login,267,200
2025-11-02 04:45:10,auth,/send-email,165,200
2025-11-02 04:45:20,payments,/items,290,200
2025-11-02 04:45:30,auth,/details,273,200
2025-11-02 04:45:40,notifications,/checkout,220,200
2025-11-02 04:45:50,auth,/send-email,401,200
2025-11-02 04:46:00,auth,/checkout,313,200
2025-11-02 04:46:10,auth,/items,320,200
2025-11-02 04:46:20,notifications,/details,309,200
2025-11-02 04:46:30,auth,/details,47,200
2025-11-02 04:46:40,auth,/checkout,327,200
2025-11-02 04:46:50,payments,/checkout,188,200
2025-11-02 04:47:00,notifications,/checkout,232,200
2025-11-02 04:47:10,payments,/items,385,200
2025-11-02 04:47:20,orders,/details,307,200
2025-11-02 04:47:30,catalog,/login,250,200
2025-11-02 04:47:40,notifications,/login,206,200
2025-11-02 04:47:50,catalog,/checkout,167,200
2025-11-02 04:48:00,auth,/send-email,267,200
2025-11-02 04:48:10,payments,/send-email,296,200
2025-11-02 04:48:20,auth,/login,293,200
2025-11-02 04:48:30,catalog,/send-email,195,200
2025-11-02 04:48:40,notifications,/items,181,200
2025-11-02 04:48:50,auth,/login,241,200
2025-11-02 04:49:00,notifications,/items,270,200
2025-11-02 04:49:10,notifications,/send-email,262,200
2025-11-02 04:49:20,auth,/send-email,240,200
2025-11-02 04:49:30,catalog,/checkout,168,200
2025-11-02 04:49:40,catalog,/details,230,500
2025-11-02 04:49:50,notifications,/checkout,186,200
2025-11-02 04:50:00,auth,/login,223,200
2025-11-02 04:50:10,orders,/login,333,200
2025-11-02 04:50:20,catalog,/details,328,200
2025-11-02 04:50:30,orders,/login,213,200
2025-11-02 04:50:40,catalog,/details,238,200
2025-11-02 04:50:50,auth,/checkout,407,200
2025-11-02 04:51:00,catalog,/checkout,275,200
2025-11-02 04:51:10,notifications,/details,255,200
2025-11-02 04:51:20,orders,/login,279,200
2025-11-02 04:51:30,payments,/items,278,200
2025-11-02 04:51:40,orders,/items,266,200
2025-11-02 04:51:50,catalog,/login,291,200
2025-11-02 04:52:00,notifications,/send-email,405,200
2025-11-02 04:52:10,orders,/send-email,219,200
2025-11-02 04:52:20,auth,/checkout,308,200
2025-11-02 04:52:30,payments,/login,227,200
2025-11-02 04:52:40,payments,/login,285,200
2025-11-02 04:52:50,auth,/send-email,212,200
2025-11-02 04:53:00,orders,/send-email,265,200
2025-11-02 04:53:10,orders,/checkout,172,200
2025-11-02 04:53:20,catalog,/details,207,200
2025-11-02 04:53:30,notifications,/checkout,335,200
2025-11-02 04:53:40,catalog,/login,1120,200
2025-11-02 04:53:50,orders,/checkout,274,200
2025-11-02 04:54:00,auth,/items,1570,200
2025-11-02 04:54:10,orders,/details,187,200
2025-11-02 04:54:20,payments,/send-email,69,200
2025-11-02 04:54:30,payments,/items,321,200
2025-11-02 04:54:40,catalog,/details,106,200
2025-11-02 04:54:50,auth,/send-email,249,200
2025-11-02 04:55:00,notifications,/send-email,383,200
2025-11-02 04:55:10,catalog,/items,283,200
2025-11-02 04:55:20,notifications,/send-email,259,200
2025-11-02 04:55:30,catalog,/checkout,276,200
2025-11-02 04:55:40,orders,/items,177,200
2025-11-02 04:55:50,payments,/send-email,159,200
2025-11-02 04:56:00,notifications,/items,173,200
2025-11-02 04:56:10,auth,/send-email,280,200
2025-11-02 04:56:20,catalog,/items,211,200
2025-11-02 04:56:30,auth,/send-email,212,200
2025-11-02 04:56:40,catalog,/details,323,200
2025-11-02 04:56:50,catalog,/login,181,200
2025-11-02 04:57:00,catalog,/details,208,200
2025-11-02 04:57:10,catalog,/items,252,200
2025-11-02 04:57:20,orders,/details,250,200
2025-11-02 04:57:30,notifications,/details,309,200
2025-11-02 04:57:40,orders,/items,224,200
2025-11-02 04:57:50,orders,/items,255,200
2025-11-02 04:58:00,orders,/login,204,200
2025-11-02 04:58:10,catalog,/send-email,264,200
2025-11-02 04:58:20,notifications,/details,251,200
2025-11-02 04:58:30,notifications,/checkout,283,500
2025-11-02 04:58:40,notifications,/items,239,200
2025-11-02 04:58:50,orders,/send-email,287,200
2025-11-02 04:59:00,notifications,/login,305,200
2025-11-02 04:59:10,payments,/items,304,200
2025-11-02 04:59:20,orders,/details,343,200
2025-11-02 04:59:30,catalog,/items,239,200
2025-11-02 04:59:40,auth,/checkout,215,200
2025-11-02 04:59:50,auth,/details,328,200
2025-11-02 05:00:00,notifications,/send-email,248,200
2025-11-02 05:00:10,notifications,/items,157,200
2025-11-02 05:00:20,auth,/send-email,339,200
2025-11-02 05:00:30,payments,/checkout,255,200
2025-11-02 05:00:40,notifications,/send-email,182,200
2025-11-02 05:00:50,catalog,/checkout,209,200
2025-11-02 05:01:00,catalog,/items,322,200
2025-11-02 05:01:10,payments,/details,238,200
2025-11-02 05:01:20,auth,/send-email,235,200
2025-11-02 05:01:30,auth,/checkout,71,200
2025-11-02 05:01:40,payments,/items,297,200
2025-11-02 05:01:50,payments,/send-email,200,200
2025-11-02 05:02:00,payments,/send-email,337,200
2025-11-02 05:02:10,catalog,/items,339,200
2025-11-02 05:02:20,payments,/send-email,243,200
2025-11-02 05:02:30,payments,/items,206,200
2025-11-02 05:02:40,auth,/checkout,226,200
2025-11-02 05:02:50,catalog,/items,203,200
2025-11-02 05:03:00,auth,/login,285,200
2025-11-02 05:03:10,auth,/send-email,240,200
2025-11-02 05:03:20,orders,/login,288,200
2025-11-02 05:03:30,auth,/details,204,200
2025-11-02 05:03:40,auth,/items,10,200
2025-11-02 05:03:50,payments,/login,89,200
2025-11-02 05:04:00,auth,/checkout,132,200
2025-11-02 05:04:10,notifications,/items,121,200
2025-11-02 05:04:20,orders,/details,263,200
2025-11-02 05:04:30,orders,/login,285,200
2025-11-02 05:04:40,payments,/items,348,200
2025-11-02 05:04:50,notifications,/items,444,200
2025-11-02 05:05:00,orders,/login,185,200
2025-11-02 05:05:10,orders,/send-email,323,200
2025-11-02 05:05:20,catalog,/checkout,182,200
2025-11-02 05:05:30,payments,/items,148,200
2025-11-02 05:05:40,notifications,/checkout,186,200
2025-11-02 05:05:50,payments,/details,136,200
2025-11-02 05:06:00,catalog,/checkout,845,200
2025-11-02 05:06:10,orders,/items,248,200
2025-11-02 05:06:20,catalog,/send-email,2075,200
2025-11-02 05:06:30,payments,/details,212,200
2025-11-02 05:06:40,orders,/send-email,249,200
2025-11-02 05:06:50,payments,/items,180,200
2025-11-02 05:07:00,payments,/items,177,200
2025-11-02 05:07:10,auth,/login,292,200
2025-11-02 05:07:20,orders,/checkout,85,200
2025-11-02 05:07:30,catalog,/send-email,249,200
2025-11-02 05:07:40,auth,/send-email,289,200
2025-11-02 05:07:50,auth,/login,231,200
2025-11-02 05:08:00,auth,/login,232,200
2025-11-02 05:08:10,orders,/items,235,200
2025-11-02 05:08:20,notifications,/send-email,192,200
2025-11-02 05:08:30,payments,/items,146,200
2025-11-02 05:08:40,payments,/details,242,200
2025-11-02 05:08:50,notifications,/send-email,358,200
2025-11-02 05:09:00,auth,/items,199,200
2025-11-02 05:09:10,payments,/login,220,200
2025-11-02 05:09:20,payments,/login,277,200
2025-11-02 05:09:30,auth,/items,429,200
2025-11-02 05:09:40,auth,/send-email,267,200
2025-11-02 05:09:50,payments,/send-email,278,200
2025-11-02 05:10:00,payments,/details,164,200
2025-11-02 05:10:10,orders,/details,370,200
2025-11-02 05:10:20,orders,/send-email,212,200
2025-11-02 05:10:30,payments,/items,366,200
2025-11-02 05:10:40,catalog,/checkout,247,200
2025-11-02 05:10:50,auth,/login,356,200
2025-11-02 05:11:00,auth,/items,219,200
2025-11-02 05:11:10,payments,/checkout,186,200
2025-11-02 05:11:20,notifications,/send-email,276,200
2025-11-02 05:11:30,orders,/login,209,200
2025-11-02 05:11:40,orders,/checkout,270,200
2025-11-02 05:11:50,payments,/send-email,209,200
2025-11-02 05:12:00,orders,/items,184,200
2025-11-02 05:12:10,orders,/send-email,95,200
2025-11-02 05:12:20,auth,/send-email,336,200
2025-11-02 05:12:30,orders,/items,105,200
2025-11-02 05:12:40,notifications,/details,185,200
2025-11-02 05:12:50,payments,/items,224,200
2025-11-02 05:13:00,orders,/send-email,248,200
2025-11-02 05:13:10,notifications,/details,201,200
2025-11-02 05:13:20,orders,/login,199,200
2025-11-02 05:13:30,catalog,/items,290,200
2025-11-02 05:13:40,auth,/checkout,269,200
2025-11-02 05:13:50,orders,/details,347,200
2025-11-02 05:14:00,notifications,/login,316,200
2025-11-02 05:14:10,auth,/items,243,200
2025-11-02 05:14:20,auth,/checkout,200,200
2025-11-02 05:14:30,catalog,/items,338,200
2025-11-02 05:14:40,payments,/checkout,299,200
2025-11-02 05:14:50,auth,/items,190,200
2025-11-02 05:15:00,orders,/items,272,200
2025-11-02 05:15:10,catalog,/send-email,172,200
2025-11-02 05:15:20,auth,/items,308,200
2025-11-02 05:15:30,orders,/details,398,200
2025-11-02 05:15:40,orders,/items,305,200
2025-11-02 05:15:50,auth,/items,149,200
2025-11-02 05:16:00,notifications,/login,234,200
2025-11-02 05:16:10,auth,/send-email,199,200
2025-11-02 05:16:20,payments,/items,162,200
2025-11-02 05:16:30,orders,/details,345,200
2025-11-02 05:16:40,payments,/items,192,200
2025-11-02 05:16:50,notifications,/details,195,200
2025-11-02 05:17:00,orders,/checkout,377,200
2025-11-02 05:17:10,payments,/items,331,200
2025-11-02 05:17:20,orders,/login,180,200
2025-11-02 05:17:30,catalog,/items,107,200
2025-11-02 05:17:40,payments,/login,277,200
2025-11-02 05:17:50,notifications,/send-email,261,200
2025-11-02 05:18:00,payments,/items,285,200
2025-11-02 05:18:10,auth,/items,350,200
2025-11-02 05:18:20,payments,/checkout,116,200
2025-11-02 05:18:30,notifications,/items,255,200
2025-11-02 05:18:40,payments,/checkout,178,200
2025-11-02 05:18:50,orders,/items,173,200
2025-11-02 05:19:00,notifications,/login,158,200
2025-11-02 05:19:10,auth,/items,159,200
2025-11-02 05:19:20,orders,/details,277,200
2025-11-02 05:19:30,payments,/items,356,200
2025-11-02 05:19:40,notifications,/details,321,200
2025-11-02 05:19:50,notifications,/details,222,200
2025-11-02 05:20:00,notifications,/send-email,246,200
2025-11-02 05:20:10,catalog,/details,279,200
2025-11-02 05:20:20,orders,/items,850,200
2025-11-02 05:20:30,payments,/items,300,200
2025-11-02 05:20:40,auth,/send-email,187,200
2025-11-02 05:20:50,notifications,/checkout,343,200
2025-11-02 05:21:00,auth,/login,183,200
2025-11-02 05:21:10,catalog,/send-email,358,200
2025-11-02 05:21:20,auth,/login,154,200
2025-11-02 05:21:30,orders,/checkout,187,200
2025-11-02 05:21:40,auth,/checkout,334,200
2025-11-02 05:21:50,orders,/checkout,260,200
2025-11-02 05:22:00,notifications,/items,205,200
2025-11-02 05:22:10,payments,/send-email,359,200
2025-11-02 05:22:20,payments,/items,220,200
2025-11-02 05:22:30,auth,/send-email,129,200
2025-11-02 05:22:40,payments,/send-email,211,200
2025-11-02 05:22:50,catalog,/checkout,930,200
2025-11-02 05:23:00,payments,/details,354,200
2025-11-02 05:23:10,catalog,/checkout,242,200
2025-11-02 05:23:20,orders,/login,272,200
2025-11-02 05:23:30,auth,/send-email,225,200
2025-11-02 05:23:40,catalog,/checkout,369,200
2025-11-02 05:23:50,payments,/items,411,200
2025-11-02 05:24:00,payments,/checkout,238,200
2025-11-02 05:24:10,notifications,/checkout,338,200
2025-11-02 05:24:20,orders,/checkout,375,200
2025-11-02 05:24:30,catalog,/items,256,200
2025-11-02 05:24:40,catalog,/send-email,299,200
2025-11-02 05:24:50,payments,/send-email,145,200
2025-11-02 05:25:00,catalog,/checkout,265,200
2025-11-02 05:25:10,orders,/items,187,200
2025-11-02 05:25:20,catalog,/details,268,200
2025-11-02 05:25:30,orders,/send-email,333,200
2025-11-02 05:25:40,auth,/checkout,204,200
2025-11-02 05:25:50,notifications,/checkout,299,200
2025-11-02 05:26:00,payments,/items,142,200
2025-11-02 05:26:10,notifications,/items,243,200
2025-11-02 05:26:20,notifications,/checkout,221,200
2025-11-02 05:26:30,orders,/send-email,117,200
2025-11-02 05:26:40,orders,/checkout,496,200
2025-11-02 05:26:50,catalog,/details,139,200
2025-11-02 05:27:00,notifications,/checkout,182,200
2025-11-02 05:27:10,auth,/checkout,183,200
2025-11-02 05:27:20,orders,/send-email,113,200
2025-11-02 05:27:30,catalog,/send-email,219,200
2025-11-02 05:27:40,catalog,/login,350,200
2025-11-02 05:27:50,catalog,/details,291,200
2025-11-02 05:28:00,payments,/items,113,200
2025-11-02 05:28:10,payments,/items,288,200
2025-11-02 05:28:20,payments,/items,265,200
2025-11-02 05:28:30,catalog,/items,271,200
2025-11-02 05:28:40,orders,/login,306,200
2025-11-02 05:28:50,payments,/login,233,200
2025-11-02 05:29:00,auth,/checkout,392,200
2025-11-02 05:29:10,payments,/items,333,200
2025-11-02 05:29:20,payments,/send-email,307,200
2025-11-02 05:29:30,catalog,/login,250,200
2025-11-02 05:29:40,auth,/checkout,96,200
2025-11-02 05:29:50,catalog,/login,366,200
2025-11-02 05:30:00,catalog,/login,310,200
2025-11-02 05:30:10,catalog,/checkout,243,200
2025-11-02 05:30:20,payments,/details,273,200
2025-11-02 05:30:30,orders,/items,106,200
2025-11-02 05:30:40,orders,/send-email,336,200
2025-11-02 05:30:50,catalog,/send-email,197,200
2025-11-02 05:31:00,payments,/items,291,200
2025-11-02 05:31:10,payments,/details,311,200
2025-11-02 05:31:20,auth,/details,250,200
2025-11-02 05:31:30,notifications,/send-email,305,200
2025-11-02 05:31:40,catalog,/send-email,175,200
2025-11-02 05:31:50,auth,/send-email,158,200
2025-11-02 05:32:00,auth,/details,140,200
2025-11-02 05:32:10,auth,/login,177,200
2025-11-02 05:32:20,orders,/items,300,200
2025-11-02 05:32:30,notifications,/checkout,191,200
2025-11-02 05:32:40,auth,/items,124,200
2025-11-02 05:32:50,notifications,/items,195,200
2025-11-02 05:33:00,orders,/items,352,200
2025-11-02 05:33:10,payments,/checkout,202,200
2025-11-02 05:33:20,notifications,/login,253,200
2025-11-02 05:33:30,auth,/details,383,200
2025-11-02 05:33:40,payments,/details,366,200
2025-11-02 05:33:50,payments,/details,268,200
2025-11-02 05:34:00,catalog,/checkout,332,200
2025-11-02 05:34:10,catalog,/items,248,200
2025-11-02 05:34:20,auth,/details,354,200
2025-11-02 05:34:30,catalog,/items,206,200
2025-11-02 05:34:40,notifications,/details,257,200
2025-11-02 05:34:50,orders,/items,176,200
2025-11-02 05:35:00,notifications,/send-email,190,200
2025-11-02 05:35:10,auth,/checkout,262,200
2025-11-02 05:35:20,auth,/checkout,204,200
2025-11-02 05:35:30,catalog,/items,263,200
2025-11-02 05:35:40,catalog,/send-email,159,200
2025-11-02 05:35:50,notifications,/items,273,200
2025-11-02 05:36:00,catalog,/checkout,261,200
2025-11-02 05:36:10,auth,/items,149,200
2025-11-02 05:36:20,orders,/login,342,200
2025-11-02 05:36:30,notifications,/checkout,230,200
2025-11-02 05:36:40,payments,/items,225,200
2025-11-02 05:36:50,auth,/details,199,200
2025-11-02 05:37:00,orders,/send-email,154,200
2025-11-02 05:37:10,payments,/details,185,200
2025-11-02 05:37:20,auth,/checkout,286,200
2025-11-02 05:37:30,orders,/checkout,308,200
2025-11-02 05:37:40,notifications,/login,207,200
2025-11-02 05:37:50,orders,/checkout,246,200
2025-11-02 05:38:00,payments,/items,207,200
2025-11-02 05:38:10,notifications,/checkout,173,200
2025-11-02 05:38:20,payments,/items,264,200
2025-11-02 05:38:30,notifications,/details,148,200
2025-11-02 05:38:40,payments,/login,326,200
2025-11-02 05:38:50,orders,/checkout,310,200
2025-11-02 05:39:00,orders,/items,302,200
2025-11-02 05:39:10,orders,/checkout,327,200
2025-11-02 05:39:20,auth,/details,365,200
2025-11-02 05:39:30,orders,/checkout,350,200
2025-11-02 05:39:40,notifications,/login,379,200
2025-11-02 05:39:50,orders,/checkout,225,200
2025-11-02 05:40:00,auth,/checkout,136,200
2025-11-02 05:40:10,orders,/items,192,200
2025-11-02 05:40:20,auth,/send-email,374,200
2025-11-02 05:40:30,catalog,/details,302,200
2025-11-02 05:40:40,notifications,/send-email,296,200
2025-11-02 05:40:50,payments,/details,205,200
2025-11-02 05:41:00,payments,/login,312,200
2025-11-02 05:41:10,orders,/checkout,174,200
2025-11-02 05:41:20,orders,/send-email,115,200
2025-11-02 05:41:30,catalog,/items,171,200
2025-11-02 05:41:40,payments,/details,222,200
2025-11-02 05:41:50,payments,/login,341,200
2025-11-02 05:42:00,orders,/send-email,226,200
2025-11-02 05:42:10,payments,/checkout,116,200
2025-11-02 05:42:20,catalog,/login,217,200
2025-11-02 05:42:30,catalog,/login,359,200
2025-11-02 05:42:40,auth,/details,234,200
2025-11-02 05:42:50,auth,/details,225,200
2025-11-02 05:43:00,payments,/send-email,372,200
2025-11-02 05:43:10,auth,/checkout,297,200
2025-11-02 05:43:20,orders,/login,433,200
2025-11-02 05:43:30,auth,/login,244,200
2025-11-02 05:43:40,notifications,/login,244,200
2025-11-02 05:43:50,catalog,/details,259,200
2025-11-02 05:44:00,notifications,/items,275,200
2025-11-02 05:44:10,orders,/checkout,177,200
2025-11-02 05:44:20,payments,/details,49,200
2025-11-02 05:44:30,auth,/details,319,200
2025-11-02 05:44:40,catalog,/items,194,200
2025-11-02 05:44:50,payments,/send-email,170,200
2025-11-02 05:45:00,payments,/checkout,183,200
2025-11-02 05:45:10,payments,/items,386,200
2025-11-02 05:45:20,notifications,/checkout,363,200
2025-11-02 05:45:30,payments,/details,281,200
2025-11-02 05:45:40,auth,/checkout,230,200
2025-11-02 05:45:50,orders,/items,381,200
2025-11-02 05:46:00,catalog,/items,348,200
2025-11-02 05:46:10,notifications,/checkout,242,200
2025-11-02 05:46:20,orders,/details,198,200
2025-11-02 05:46:30,catalog,/send-email,203,200
2025-11-02 05:46:40,orders,/checkout,368,200
2025-11-02 05:46:50,payments,/send-email,164,200
2025-11-02 05:47:00,orders,/checkout,333,200
2025-11-02 05:47:10,payments,/send-email,210,200
2025-11-02 05:47:20,auth,/checkout,275,200
2025-11-02 05:47:30,auth,/send-email,151,200
2025-11-02 05:47:40,payments,/checkout,324,200
2025-11-02 05:47:50,orders,/details,302,200
2025-11-02 05:48:00,orders,/send-email,403,200
2025-11-02 05:48:10,payments,/details,254,200
2025-11-02 05:48:20,catalog,/details,245,200
2025-11-02 05:48:30,orders,/items,221,200
2025-11-02 05:48:40,orders,/login,175,200
2025-11-02 05:48:50,notifications,/checkout,271,200
2025-11-02 05:49:00,notifications,/checkout,223,200
2025-11-02 05:49:10,catalog,/login,292,200
2025-11-02 05:49:20,auth,/items,233,200
2025-11-02 05:49:30,payments,/login,338,200
2025-11-02 05:49:40,auth,/send-email,230,200
2025-11-02 05:49:50,orders,/items,251,200
2025-11-02 05:50:00,auth,/login,178,200
2025-11-02 05:50:10,catalog,/login,134,200
2025-11-02 05:50:20,notifications,/login,344,200
2025-11-02 05:50:30,catalog,/login,237,200
2025-11-02 05:50:40,auth,/send-email,369,200
2025-11-02 05:50:50,orders,/send-email,272,500
2025-11-02 05:51:00,catalog,/send-email,222,200
2025-11-02 05:51:10,auth,/login,318,200
2025-11-02 05:51:20,notifications,/details,213,200
2025-11-02 05:51:30,payments,/details,289,200
2025-11-02 05:51:40,catalog,/details,347,200
2025-11-02 05:51:50,catalog,/checkout,150,200
2025-11-02 05:52:00,notifications,/items,303,200
2025-11-02 05:52:10,notifications,/send-email,245,200
2025-11-02 05:52:20,orders,/details,174,200
2025-11-02 05:52:30,auth,/items,175,200
2025-11-02 05:52:40,notifications,/checkout,83,200
2025-11-02 05:52:50,payments,/login,143,200
2025-11-02 05:53:00,orders,/items,383,200
2025-11-02 05:53:10,catalog,/items,174,200
2025-11-02 05:53:20,catalog,/checkout,300,200
2025-11-02 05:53:30,auth,/details,282,200
2025-11-02 05:53:40,orders,/details,180,200
2025-11-02 05:53:50,catalog,/details,242,200
2025-11-02 05:54:00,orders,/send-email,405,200
2025-11-02 05:54:10,auth,/send-email,160,200
2025-11-02 05:54:20,catalog,/send-email,149,200
2025-11-02 05:54:30,auth,/login,383,200
2025-11-02 05:54:40,catalog,/login,190,200
2025-11-02 05:54:50,payments,/details,265,200
2025-11-02 05:55:00,payments,/send-email,230,200
2025-11-02 05:55:10,notifications,/checkout,287,200
2025-11-02 05:55:20,payments,/checkout,107,200
2025-11-02 05:55:30,notifications,/send-email,212,200
2025-11-02 05:55:40,orders,/login,334,200
2025-11-02 05:55:50,payments,/send-email,134,200
2025-11-02 05:56:00,orders,/login,206,200
2025-11-02 05:56:10,catalog,/details,126,200
2025-11-02 05:56:20,auth,/send-email,121,200
2025-11-02 05:56:30,notifications,/items,205,200
2025-11-02 05:56:40,auth,/login,211,200
2025-11-02 05:56:50,auth,/login,253,200
2025-11-02 05:57:00,orders,/login,349,200
2025-11-02 05:57:10,payments,/login,285,200
2025-11-02 05:57:20,orders,/send-email,333,200
2025-11-02 05:57:30,auth,/login,215,200
2025-11-02 05:57:40,catalog,/checkout,295,200
2025-11-02 05:57:50,notifications,/login,408,500
2025-11-02 05:58:00,notifications,/send-email,412,200
2025-11-02 05:58:10,orders,/items,372,200
2025-11-02 05:58:20,catalog,/checkout,212,200
2025-11-02 05:58:30,auth,/checkout,298,200
2025-11-02 05:58:40,auth,/items,221,500
2025-11-02 05:58:50,auth,/details,196,200
2025-11-02 05:59:00,catalog,/details,227,200
2025-11-02 05:59:10,payments,/details,234,200
2025-11-02 05:59:20,orders,/checkout,215,200
2025-11-02 05:59:30,notifications,/login,233,200
2025-11-02 05:59:40,auth,/items,144,200
2025-11-02 05:59:50,payments,/details,225,200
2025-11-02 06:00:00,notifications,/checkout,196,200
2025-11-02 06:00:10,orders,/details,200,200
2025-11-02 06:00:20,payments,/send-email,132,200
2025-11-02 06:00:30,payments,/send-email,297,200
2025-11-02 06:00:40,notifications,/items,365,200
2025-11-02 06:00:50,orders,/checkout,305,200
2025-11-02 06:01:00,auth,/checkout,169,200
2025-11-02 06:01:10,notifications,/details,364,200
2025-11-02 06:01:20,auth,/checkout,102,200
2025-11-02 06:01:30,catalog,/items,211,200
2025-11-02 06:01:40,auth,/send-email,374,200
2025-11-02 06:01:50,payments,/items,156,200
2025-11-02 06:02:00,catalog,/login,148,200
2025-11-02 06:02:10,orders,/details,298,200
2025-11-02 06:02:20,orders,/details,219,200
2025-11-02 06:02:30,catalog,/send-email,1105,500
2025-11-02 06:02:40,catalog,/checkout,127,200
2025-11-02 06:02:50,notifications,/checkout,286,200
2025-11-02 06:03:00,catalog,/details,216,200
2025-11-02 06:03:10,catalog,/send-email,159,200
2025-11-02 06:03:20,catalog,/send-email,240,200
2025-11-02 06:03:30,notifications,/send-email,207,200
2025-11-02 06:03:40,auth,/send-email,205,200
2025-11-02 06:03:50,notifications,/details,465,200
2025-11-02 06:04:00,catalog,/details,239,200
2025-11-02 06:04:10,auth,/details,233,200
2025-11-02 06:04:20,orders,/items,248,200
2025-11-02 06:04:30,payments,/send-email,176,200
2025-11-02 06:04:40,catalog,/details,316,200
2025-11-02 06:04:50,payments,/details,214,200
2025-11-02 06:05:00,auth,/items,111,200
2025-11-02 06:05:10,catalog,/send-email,186,200
2025-11-02 06:05:20,catalog,/login,297,200
2025-11-02 06:05:30,notifications,/send-email,307,200
2025-11-02 06:05:40,orders,/checkout,152,200
2025-11-02 06:05:50,auth,/items,261,200
2025-11-02 06:06:00,notifications,/login,350,200
2025-11-02 06:06:10,payments,/details,231,200
2025-11-02 06:06:20,catalog,/items,292,200
2025-11-02 06:06:30,auth,/send-email,179,200
2025-11-02 06:06:40,auth,/login,131,200
2025-11-02 06:06:50,payments,/details,269,200
2025-11-02 06:07:00,auth,/items,345,200
2025-11-02 06:07:10,notifications,/details,284,200
2025-11-02 06:07:20,catalog,/checkout,266,200
2025-11-02 06:07:30,auth,/checkout,226,200
2025-11-02 06:07:40,payments,/checkout,230,200
2025-11-02 06:07:50,auth,/send-email,143,200
2025-11-02 06:08:00,catalog,/details,116,200
2025-11-02 06:08:10,notifications,/checkout,263,200
2025-11-02 06:08:20,orders,/send-email,394,200
2025-11-02 06:08:30,notifications,/send-email,376,200
2025-11-02 06:08:40,orders,/details,184,200
2025-11-02 06:08:50,orders,/checkout,273,200
2025-11-02 06:09:00,orders,/items,333,200
2025-11-02 06:09:10,auth,/details,130,200
2025-11-02 06:09:20,payments,/details,168,200
2025-11-02 06:09:30,orders,/send-email,311,200
2025-11-02 06:09:40,orders,/details,325,200
2025-11-02 06:09:50,auth,/details,260,200
2025-11-02 06:10:00,catalog,/details,320,200
2025-11-02 06:10:10,auth,/login,151,200
2025-11-02 06:10:20,auth,/items,206,200
2025-11-02 06:10:30,auth,/details,312,200
2025-11-02 06:10:40,payments,/login,284,200
2025-11-02 06:10:50,notifications,/send-email,322,200
2025-11-02 06:11:00,notifications,/details,189,200
2025-11-02 06:11:10,auth,/checkout,303,200
2025-11-02 06:11:20,auth,/items,260,200
2025-11-02 06:11:30,orders,/send-email,127,200
2025-11-02 06:11:40,notifications,/items,1945,200
2025-11-02 06:11:50,orders,/checkout,149,200
2025-11-02 06:12:00,catalog,/send-email,342,200
2025-11-02 06:12:10,catalog,/checkout,286,200
2025-11-02 06:12:20,payments,/send-email,268,200
2025-11-02 06:12:30,payments,/login,119,200
2025-11-02 06:12:40,auth,/send-email,398,200
2025-11-02 06:12:50,catalog,/checkout,297,200
2025-11-02 06:13:00,notifications,/checkout,281,200
2025-11-02 06:13:10,notifications,/send-email,283,200
2025-11-02 06:13:20,payments,/checkout,1940,200
2025-11-02 06:13:30,catalog,/login,313,200
2025-11-02 06:13:40,catalog,/items,239,200
2025-11-02 06:13:50,auth,/login,160,200
2025-11-02 06:14:00,notifications,/items,362,200
2025-11-02 06:14:10,payments,/send-email,270,200
2025-11-02 06:14:20,payments,/details,269,200
2025-11-02 06:14:30,payments,/login,359,200
2025-11-02 06:14:40,auth,/send-email,368,200
2025-11-02 06:14:50,orders,/checkout,275,200
2025-11-02 06:15:00,catalog,/details,210,200
2025-11-02 06:15:10,catalog,/items,227,200
2025-11-02 06:15:20,notifications,/details,275,200
2025-11-02 06:15:30,notifications,/checkout,248,200
2025-11-02 06:15:40,payments,/login,296,200
2025-11-02 06:15:50,notifications,/items,304,200
2025-11-02 06:16:00,catalog,/login,174,200
2025-11-02 06:16:10,payments,/send-email,87,200
2025-11-02 06:16:20,orders,/send-email,2155,200
2025-11-02 06:16:30,orders,/checkout,143,200
2025-11-02 06:16:40,catalog,/checkout,326,200
2025-11-02 06:16:50,payments,/details,393,500
2025-11-02 06:17:00,orders,/login,287,200
2025-11-02 06:17:10,notifications,/send-email,177,200
2025-11-02 06:17:20,catalog,/items,72,200
2025-11-02 06:17:30,payments,/login,194,200
2025-11-02 06:17:40,auth,/send-email,107,200
2025-11-02 06:17:50,catalog,/send-email,239,200
2025-11-02 06:18:00,payments,/items,303,200
2025-11-02 06:18:10,orders,/items,225,200
2025-11-02 06:18:20,auth,/checkout,254,200
2025-11-02 06:18:30,catalog,/login,260,200
2025-11-02 06:18:40,orders,/checkout,256,200
2025-11-02 06:18:50,notifications,/items,369,200
2025-11-02 06:19:00,payments,/checkout,276,500
2025-11-02 06:19:10,auth,/details,130,200
2025-11-02 06:19:20,payments,/items,385,200
2025-11-02 06:19:30,notifications,/details,356,200
2025-11-02 06:19:40,payments,/login,172,500
2025-11-02 06:19:50,payments,/send-email,181,200
2025-11-02 06:20:00,catalog,/checkout,300,200
2025-11-02 06:20:10,notifications,/details,255,200
2025-11-02 06:20:20,payments,/details,232,200
2025-11-02 06:20:30,auth,/checkout,136,200
2025-11-02 06:20:40,auth,/checkout,266,200
2025-11-02 06:20:50,notifications,/checkout,310,200
2025-11-02 06:21:00,notifications,/items,92,200
2025-11-02 06:21:10,auth,/login,297,200
2025-11-02 06:21:20,catalog,/login,308,200
2025-11-02 06:21:30,payments,/items,136,200
2025-11-02 06:21:40,orders,/login,79,200
2025-11-02 06:21:50,notifications,/send-email,229,200
2025-11-02 06:22:00,orders,/checkout,242,200
2025-11-02 06:22:10,catalog,/details,306,200
2025-11-02 06:22:20,payments,/send-email,290,200
2025-11-02 06:22:30,auth,/details,31,200
2025-11-02 06:22:40,notifications,/details,219,200
2025-11-02 06:22:50,payments,/checkout,264,200
2025-11-02 06:23:00,orders,/login,235,200
2025-11-02 06:23:10,catalog,/checkout,307,200
2025-11-02 06:23:20,catalog,/login,196,200
2025-11-02 06:23:30,auth,/send-email,298,200
2025-11-02 06:23:40,auth,/login,236,200
2025-11-02 06:23:50,payments,/details,116,200
2025-11-02 06:24:00,payments,/send-email,321,200
2025-11-02 06:24:10,notifications,/send-email,415,200
2025-11-02 06:24:20,payments,/items,385,200
2025-11-02 06:24:30,orders,/login,149,200
2025-11-02 06:24:40,auth,/checkout,221,200
2025-11-02 06:24:50,catalog,/details,228,200
2025-11-02 06:25:00,auth,/checkout,229,200
2025-11-02 06:25:10,notifications,/checkout,236,200
2025-11-02 06:25:20,orders,/checkout,195,200
2025-11-02 06:25:30,notifications,/checkout,231,200
2025-11-02 06:25:40,orders,/login,366,200
2025-11-02 06:25:50,notifications,/send-email,296,200
2025-11-02 06:26:00,notifications,/checkout,192,200
2025-11-02 06:26:10,auth,/items,209,200
2025-11-02 06:26:20,catalog,/login,256,200
2025-11-02 06:26:30,catalog,/checkout,344,200
2025-11-02 06:26:40,auth,/login,321,200
2025-11-02 06:26:50,payments,/checkout,325,200
2025-11-02 06:27:00,orders,/details,324,200
2025-11-02 06:27:10,notifications,/checkout,258,200
2025-11-02 06:27:20,auth,/items,235,200
2025-11-02 06:27:30,payments,/send-email,310,200
2025-11-02 06:27:40,catalog,/checkout,395,200
2025-11-02 06:27:50,payments,/send-email,183,200
2025-11-02 06:28:00,payments,/items,318,200
2025-11-02 06:28:10,orders,/login,261,200
2025-11-02 06:28:20,catalog,/details,294,200
2025-11-02 06:28:30,payments,/items,309,200
2025-11-02 06:28:40,payments,/items,246,200
2025-11-02 06:28:50,auth,/send-email,332,200
2025-11-02 06:29:00,auth,/login,90,200
2025-11-02 06:29:10,notifications,/send-email,227,200
2025-11-02 06:29:20,payments,/items,72,200
2025-11-02 06:29:30,orders,/login,234,200
2025-11-02 06:29:40,auth,/send-email,194,200
2025-11-02 06:29:50,notifications,/checkout,171,200
2025-11-02 06:30:00,notifications,/details,175,200
2025-11-02 06:30:10,notifications,/items,187,200
2025-11-02 06:30:20,notifications,/send-email,307,200
2025-11-02 06:30:30,notifications,/details,326,200
2025-11-02 06:30:40,notifications,/items,321,200
2025-11-02 06:30:50,orders,/login,226,200
2025-11-02 06:31:00,catalog,/checkout,199,200
2025-11-02 06:31:10,orders,/items,270,200
2025-11-02 06:31:20,orders,/items,245,200
2025-11-02 06:31:30,auth,/checkout,207,200
2025-11-02 06:31:40,orders,/details,269,200
2025-11-02 06:31:50,catalog,/checkout,217,200
2025-11-02 06:32:00,payments,/checkout,262,200
2025-11-02 06:32:10,auth,/details,342,200
2025-11-02 06:32:20,orders,/login,134,200
2025-11-02 06:32:30,orders,/login,152,200
2025-11-02 06:32:40,notifications,/items,226,200
2025-11-02 06:32:50,notifications,/details,241,200
2025-11-02 06:33:00,catalog,/items,163,200
2025-11-02 06:33:10,catalog,/send-email,214,200
2025-11-02 06:33:20,auth,/details,185,200
2025-11-02 06:33:30,orders,/login,239,200
2025-11-02 06:33:40,auth,/details,105,200
2025-11-02 06:33:50,auth,/login,400,200
2025-11-02 06:34:00,auth,/items,279,200
2025-11-02 06:34:10,notifications,/items,248,200
2025-11-02 06:34:20,auth,/checkout,107,200
2025-11-02 06:34:30,orders,/items,185,200
2025-11-02 06:34:40,notifications,/items,294,200
2025-11-02 06:34:50,catalog,/items,139,200
2025-11-02 06:35:00,notifications,/details,131,200
2025-11-02 06:35:10,orders,/items,138,200
2025-11-02 06:35:20,catalog,/checkout,260,200
2025-11-02 06:35:30,auth,/send-email,234,200
2025-11-02 06:35:40,catalog,/items,233,200
2025-11-02 06:35:50,payments,/checkout,296,200
2025-11-02 06:36:00,payments,/send-email,184,200
2025-11-02 06:36:10,notifications,/details,284,200
2025-11-02 06:36:20,orders,/checkout,90,200
2025-11-02 06:36:30,catalog,/details,345,200
2025-11-02 06:36:40,payments,/send-email,357,200
2025-11-02 06:36:50,notifications,/checkout,242,200
2025-11-02 06:37:00,payments,/details,1565,200
2025-11-02 06:37:10,orders,/send-email,368,200
2025-11-02 06:37:20,auth,/login,248,200
2025-11-02 06:37:30,catalog,/login,133,200
2025-11-02 06:37:40,auth,/send-email,255,200
2025-11-02 06:37:50,auth,/send-email,323,200
2025-11-02 06:38:00,payments,/login,263,200
2025-11-02 06:38:10,auth,/details,316,200
2025-11-02 06:38:20,catalog,/checkout,224,200
2025-11-02 06:38:30,catalog,/details,300,200
2025-11-02 06:38:40,orders,/details,340,200
2025-11-02 06:38:50,auth,/checkout,248,200
2025-11-02 06:39:00,payments,/login,285,200
2025-11-02 06:39:10,payments,/send-email,317,200
2025-11-02 06:39:20,notifications,/login,112,200
2025-11-02 06:39:30,catalog,/login,149,200
2025-11-02 06:39:40,catalog,/send-email,270,200
2025-11-02 06:39:50,catalog,/checkout,311,200
2025-11-02 06:40:00,catalog,/items,229,200
2025-11-02 06:40:10,auth,/details,379,200
2025-11-02 06:40:20,payments,/login,324,200
2025-11-02 06:40:30,payments,/send-email,229,200
2025-11-02 06:40:40,orders,/items,326,200
2025-11-02 06:40:50,notifications,/checkout,263,200
2025-11-02 06:41:00,payments,/items,321,200
2025-11-02 06:41:10,orders,/login,261,200
2025-11-02 06:41:20,notifications,/items,272,200
2025-11-02 06:41:30,catalog,/send-email,184,200
2025-11-02 06:41:40,payments,/checkout,242,200
2025-11-02 06:41:50,payments,/send-email,81,200
2025-11-02 06:42:00,orders,/checkout,42,200
2025-11-02 06:42:10,catalog,/login,344,200
2025-11-02 06:42:20,orders,/login,199,200
2025-11-02 06:42:30,catalog,/send-email,262,200
2025-11-02 06:42:40,catalog,/details,250,200
2025-11-02 06:42:50,auth,/items,206,200
2025-11-02 06:43:00,auth,/checkout,301,200
2025-11-02 06:43:10,catalog,/login,148,200
2025-11-02 06:43:20,orders,/send-email,115,200
2025-11-02 06:43:30,orders,/login,755,200
2025-11-02 06:43:40,payments,/checkout,344,200
2025-11-02 06:43:50,orders,/send-email,247,200
2025-11-02 06:44:00,auth,/items,58,200
2025-11-02 06:44:10,auth,/send-email,170,200
2025-11-02 06:44:20,catalog,/details,412,200
2025-11-02 06:44:30,payments,/login,260,200
2025-11-02 06:44:40,auth,/checkout,209,200
2025-11-02 06:44:50,payments,/items,439,200
2025-11-02 06:45:00,payments,/details,970,200
2025-11-02 06:45:10,notifications,/items,199,200
2025-11-02 06:45:20,payments,/checkout,320,200
2025-11-02 06:45:30,payments,/send-email,183,200
2025-11-02 06:45:40,orders,/details,29,200
2025-11-02 06:45:50,catalog,/login,367,200
2025-11-02 06:46:00,notifications,/items,273,200
2025-11-02 06:46:10,auth,/items,320,200
2025-11-02 06:46:20,orders,/details,241,200
2025-11-02 06:46:30,auth,/checkout,183,200
2025-11-02 06:46:40,catalog,/details,321,200
2025-11-02 06:46:50,catalog,/items,338,200
2025-11-02 06:47:00,catalog,/send-email,221,200
2025-11-02 06:47:10,catalog,/send-email,186,200
2025-11-02 06:47:20,orders,/send-email,207,200
2025-11-02 06:47:30,orders,/details,296,200
2025-11-02 06:47:40,payments,/items,255,200
2025-11-02 06:47:50,notifications,/details,270,200
2025-11-02 06:48:00,orders,/login,299,200
2025-11-02 06:48:10,catalog,/checkout,344,200
2025-11-02 06:48:20,catalog,/checkout,383,200
2025-11-02 06:48:30,notifications,/items,189,200
2025-11-02 06:48:40,payments,/login,193,200
2025-11-02 06:48:50,payments,/items,273,200
2025-11-02 06:49:00,payments,/details,270,200
2025-11-02 06:49:10,auth,/details,270,200
2025-11-02 06:49:20,catalog,/login,361,200
2025-11-02 06:49:30,catalog,/details,202,200
2025-11-02 06:49:40,notifications,/send-email,280,200
2025-11-02 06:49:50,payments,/checkout,170,200
2025-11-02 06:50:00,notifications,/send-email,243,200
2025-11-02 06:50:10,catalog,/items,1005,200
2025-11-02 06:50:20,catalog,/checkout,170,200
2025-11-02 06:50:30,catalog,/checkout,191,200
2025-11-02 06:50:40,auth,/details,290,200
2025-11-02 06:50:50,auth,/send-email,158,200
2025-11-02 06:51:00,payments,/items,82,200
2025-11-02 06:51:10,catalog,/items,280,200
2025-11-02 06:51:20,payments,/login,291,200
2025-11-02 06:51:30,auth,/details,286,200
2025-11-02 06:51:40,payments,/details,226,200
2025-11-02 06:51:50,catalog,/login,161,500
2025-11-02 06:52:00,auth,/items,197,200
2025-11-02 06:52:10,orders,/items,197,200
2025-11-02 06:52:20,orders,/login,213,500
2025-11-02 06:52:30,notifications,/items,220,200
2025-11-02 06:52:40,orders,/send-email,359,200
2025-11-02 06:52:50,orders,/checkout,279,200
2025-11-02 06:53:00,auth,/send-email,369,200
2025-11-02 06:53:10,catalog,/items,177,200
2025-11-02 06:53:20,payments,/send-email,274,200
2025-11-02 06:53:30,payments,/send-email,349,200
2025-11-02 06:53:40,notifications,/send-email,421,200
2025-11-02 06:53:50,payments,/login,388,200
2025-11-02 06:54:00,catalog,/send-email,228,200
2025-11-02 06:54:10,auth,/login,196,200
2025-11-02 06:54:20,orders,/checkout,250,200
2025-11-02 06:54:30,auth,/checkout,356,200
2025-11-02 06:54:40,payments,/login,315,200
2025-11-02 06:54:50,catalog,/details,248,200
2025-11-02 06:55:00,orders,/checkout,338,200
2025-11-02 06:55:10,payments,/details,273,200
2025-11-02 06:55:20,catalog,/details,237,200
2025-11-02 06:55:30,orders,/send-email,154,200
2025-11-02 06:55:40,catalog,/details,266,200
2025-11-02 06:55:50,payments,/items,288,200
2025-11-02 06:56:00,notifications,/checkout,196,200
2025-11-02 06:56:10,orders,/send-email,386,200
2025-11-02 06:56:20,orders,/items,183,200
2025-11-02 06:56:30,catalog,/items,417,200
2025-11-02 06:56:40,catalog,/items,125,200
2025-11-02 06:56:50,notifications,/details,302,200
2025-11-02 06:57:00,catalog,/login,217,200
2025-11-02 06:57:10,notifications,/details,174,200
2025-11-02 06:57:20,catalog,/checkout,351,200
2025-11-02 06:57:30,catalog,/items,253,200
2025-11-02 06:57:40,notifications,/details,167,200
2025-11-02 06:57:50,payments,/items,354,200
2025-11-02 06:58:00,catalog,/send-email,213,200
2025-11-02 06:58:10,auth,/login,260,200
2025-11-02 06:58:20,auth,/login,323,200
2025-11-02 06:58:30,auth,/items,139,200
2025-11-02 06:58:40,catalog,/details,187,200
2025-11-02 06:58:50,notifications,/send-email,417,200
2025-11-02 06:59:00,catalog,/login,297,200
2025-11-02 06:59:10,orders,/login,281,200
2025-11-02 06:59:20,catalog,/login,246,200
2025-11-02 06:59:30,auth,/details,245,200
2025-11-02 06:59:40,orders,/details,242,200
2025-11-02 06:59:50,catalog,/items,192,200
2025-11-02 07:00:00,payments,/login,224,200
2025-11-02 07:00:10,auth,/items,219,200
2025-11-02 07:00:20,catalog,/checkout,311,200
2025-11-02 07:00:30,orders,/send-email,266,200
2025-11-02 07:00:40,payments,/send-email,244,200
2025-11-02 07:00:50,notifications,/details,319,200
2025-11-02 07:01:00,notifications,/checkout,269,200
2025-11-02 07:01:10,catalog,/details,300,200
2025-11-02 07:01:20,orders,/login,71,200
2025-11-02 07:01:30,catalog,/login,102,200
2025-11-02 07:01:40,catalog,/send-email,280,200
2025-11-02 07:01:50,catalog,/details,270,200
2025-11-02 07:02:00,orders,/checkout,188,200
2025-11-02 07:02:10,orders,/details,425,200
2025-11-02 07:02:20,orders,/details,190,200
2025-11-02 07:02:30,payments,/checkout,286,200
2025-11-02 07:02:40,auth,/send-email,322,200
2025-11-02 07:02:50,notifications,/checkout,281,200
2025-11-02 07:03:00,catalog,/items,325,200
2025-11-02 07:03:10,orders,/checkout,170,200
2025-11-02 07:03:20,payments,/items,314,200
2025-11-02 07:03:30,notifications,/login,260,200
2025-11-02 07:03:40,notifications,/details,270,200
2025-11-02 07:03:50,auth,/send-email,234,200
2025-11-02 07:04:00,payments,/items,297,200
2025-11-02 07:04:10,catalog,/login,144,200
2025-11-02 07:04:20,notifications,/send-email,248,200
2025-11-02 07:04:30,notifications,/checkout,316,200
2025-11-02 07:04:40,auth,/login,200,200
2025-11-02 07:04:50,payments,/details,254,200
2025-11-02 07:05:00,payments,/send-email,127,200
2025-11-02 07:05:10,notifications,/details,308,200
2025-11-02 07:05:20,catalog,/send-email,167,200
2025-11-02 07:05:30,payments,/details,158,200
2025-11-02 07:05:40,catalog,/login,142,200
2025-11-02 07:05:50,auth,/send-email,250,200
2025-11-02 07:06:00,notifications,/details,351,200
2025-11-02 07:06:10,catalog,/details,212,200
2025-11-02 07:06:20,notifications,/checkout,343,200
2025-11-02 07:06:30,payments,/details,217,200
2025-11-02 07:06:40,orders,/checkout,303,200
2025-11-02 07:06:50,notifications,/details,179,200
2025-11-02 07:07:00,notifications,/send-email,157,200
2025-11-02 07:07:10,notifications,/details,357,200
2025-11-02 07:07:20,orders,/send-email,249,200
2025-11-02 07:07:30,auth,/send-email,440,200
2025-11-02 07:07:40,orders,/send-email,231,500
2025-11-02 07:07:50,orders,/details,229,200
2025-11-02 07:08:00,payments,/details,359,200
2025-11-02 07:08:10,payments,/send-email,380,200
2025-11-02 07:08:20,orders,/checkout,255,200
2025-11-02 07:08:30,auth,/details,274,200
2025-11-02 07:08:40,payments,/login,289,200
2025-11-02 07:08:50,orders,/items,228,200
2025-11-02 07:09:00,auth,/checkout,199,200
2025-11-02 07:09:10,notifications,/send-email,194,200
2025-11-02 07:09:20,auth,/items,177,200
2025-11-02 07:09:30,payments,/items,338,200
2025-11-02 07:09:40,auth,/checkout,191,200
2025-11-02 07:09:50,payments,/login,124,200
2025-11-02 07:10:00,auth,/checkout,132,200
2025-11-02 07:10:10,notifications,/details,319,200
2025-11-02 07:10:20,orders,/login,113,200
2025-11-02 07:10:30,catalog,/items,324,200
2025-11-02 07:10:40,payments,/login,106,200
2025-11-02 07:10:50,catalog,/send-email,322,200
2025-11-02 07:11:00,notifications,/send-email,179,200
2025-11-02 07:11:10,orders,/checkout,246,200
2025-11-02 07:11:20,catalog,/details,310,200
2025-11-02 07:11:30,notifications,/items,795,200
2025-11-02 07:11:40,auth,/send-email,244,200
2025-11-02 07:11:50,auth,/checkout,338,200
2025-11-02 07:12:00,payments,/checkout,660,200
2025-11-02 07:12:10,auth,/checkout,192,200
2025-11-02 07:12:20,orders,/send-email,200,200
2025-11-02 07:12:30,orders,/details,222,200
2025-11-02 07:12:40,orders,/login,307,200
2025-11-02 07:12:50,catalog,/items,264,200
2025-11-02 07:13:00,auth,/login,285,200
2025-11-02 07:13:10,notifications,/login,337,200
2025-11-02 07:13:20,auth,/send-email,223,200
2025-11-02 07:13:30,auth,/details,254,200
2025-11-02 07:13:40,notifications,/login,342,200
2025-11-02 07:13:50,notifications,/send-email,205,200
2025-11-02 07:14:00,payments,/send-email,233,200
2025-11-02 07:14:10,catalog,/login,332,200
2025-11-02 07:14:20,payments,/checkout,201,200
2025-11-02 07:14:30,auth,/send-email,262,200
2025-11-02 07:14:40,notifications,/send-email,271,200
2025-11-02 07:14:50,orders,/checkout,333,200
2025-11-02 07:15:00,auth,/items,291,200
2025-11-02 07:15:10,payments,/send-email,219,200
2025-11-02 07:15:20,orders,/checkout,223,200
2025-11-02 07:15:30,notifications,/login,249,200
2025-11-02 07:15:40,notifications,/login,260,200
2025-11-02 07:15:50,notifications,/items,121,200
2025-11-02 07:16:00,auth,/login,234,200
2025-11-02 07:16:10,orders,/checkout,145,200
2025-11-02 07:16:20,auth,/details,395,200
2025-11-02 07:16:30,orders,/checkout,124,200
2025-11-02 07:16:40,catalog,/items,286,200
2025-11-02 07:16:50,orders,/send-email,180,200
2025-11-02 07:17:00,notifications,/items,276,200
2025-11-02 07:17:10,notifications,/details,403,200
2025-11-02 07:17:20,payments,/send-email,215,200
2025-11-02 07:17:30,payments,/details,344,200
2025-11-02 07:17:40,notifications,/details,208,200
2025-11-02 07:17:50,notifications,/items,331,200
2025-11-02 07:18:00,auth,/items,290,200
2025-11-02 07:18:10,notifications,/checkout,180,200
2025-11-02 07:18:20,catalog,/login,219,200
2025-11-02 07:18:30,auth,/login,184,200
2025-11-02 07:18:40,orders,/items,239,200
2025-11-02 07:18:50,notifications,/items,320,200
2025-11-02 07:19:00,notifications,/login,289,200
2025-11-02 07:19:10,payments,/send-email,389,200
2025-11-02 07:19:20,orders,/details,65,200
2025-11-02 07:19:30,payments,/checkout,246,200
2025-11-02 07:19:40,payments,/login,168,200
2025-11-02 07:19:50,payments,/items,187,200
2025-11-02 07:20:00,notifications,/items,293,200
2025-11-02 07:20:10,auth,/details,268,200
2025-11-02 07:20:20,catalog,/checkout,315,200
2025-11-02 07:20:30,auth,/login,222,200
2025-11-02 07:20:40,auth,/checkout,252,200
2025-11-02 07:20:50,catalog,/login,203,200
2025-11-02 07:21:00,notifications,/items,129,200
2025-11-02 07:21:10,payments,/details,319,200
2025-11-02 07:21:20,notifications,/items,230,200
2025-11-02 07:21:30,notifications,/items,176,200
2025-11-02 07:21:40,notifications,/details,161,200
2025-11-02 07:21:50,payments,/checkout,181,200
2025-11-02 07:22:00,notifications,/login,87,200
2025-11-02 07:22:10,notifications,/items,287,200
2025-11-02 07:22:20,auth,/send-email,344,200
2025-11-02 07:22:30,orders,/send-email,316,200
2025-11-02 07:22:40,payments,/items,258,200
2025-11-02 07:22:50,payments,/items,95,200
2025-11-02 07:23:00,notifications,/details,301,200
2025-11-02 07:23:10,catalog,/checkout,182,200
2025-11-02 07:23:20,auth,/send-email,205,200
2025-11-02 07:23:30,orders,/checkout,110,200
2025-11-02 07:23:40,notifications,/login,188,200
2025-11-02 07:23:50,notifications,/details,368,200
2025-11-02 07:24:00,orders,/checkout,361,200
2025-11-02 07:24:10,catalog,/checkout,349,200
2025-11-02 07:24:20,catalog,/login,254,200
2025-11-02 07:24:30,auth,/send-email,285,200
2025-11-02 07:24:40,auth,/checkout,312,200
2025-11-02 07:24:50,notifications,/login,365,500
2025-11-02 07:25:00,auth,/send-email,397,200
2025-11-02 07:25:10,catalog,/checkout,216,200
2025-11-02 07:25:20,orders,/login,327,200
2025-11-02 07:25:30,catalog,/details,225,200
2025-11-02 07:25:40,notifications,/login,172,200
2025-11-02 07:25:50,auth,/items,255,200
2025-11-02 07:26:00,notifications,/login,225,200
2025-11-02 07:26:10,payments,/details,336,200
2025-11-02 07:26:20,notifications,/login,143,200
2025-11-02 07:26:30,catalog,/checkout,294,200
2025-11-02 07:26:40,catalog,/items,252,200
2025-11-02 07:26:50,auth,/login,520,200
2025-11-02 07:27:00,notifications,/details,172,200
2025-11-02 07:27:10,payments,/checkout,274,200
2025-11-02 07:27:20,orders,/items,362,200
2025-11-02 07:27:30,orders,/items,295,200
2025-11-02 07:27:40,notifications,/details,309,200
2025-11-02 07:27:50,catalog,/items,284,200
2025-11-02 07:28:00,catalog,/send-email,193,200
2025-11-02 07:28:10,payments,/checkout,350,200
2025-11-02 07:28:20,notifications,/send-email,302,200
2025-11-02 07:28:30,catalog,/send-email,350,200
2025-11-02 07:28:40,orders,/checkout,90,200
2025-11-02 07:28:50,auth,/login,106,200
2025-11-02 07:29:00,orders,/send-email,140,200
2025-11-02 07:29:10,orders,/details,181,200
2025-11-02 07:29:20,auth,/login,226,200
2025-11-02 07:29:30,orders,/details,341,200
2025-11-02 07:29:40,notifications,/details,260,200
2025-11-02 07:29:50,orders,/login,176,200
2025-11-02 07:30:00,payments,/checkout,181,200
2025-11-02 07:30:10,auth,/checkout,117,200
2025-11-02 07:30:20,orders,/login,400,200
2025-11-02 07:30:30,catalog,/items,234,200
2025-11-02 07:30:40,orders,/login,273,200
2025-11-02 07:30:50,payments,/send-email,225,200
2025-11-02 07:31:00,catalog,/login,223,200
2025-11-02 07:31:10,payments,/checkout,287,200
2025-11-02 07:31:20,catalog,/items,149,500
2025-11-02 07:31:30,orders,/login,199,200
2025-11-02 07:31:40,orders,/send-email,278,200
2025-11-02 07:31:50,catalog,/send-email,260,200
2025-11-02 07:32:00,payments,/checkout,116,200
2025-11-02 07:32:10,orders,/checkout,356,200
2025-11-02 07:32:20,auth,/items,417,200
2025-11-02 07:32:30,catalog,/checkout,60,200
2025-11-02 07:32:40,catalog,/send-email,239,200
2025-11-02 07:32:50,catalog,/send-email,287,200
2025-11-02 07:33:00,notifications,/items,349,200
2025-11-02 07:33:10,auth,/items,151,200
2025-11-02 07:33:20,orders,/checkout,214,200
2025-11-02 07:33:30,auth,/checkout,215,200
2025-11-02 07:33:40,payments,/items,284,200
2025-11-02 07:33:50,catalog,/send-email,204,200
2025-11-02 07:34:00,orders,/checkout,303,200
2025-11-02 07:34:10,payments,/login,317,200
2025-11-02 07:34:20,catalog,/login,191,200
2025-11-02 07:34:30,notifications,/checkout,272,200
2025-11-02 07:34:40,notifications,/items,260,200
2025-11-02 07:34:50,orders,/details,198,200
2025-11-02 07:35:00,auth,/send-email,349,200
2025-11-02 07:35:10,notifications,/login,197,200
2025-11-02 07:35:20,auth,/login,240,200
2025-11-02 07:35:30,auth,/login,223,200
2025-11-02 07:35:40,notifications,/details,120,200
2025-11-02 07:35:50,catalog,/send-email,202,200
2025-11-02 07:36:00,catalog,/login,324,200
2025-11-02 07:36:10,catalog,/details,199,200
2025-11-02 07:36:20,notifications,/login,225,200
2025-11-02 07:36:30,catalog,/checkout,324,200
2025-11-02 07:36:40,auth,/details,233,200
2025-11-02 07:36:50,payments,/details,208,200
2025-11-02 07:37:00,catalog,/details,298,200
2025-11-02 07:37:10,payments,/checkout,172,200
2025-11-02 07:37:20,notifications,/checkout,116,200
2025-11-02 07:37:30,auth,/items,313,200
2025-11-02 07:37:40,payments,/details,213,200
2025-11-02 07:37:50,payments,/items,223,200
2025-11-02 07:38:00,notifications,/login,237,200
2025-11-02 07:38:10,orders,/details,376,200
2025-11-02 07:38:20,catalog,/send-email,380,200
2025-11-02 07:38:30,orders,/login,183,200
2025-11-02 07:38:40,catalog,/login,111,200
2025-11-02 07:38:50,catalog,/details,139,200
2025-11-02 07:39:00,orders,/checkout,232,200
2025-11-02 07:39:10,auth,/items,329,500
2025-11-02 07:39:20,orders,/items,200,200
2025-11-02 07:39:30,payments,/checkout,76,200
2025-11-02 07:39:40,catalog,/details,160,200
2025-11-02 07:39:50,auth,/login,1670,200
2025-11-02 07:40:00,notifications,/send-email,228,200
2025-11-02 07:40:10,auth,/login,266,200
2025-11-02 07:40:20,auth,/items,376,200
2025-11-02 07:40:30,payments,/send-email,204,200
2025-11-02 07:40:40,catalog,/send-email,365,200
2025-11-02 07:40:50,orders,/checkout,365,200
2025-11-02 07:41:00,payments,/send-email,259,200
2025-11-02 07:41:10,payments,/send-email,172,200
2025-11-02 07:41:20,orders,/details,1180,200
2025-11-02 07:41:30,payments,/details,201,200
2025-11-02 07:41:40,orders,/send-email,212,500
2025-11-02 07:41:50,payments,/items,345,200
2025-11-02 07:42:00,catalog,/checkout,305,200
2025-11-02 07:42:10,catalog,/checkout,275,200
2025-11-02 07:42:20,orders,/checkout,695,200
2025-11-02 07:42:30,auth,/details,1320,200
2025-11-02 07:42:40,orders,/login,131,200
2025-11-02 07:42:50,auth,/login,266,200
2025-11-02 07:43:00,payments,/details,248,200
2025-11-02 07:43:10,payments,/login,210,200
2025-11-02 07:43:20,catalog,/checkout,244,200
2025-11-02 07:43:30,notifications,/send-email,222,200
2025-11-02 07:43:40,payments,/checkout,263,200
2025-11-02 07:43:50,orders,/send-email,218,200
2025-11-02 07:44:00,catalog,/checkout,180,200
2025-11-02 07:44:10,catalog,/details,208,200
2025-11-02 07:44:20,notifications,/send-email,186,200
2025-11-02 07:44:30,orders,/login,150,200
2025-11-02 07:44:40,notifications,/login,305,200
2025-11-02 07:44:50,notifications,/details,404,200
2025-11-02 07:45:00,orders,/checkout,128,200
2025-11-02 07:45:10,auth,/checkout,222,200
2025-11-02 07:45:20,orders,/checkout,378,500
2025-11-02 07:45:30,orders,/items,223,200
2025-11-02 07:45:40,catalog,/details,184,200
2025-11-02 07:45:50,payments,/items,389,200
2025-11-02 07:46:00,catalog,/login,249,200
2025-11-02 07:46:10,orders,/login,171,200
2025-11-02 07:46:20,catalog,/login,263,500
2025-11-02 07:46:30,payments,/send-email,244,200
2025-11-02 07:46:40,catalog,/details,57,200
2025-11-02 07:46:50,auth,/details,410,200
2025-11-02 07:47:00,orders,/login,289,200
2025-11-02 07:47:10,notifications,/details,322,200
2025-11-02 07:47:20,notifications,/send-email,265,200
2025-11-02 07:47:30,notifications,/send-email,208,200
2025-11-02 07:47:40,auth,/details,258,200
2025-11-02 07:47:50,auth,/details,468,200
2025-11-02 07:48:00,orders,/checkout,310,200
2025-11-02 07:48:10,orders,/checkout,301,200
2025-11-02 07:48:20,auth,/send-email,312,200
2025-11-02 07:48:30,notifications,/login,103,200
2025-11-02 07:48:40,notifications,/items,326,200
2025-11-02 07:48:50,auth,/details,212,200
2025-11-02 07:49:00,catalog,/checkout,222,200
2025-11-02 07:49:10,auth,/details,254,200
2025-11-02 07:49:20,notifications,/checkout,301,200
2025-11-02 07:49:30,orders,/checkout,233,200
2025-11-02 07:49:40,auth,/login,304,200
2025-11-02 07:49:50,notifications,/details,153,200
2025-11-02 07:50:00,catalog,/send-email,415,200
2025-11-02 07:50:10,auth,/send-email,253,200
2025-11-02 07:50:20,auth,/checkout,231,200
2025-11-02 07:50:30,orders,/login,391,200
2025-11-02 07:50:40,auth,/send-email,278,200
2025-11-02 07:50:50,notifications,/send-email,220,200
2025-11-02 07:51:00,payments,/send-email,193,200
2025-11-02 07:51:10,payments,/send-email,264,200
2025-11-02 07:51:20,auth,/send-email,275,200
2025-11-02 07:51:30,auth,/checkout,198,200
2025-11-02 07:51:40,orders,/items,164,200
2025-11-02 07:51:50,notifications,/checkout,233,200
2025-11-02 07:52:00,catalog,/items,180,200
2025-11-02 07:52:10,auth,/login,257,200
2025-11-02 07:52:20,payments,/login,334,200
2025-11-02 07:52:30,payments,/details,233,200
2025-11-02 07:52:40,orders,/details,1215,200
2025-11-02 07:52:50,orders,/send-email,300,200
2025-11-02 07:53:00,catalog,/checkout,109,200
2025-11-02 07:53:10,catalog,/send-email,175,200
2025-11-02 07:53:20,auth,/login,241,200
2025-11-02 07:53:30,auth,/items,152,200
2025-11-02 07:53:40,auth,/details,215,200
2025-11-02 07:53:50,catalog,/details,275,200
2025-11-02 07:54:00,auth,/login,205,200
2025-11-02 07:54:10,payments,/send-email,310,200
2025-11-02 07:54:20,notifications,/checkout,289,200
2025-11-02 07:54:30,auth,/send-email,290,200
2025-11-02 07:54:40,orders,/details,268,200
2025-11-02 07:54:50,orders,/items,356,200
2025-11-02 07:55:00,payments,/checkout,241,200
2025-11-02 07:55:10,catalog,/details,245,200
2025-11-02 07:55:20,auth,/checkout,110,200
2025-11-02 07:55:30,notifications,/details,342,200
2025-11-02 07:55:40,notifications,/items,468,200
2025-11-02 07:55:50,orders,/checkout,227,200
2025-11-02 07:56:00,auth,/login,336,200
2025-11-02 07:56:10,auth,/items,252,200
2025-11-02 07:56:20,notifications,/items,231,200
2025-11-02 07:56:30,payments,/details,259,200
2025-11-02 07:56:40,orders,/send-email,290,200
2025-11-02 07:56:50,notifications,/send-email,218,200
2025-11-02 07:57:00,orders,/checkout,263,200
2025-11-02 07:57:10,notifications,/login,191,200
2025-11-02 07:57:20,catalog,/checkout,277,200
2025-11-02 07:57:30,auth,/send-email,230,200
2025-11-02 07:57:40,auth,/items,197,200
2025-11-02 07:57:50,orders,/login,213,200
2025-11-02 07:58:00,catalog,/login,447,200
2025-11-02 07:58:10,notifications,/send-email,333,200
2025-11-02 07:58:20,catalog,/checkout,319,200
2025-11-02 07:58:30,notifications,/send-email,225,200
2025-11-02 07:58:40,orders,/login,353,200
2025-11-02 07:58:50,catalog,/checkout,343,200
2025-11-02 07:59:00,notifications,/items,256,200
2025-11-02 07:59:10,payments,/items,401,200
2025-11-02 07:59:20,catalog,/login,309,200
2025-11-02 07:59:30,auth,/login,344,200
2025-11-02 07:59:40,notifications,/login,262,200
2025-11-02 07:59:50,auth,/details,283,200
2025-11-02 08:00:00,auth,/checkout,199,200
2025-11-02 08:00:10,orders,/send-email,319,200
2025-11-02 08:00:20,orders,/login,331,200
2025-11-02 08:00:30,auth,/send-email,212,200
2025-11-02 08:00:40,orders,/send-email,292,200
2025-11-02 08:00:50,notifications,/login,180,200
2025-11-02 08:01:00,catalog,/details,255,200
2025-11-02 08:01:10,catalog,/login,266,200
2025-11-02 08:01:20,payments,/details,273,200
2025-11-02 08:01:30,payments,/details,358,200
2025-11-02 08:01:40,orders,/details,298,200
2025-11-02 08:01:50,orders,/items,177,200
2025-11-02 08:02:00,catalog,/checkout,203,200
2025-11-02 08:02:10,catalog,/checkout,375,200
2025-11-02 08:02:20,catalog,/login,211,200
2025-11-02 08:02:30,payments,/send-email,223,200
2025-11-02 08:02:40,payments,/login,232,200
2025-11-02 08:02:50,catalog,/details,260,200
2025-11-02 08:03:00,auth,/items,325,200
2025-11-02 08:03:10,catalog,/details,156,200
2025-11-02 08:03:20,catalog,/send-email,267,200
2025-11-02 08:03:30,payments,/send-email,319,200
2025-11-02 08:03:40,notifications,/send-email,159,200
2025-11-02 08:03:50,payments,/items,208,200
2025-11-02 08:04:00,payments,/details,184,200
2025-11-02 08:04:10,notifications,/send-email,90,200
2025-11-02 08:04:20,orders,/checkout,380,200
2025-11-02 08:04:30,catalog,/items,219,200
2025-11-02 08:04:40,payments,/checkout,97,200
2025-11-02 08:04:50,auth,/login,290,200
2025-11-02 08:05:00,catalog,/login,229,200
2025-11-02 08:05:10,payments,/checkout,183,200
2025-11-02 08:05:20,catalog,/login,272,200
2025-11-02 08:05:30,notifications,/items,216,200
2025-11-02 08:05:40,catalog,/send-email,215,200
2025-11-02 08:05:50,orders,/send-email,192,200
2025-11-02 08:06:00,auth,/send-email,338,200
2025-11-02 08:06:10,orders,/send-email,263,200
2025-11-02 08:06:20,auth,/login,227,200
2025-11-02 08:06:30,notifications,/send-email,197,200
2025-11-02 08:06:40,orders,/checkout,293,200
2025-11-02 08:06:50,auth,/details,231,200
2025-11-02 08:07:00,payments,/login,253,200
2025-11-02 08:07:10,payments,/details,113,200
2025-11-02 08:07:20,payments,/send-email,274,200
2025-11-02 08:07:30,orders,/items,302,200
2025-11-02 08:07:40,auth,/details,208,200
2025-11-02 08:07:50,orders,/details,231,200
2025-11-02 08:08:00,payments,/checkout,356,200
2025-11-02 08:08:10,auth,/send-email,289,200
2025-11-02 08:08:20,payments,/send-email,343,200
2025-11-02 08:08:30,auth,/login,311,200
2025-11-02 08:08:40,notifications,/checkout,151,200
2025-11-02 08:08:50,catalog,/login,120,200
2025-11-02 08:09:00,orders,/checkout,286,200
2025-11-02 08:09:10,auth,/login,328,500
2025-11-02 08:09:20,catalog,/send-email,285,200
2025-11-02 08:09:30,auth,/items,250,200
2025-11-02 08:09:40,catalog,/login,312,200
2025-11-02 08:09:50,catalog,/details,312,200
2025-11-02 08:10:00,auth,/details,87,200
2025-11-02 08:10:10,auth,/send-email,113,200
2025-11-02 08:10:20,orders,/login,308,200
2025-11-02 08:10:30,auth,/login,277,200
2025-11-02 08:10:40,payments,/login,330,500
2025-11-02 08:10:50,catalog,/items,149,200
2025-11-02 08:11:00,catalog,/checkout,257,200
2025-11-02 08:11:10,notifications,/details,300,200
2025-11-02 08:11:20,catalog,/send-email,206,200
2025-11-02 08:11:30,catalog,/login,147,200
2025-11-02 08:11:40,orders,/items,157,200
2025-11-02 08:11:50,auth,/checkout,214,200
2025-11-02 08:12:00,auth,/details,173,200
2025-11-02 08:12:10,catalog,/checkout,191,200
2025-11-02 08:12:20,auth,/checkout,333,200
2025-11-02 08:12:30,catalog,/items,242,200
2025-11-02 08:12:40,orders,/details,147,200
2025-11-02 08:12:50,payments,/send-email,173,200
2025-11-02 08:13:00,auth,/send-email,276,200
2025-11-02 08:13:10,catalog,/details,337,200
2025-11-02 08:13:20,catalog,/items,283,200
2025-11-02 08:13:30,catalog,/send-email,204,200
2025-11-02 08:13:40,orders,/send-email,255,200
2025-11-02 08:13:50,payments,/checkout,267,200
2025-11-02 08:14:00,orders,/items,236,200
2025-11-02 08:14:10,notifications,/send-email,231,200
2025-11-02 08:14:20,auth,/items,406,500
2025-11-02 08:14:30,notifications,/items,153,200
2025-11-02 08:14:40,catalog,/checkout,257,200
2025-11-02 08:14:50,auth,/details,173,200
2025-11-02 08:15:00,notifications,/login,195,200
2025-11-02 08:15:10,notifications,/details,214,200
2025-11-02 08:15:20,notifications,/send-email,191,200
2025-11-02 08:15:30,orders,/checkout,385,200
2025-11-02 08:15:40,orders,/items,174,200
2025-11-02 08:15:50,auth,/details,291,200
2025-11-02 08:16:00,orders,/items,305,200
2025-11-02 08:16:10,auth,/checkout,272,200
2025-11-02 08:16:20,payments,/items,313,200
2025-11-02 08:16:30,payments,/checkout,283,200
2025-11-02 08:16:40,notifications,/send-email,267,200
2025-11-02 08:16:50,notifications,/send-email,184,200
2025-11-02 08:17:00,catalog,/checkout,233,200
2025-11-02 08:17:10,auth,/items,336,200
2025-11-02 08:17:20,payments,/login,250,200
2025-11-02 08:17:30,catalog,/login,770,200
2025-11-02 08:17:40,orders,/details,286,200
2025-11-02 08:17:50,catalog,/send-email,160,200
2025-11-02 08:18:00,payments,/items,236,200
2025-11-02 08:18:10,auth,/items,355,200
2025-11-02 08:18:20,orders,/details,208,200
2025-11-02 08:18:30,catalog,/send-email,185,200
2025-11-02 08:18:40,catalog,/items,187,200
2025-11-02 08:18:50,catalog,/items,334,200
2025-11-02 08:19:00,notifications,/send-email,249,200
2025-11-02 08:19:10,auth,/send-email,301,200
2025-11-02 08:19:20,notifications,/details,336,200
2025-11-02 08:19:30,orders,/login,275,200
2025-11-02 08:19:40,catalog,/items,192,200
2025-11-02 08:19:50,orders,/login,224,200
